x,y,theta,u,v,r
1.5,5,0,0.3,0,0
1.53,5,0,0.3,0,0
1.56,5,0,0.3,0,0
1.59,5,0,0.3,0,0
1.62,5,0,0.3,0,0
1.65,5,0,0.3,0,0
1.68,5,0,0.3,0,0
1.71,5,0,0.3,0,0
1.74,5,0,0.3,0,0
1.77,5,0,0.3,0,0
1.8,5,0,0.3,0,0
1.83,5,0,0.3,0,0
1.86,5,0,0.3,0,0
1.89,5,0,0.3,0,0
1.92,5,0,0.3,0,0
1.95,5,0,0.3,0,0
1.98,5,0,0.3,0,0
2.01,5,0,0.3,0,0
2.04,5,0,0.3,0,0
2.07,5,0,0.3,0,0
2.1,5,0,0.3,0,0
2.13,5,0,0.3,0,0
2.16,5,0,0.3,0,0
2.19,5,0,0.3,0,0
2.22,5,0,0.3,0,0
2.25,5,0,0.3,0,0
2.28,5,0,0.3,0,0
2.31,5,0,0.3,0,0
2.34,5,0,0.3,0,0
2.37,5,0,0.3,0,0
2.4,5,0,0.3,0,0
2.43,5,0,0.3,0,0
2.46,5,0,0.3,0,0
2.49,5,0,0.3,0,0
2.52,5,0,0.3,0,0
2.55,5,0,0.3,0,0
2.58,5,0,0.3,0,0
2.61,5,0,0.3,0,0
2.64,5,0,0.3,0,0
2.67,5,0,0.3,0,0
2.7,5,0,0.3,0,0
2.73,5,0,0.3,0,0
2.76,5,0,0.3,0,0
2.79,5,0,0.3,0,0
2.82,5,0,0.3,0,0
2.85,5,0,0.3,0,0
2.88,5,0,0.3,0,0
2.91,5,0,0.3,0,0
2.94,5,0,0.3,0,0
2.97,5,0,0.3,0,0
3,5,0,0.3,0,0
3.03,5,0,0.3,0,0
3.06,5,0,0.3,0,0
3.09,5,0,0.3,0,0
3.12,5,0,0.3,0,0
3.15,5,0,0.3,0,0
3.18,5,0,0.3,0,0
3.21,5,0,0.3,0,0
3.24,5,0,0.3,0,0
3.27,5,0,0.3,0,0
3.3,5,0,0.3,0,0
3.33,5,0,0.3,0,0
3.36,5,0,0.3,0,0
3.39,5,0,0.3,0,0
3.42,5,0,0.3,0,0
3.45,5,0,0.3,0,0
3.48,5,0,0.3,0,0
3.51,5,0,0.3,0,0
3.54,5,0,0.3,0,0
3.57,5,0,0.3,0,0
3.6,5,0,0.3,0,0
3.63,5,0,0.3,0,0
3.66,5,0,0.3,0,0
3.69,5,0,0.3,0,0
3.72,5,0,0.3,0,0
3.75,5,0,0.3,0,0
3.78,5,0,0.3,0,0
3.81,5,0,0.3,0,0
3.84,5,0,0.3,0,0
3.87,5,0,0.3,0,0
3.9,5,0,0.3,0,0
3.93,5,0,0.3,0,0
3.96,5,0,0.3,0,0
3.99,5,0,0.3,0,0
4.02,5,0,0.3,0,0
4.05,5,0,0.3,0,0
4.08,5,0,0.3,0,0
4.11,5,0,0.3,0,0
4.14,5,0,0.3,0,0
4.17,5,0,0.3,0,0
4.2,5,0,0.3,0,0
4.23,5,0,0.3,0,0
4.26,5,0,0.3,0,0
4.29,5,0,0.3,0,0
4.32,5,0,0.3,0,0
4.35,5,0,0.3,0,0
4.38,5,0,0.3,0,0
4.41,5,0,0.3,0,0
4.44,5,0,0.3,0,0
4.47,5,0,0.3,0,0
4.5,5,0,0.3,0,0
4.53,5,0,0.3,0,0
4.56,5,0,0.3,0,0
4.59,5,0,0.3,0,0
4.62,5,0,0.3,0,0
4.65,5,0,0.3,0,0
4.68,5,0,0.3,0,0
4.71,5,0,0.3,0,0
4.74,5,0,0.3,0,0
4.77,5,0,0.3,0,0
4.8,5,0,0.3,0,0
4.83,5,0,0.3,0,0
4.86,5,0,0.3,0,0
4.89,5,0,0.3,0,0
4.92,5,0,0.3,0,0
4.95,5,0,0.3,0,0
4.98,5,0,0.3,0,0
5.01,5,0,0.3,0,0
5.04,5,0,0.3,0,0
5.07,5,0,0.3,0,0
5.1,5,0,0.3,0,0
5.13,5,0,0.3,0,0
5.16,5,0,0.3,0,0
5.19,5,0,0.3,0,0
5.22,5,0,0.3,0,0
5.25,5,0,0.3,0,0
5.28,5,0,0.3,0,0
5.31,5,0,0.3,0,0
5.34,5,0,0.3,0,0
5.37,5,0,0.3,0,0
5.4,5,0,0.3,0,0
5.43,5,0,0.3,0,0
5.46,5,0,0.3,0,0
5.49,5,0,0.3,0,0
5.52,5,0,0.3,0,0
5.55,5,0,0.3,0,0
5.58,5,0,0.3,0,0
5.61,5,0,0.3,0,0
5.64,5,0,0.3,0,0
5.67,5,0,0.3,0,0
5.7,5,0,0.3,0,0
5.73,5,0,0.3,0,0
5.76,5,0,0.3,0,0
5.79,5,0,0.3,0,0
5.82,5,0,0.3,0,0
5.85,5,0,0.3,0,0
5.88,5,0,0.3,0,0
5.91,5,0,0.3,0,0
5.94,5,0,0.3,0,0
5.97,5,0,0.3,0,0
6,5,0,0.3,0,0
6.03,5,0,0.3,0,0
6.06,5,0,0.3,0,0
6.09,5,0,0.3,0,0
6.12,5,0,0.3,0,0
6.15,5,0,0.3,0,0
6.18,5,0,0.3,0,0
6.21,5,0,0.3,0,0
6.24,5,0,0.3,0,0
6.27,5,0,0.3,0,0
6.3,5,0,0.3,0,0
6.33,5,0,0.3,0,0
6.36,5,0,0.3,0,0
6.39,5,0,0.3,0,0
6.42,5,0,0.3,0,0
6.45,5,0,0.3,0,0
6.48,5,0,0.3,0,0
6.51,5,0,0.3,0,0
6.54,5,0,0.3,0,0
6.57,5,0,0.3,0,0
6.6,5,0,0.3,0,0
6.63,5,0,0.3,0,0
6.66,5,0,0.3,0,0
6.69,5,0,0.3,0,0
6.72,5,0,0.3,0,0
6.75,5,0,0.3,0,0
6.78,5,0,0.3,0,0
6.81,5,0,0.3,0,0
6.84,5,0,0.3,0,0
6.87,5,0,0.3,0,0
6.9,5,0,0.3,0,0
6.93,5,0,0.3,0,0
6.96,5,0,0.3,0,0
6.99,5,0,0.3,0,0
7.02,5,0,0.3,0,0
7.05,5,0,0.3,0,0
7.08,5,0,0.3,0,0
7.11,5,0,0.3,0,0
7.14,5,0,0.3,0,0
7.17,5,0,0.3,0,0
7.2,5,0,0.3,0,0
7.23,5,0,0.3,0,0
7.26,5,0,0.3,0,0
7.29,5,0,0.3,0,0
7.32,5,0,0.3,0,0
7.35,5,0,0.3,0,0
7.38,5,0,0.3,0,0
7.41,5,0,0.3,0,0
7.44,5,0,0.3,0,0
7.47,5,0,0.3,0,0
7.5,5,0,0.3,0,0
7.53,5,0,0.3,0,0
7.56,5,0,0.3,0,0
7.59,5,0,0.3,0,0
7.62,5,0,0.3,0,0
7.65,5,0,0.3,0,0
7.68,5,0,0.3,0,0
7.71,5,0,0.3,0,0
7.74,5,0,0.3,0,0
7.77,5,0,0.3,0,0
7.8,5,0,0.3,0,0
7.83,5,0,0.3,0,0
7.86,5,0,0.3,0,0
7.89,5,0,0.3,0,0
7.92,5,0,0.3,0,0
7.95,5,0,0.3,0,0
7.98,5,0,0.3,0,0
8.01,5,0,0.3,0,0
8.04,5,0,0.3,0,0
8.07,5,0,0.3,0,0
8.1,5,0,0.3,0,0
8.13,5,0,0.3,0,0
8.16,5,0,0.3,0,0
8.19,5,0,0.3,0,0
8.22,5,0,0.3,0,0
8.25,5,0,0.3,0,0
8.28,5,0,0.3,0,0
8.31,5,0,0.3,0,0
8.34,5,0,0.3,0,0
8.37,5,0,0.3,0,0
8.4,5,0,0.3,0,0
8.43,5,0,0.3,0,0
8.46,5,0,0.3,0,0
8.49,5,0,0.3,0,0
8.52,5,0,0.3,0,0
8.55,5,0,0.3,0,0
8.58,5,0,0.3,0,0
8.61,5,0,0.3,0,0
8.64,5,0,0.3,0,0
8.67,5,0,0.3,0,0
8.7,5,0,0.3,0,0
8.73,5,0,0.3,0,0
8.76,5,0,0.3,0,0
8.79,5,0,0.3,0,0
8.82,5,0,0.3,0,0
8.85,5,0,0.3,0,0
8.88,5,0,0.3,0,0
8.91,5,0,0.3,0,0
8.94,5,0,0.3,0,0
8.97,5,0,0.3,0,0
9,5,0,0.3,0,0
9.03,5,0,0.3,0,0
9.06,5,0,0.3,0,0
9.09,5,0,0.3,0,0
9.12,5,0,0.3,0,0
9.15,5,0,0.3,0,0
9.18,5,0,0.3,0,0
9.21,5,0,0.3,0,0
9.24,5,0,0.3,0,0
9.27,5,0,0.3,0,0
9.3,5,0,0.3,0,0
9.33,5,0,0.3,0,0
9.36,5,0,0.3,0,0
9.39,5,0,0.3,0,0
9.42,5,0,0.3,0,0
9.45,5,0,0.3,0,0
9.48,5,0,0.3,0,0
9.529998531,4.999742863,-0.017142857,0.499955919,0.005999769,-0.171428571
9.559988246,4.998971529,-0.034285714,0.299985306,0.002571366,-0.171428571
9.589960332,4.997686224,-0.051428571,0.299985306,0.002571366,-0.171428571
9.619905981,4.995887326,-0.068571429,0.299985306,0.002571366,-0.171428571
9.649816394,4.993575363,-0.085714286,0.299985306,0.002571366,-0.171428571
9.67968278,4.990751016,-0.102857143,0.299985306,0.002571366,-0.171428571
9.709496363,4.987415113,-0.12,0.299985306,0.002571366,-0.171428571
9.739248381,4.983568635,-0.137142857,0.299985306,0.002571366,-0.171428571
9.768930091,4.979212713,-0.154285714,0.299985306,0.002571366,-0.171428571
9.79853277,4.974348626,-0.171428571,0.299985306,0.002571366,-0.171428571
9.828047719,4.968977805,-0.188571429,0.299985306,0.002571366,-0.171428571
9.857466265,4.963101827,-0.205714286,0.299985306,0.002571366,-0.171428571
9.886779762,4.956722419,-0.222857143,0.299985306,0.002571366,-0.171428571
9.915979596,4.949841456,-0.24,0.299985306,0.002571366,-0.171428571
9.945057186,4.94246096,-0.257142857,0.299985306,0.002571366,-0.171428571
9.974003987,4.9345831,-0.274285714,0.299985306,0.002571366,-0.171428571
10.00281149,4.926210191,-0.291428571,0.299985306,0.002571366,-0.171428571
10.03147124,4.917344693,-0.308571429,0.299985306,0.002571366,-0.171428571
10.0599748,4.907989212,-0.325714286,0.299985306,0.002571366,-0.171428571
10.0883138,4.898146498,-0.342857143,0.299985306,0.002571366,-0.171428571
10.11647991,4.887819441,-0.36,0.299985306,0.002571366,-0.171428571
10.14446486,4.877011079,-0.377142857,0.299985306,0.002571366,-0.171428571
10.17226041,4.865724586,-0.394285714,0.299985306,0.002571366,-0.171428571
10.19985841,4.853963279,-0.411428571,0.299985306,0.002571366,-0.171428571
10.22725075,4.841730615,-0.428571429,0.299985306,0.002571366,-0.171428571
10.25442936,4.829030189,-0.445714286,0.299985306,0.002571366,-0.171428571
10.28138627,4.815865733,-0.462857143,0.299985306,0.002571366,-0.171428571
10.30811356,4.802241115,-0.48,0.299985306,0.002571366,-0.171428571
10.33460336,4.788160339,-0.497142857,0.299985306,0.002571366,-0.171428571
10.3608479,4.773627544,-0.514285714,0.299985306,0.002571366,-0.171428571
10.38683946,4.758647,-0.531428571,0.299985306,0.002571366,-0.171428571
10.41257041,4.743223109,-0.548571429,0.299985306,0.002571366,-0.171428571
10.43803317,4.727360404,-0.565714286,0.299985306,0.002571366,-0.171428571
10.46322028,4.711063547,-0.582857143,0.299985306,0.002571366,-0.171428571
10.48812433,4.694337326,-0.6,0.299985306,0.002571366,-0.171428571
10.51273799,4.677186658,-0.617142857,0.299985306,0.002571366,-0.171428571
10.53705405,4.659616581,-0.634285714,0.299985306,0.002571366,-0.171428571
10.56106534,4.64163226,-0.651428571,0.299985306,0.002571366,-0.171428571
10.58476481,4.62323898,-0.668571429,0.299985306,0.002571366,-0.171428571
10.60814551,4.604442145,-0.685714286,0.299985306,0.002571366,-0.171428571
10.63120056,4.585247281,-0.702857143,0.299985306,0.002571366,-0.171428571
10.65392318,4.565660026,-0.72,0.299985306,0.002571366,-0.171428571
10.67630669,4.545686138,-0.737142857,0.299985306,0.002571366,-0.171428571
10.69834452,4.525331486,-0.754285714,0.299985306,0.002571366,-0.171428571
10.7200302,4.504602052,-0.771428571,0.299985306,0.002571366,-0.171428571
10.74135735,4.483503928,-0.788571429,0.299985306,0.002571366,-0.171428571
10.76231969,4.462043314,-0.805714286,0.299985306,0.002571366,-0.171428571
10.78291108,4.440226516,-0.822857143,0.299985306,0.002571366,-0.171428571
10.80312546,4.418059945,-0.84,0.299985306,0.002571366,-0.171428571
10.82295689,4.395550117,-0.857142857,0.299985306,0.002571366,-0.171428571
10.84239954,4.372703645,-0.874285714,0.299985306,0.002571366,-0.171428571
10.8614477,4.349527244,-0.891428571,0.299985306,0.002571366,-0.171428571
10.88009577,4.326027724,-0.908571429,0.299985306,0.002571366,-0.171428571
10.89833827,4.302211992,-0.925714286,0.299985306,0.002571366,-0.171428571
10.91616984,4.278087046,-0.942857143,0.299985306,0.002571366,-0.171428571
10.93358524,4.253659976,-0.96,0.299985306,0.002571366,-0.171428571
10.95057936,4.228937959,-0.977142857,0.299985306,0.002571366,-0.171428571
10.96714719,4.203928262,-0.994285714,0.299985306,0.002571366,-0.171428571
10.98328387,4.178638234,-1.011428571,0.299985306,0.002571366,-0.171428571
10.99898465,4.153075306,-1.028571429,0.299985306,0.002571366,-0.171428571
11.01424493,4.127246991,-1.045714286,0.299985306,0.002571366,-0.171428571
11.02906022,4.10116088,-1.062857143,0.299985306,0.002571366,-0.171428571
11.04342616,4.074824637,-1.08,0.299985306,0.002571366,-0.171428571
11.05733854,4.048246003,-1.097142857,0.299985306,0.002571366,-0.171428571
11.07079326,4.021432788,-1.114285714,0.299985306,0.002571366,-0.171428571
11.08378637,3.994392872,-1.131428571,0.299985306,0.002571366,-0.171428571
11.09631405,3.967134201,-1.148571429,0.299985306,0.002571366,-0.171428571
11.10837262,3.939664786,-1.165714286,0.299985306,0.002571366,-0.171428571
11.11995854,3.911992698,-1.182857143,0.299985306,0.002571366,-0.171428571
11.1310684,3.88412607,-1.2,0.299985306,0.002571366,-0.171428571
11.14169894,3.856073092,-1.217142857,0.299985306,0.002571366,-0.171428571
11.15184703,3.827842006,-1.234285714,0.299985306,0.002571366,-0.171428571
11.16150969,3.79944111,-1.251428571,0.299985306,0.002571366,-0.171428571
11.17068409,3.77087875,-1.268571429,0.299985306,0.002571366,-0.171428571
11.17936752,3.742163319,-1.285714286,0.299985306,0.002571366,-0.171428571
11.18755743,3.713303255,-1.302857143,0.299985306,0.002571366,-0.171428571
11.19525143,3.68430704,-1.32,0.299985306,0.002571366,-0.171428571
11.20244723,3.655183196,-1.337142857,0.299985306,0.002571366,-0.171428571
11.20914274,3.62594028,-1.354285714,0.299985306,0.002571366,-0.171428571
11.21533598,3.596586886,-1.371428571,0.299985306,0.002571366,-0.171428571
11.22102514,3.567131641,-1.388571429,0.299985306,0.002571366,-0.171428571
11.22620853,3.5375832,-1.405714286,0.299985306,0.002571366,-0.171428571
11.23088465,3.507950247,-1.422857143,0.299985306,0.002571366,-0.171428571
11.23505211,3.47824149,-1.44,0.299985306,0.002571366,-0.171428571
11.23870969,3.44846566,-1.457142857,0.299985306,0.002571366,-0.171428571
11.24185631,3.418631506,-1.474285714,0.299985306,0.002571366,-0.171428571
11.24449106,3.388747797,-1.491428571,0.299985306,0.002571366,-0.171428571
11.24661315,3.358823314,-1.508571429,0.299985306,0.002571366,-0.171428571
11.24822196,3.328866851,-1.525714286,0.299985306,0.002571366,-0.171428571
11.24931702,3.298887211,-1.542857143,0.299985306,0.002571366,-0.171428571
11.24989801,3.268893205,-1.56,0.299985306,0.002571366,-0.171428571
11.24996476,3.238893646,-1.577142857,0.299985306,0.002571366,-0.171428571
11.24951724,3.208897352,-1.594285714,0.299985306,0.002571366,-0.171428571
11.24855559,3.178913136,-1.611428571,0.299985306,0.002571366,-0.171428571
11.2470801,3.148949811,-1.628571429,0.299985306,0.002571366,-0.171428571
11.24509118,3.119016181,-1.645714286,0.299985306,0.002571366,-0.171428571
11.24258944,3.089121044,-1.662857143,0.299985306,0.002571366,-0.171428571
11.2395756,3.059273184,-1.68,0.299985306,0.002571366,-0.171428571
11.23605056,3.029481373,-1.697142857,0.299985306,0.002571366,-0.171428571
11.23201534,2.999754366,-1.714285714,0.299985306,0.002571366,-0.171428571
11.22747113,2.970100898,-1.731428571,0.299985306,0.002571366,-0.171428571
11.22241926,2.940529685,-1.748571429,0.299985306,0.002571366,-0.171428571
11.21686124,2.911049416,-1.765714286,0.299985306,0.002571366,-0.171428571
11.21079867,2.881668754,-1.782857143,0.299985306,0.002571366,-0.171428571
11.20423335,2.852396334,-1.8,0.299985306,0.002571366,-0.171428571
11.19716721,2.823240758,-1.817142857,0.299985306,0.002571366,-0.171428571
11.18960233,2.794210594,-1.834285714,0.299985306,0.002571366,-0.171428571
11.18154091,2.765314373,-1.851428571,0.299985306,0.002571366,-0.171428571
11.17298535,2.736560587,-1.868571429,0.299985306,0.002571366,-0.171428571
11.16393814,2.707957685,-1.885714286,0.299985306,0.002571366,-0.171428571
11.15440195,2.679514073,-1.902857143,0.299985306,0.002571366,-0.171428571
11.14437958,2.65123811,-1.92,0.299985306,0.002571366,-0.171428571
11.13387397,2.623138106,-1.937142857,0.299985306,0.002571366,-0.171428571
11.12288822,2.595222318,-1.954285714,0.299985306,0.002571366,-0.171428571
11.11142555,2.567498949,-1.971428571,0.299985306,0.002571366,-0.171428571
11.09948933,2.539976148,-1.988571429,0.299985306,0.002571366,-0.171428571
11.08708307,2.512662001,-2.005714286,0.299985306,0.002571366,-0.171428571
11.07421041,2.485564536,-2.022857143,0.299985306,0.002571366,-0.171428571
11.06087514,2.458691716,-2.04,0.299985306,0.002571366,-0.171428571
11.04708117,2.432051438,-2.057142857,0.299985306,0.002571366,-0.171428571
11.03283256,2.405651531,-2.074285714,0.299985306,0.002571366,-0.171428571
11.0181335,2.379499753,-2.091428571,0.299985306,0.002571366,-0.171428571
11.0029883,2.353603789,-2.108571429,0.299985306,0.002571366,-0.171428571
10.98740142,2.32797125,-2.125714286,0.299985306,0.002571366,-0.171428571
10.97137744,2.302609667,-2.142857143,0.299985306,0.002571366,-0.171428571
10.95492106,2.277526494,-2.16,0.299985306,0.002571366,-0.171428571
10.93803712,2.252729102,-2.177142857,0.299985306,0.002571366,-0.171428571
10.92073059,2.228224779,-2.194285714,0.299985306,0.002571366,-0.171428571
10.90300654,2.204020725,-2.211428571,0.299985306,0.002571366,-0.171428571
10.8848702,2.180124054,-2.228571429,0.299985306,0.002571366,-0.171428571
10.86632688,2.156541787,-2.245714286,0.299985306,0.002571366,-0.171428571
10.84738204,2.133280855,-2.262857143,0.299985306,0.002571366,-0.171428571
10.82804124,2.110348094,-2.28,0.299985306,0.002571366,-0.171428571
10.80831017,2.087750243,-2.297142857,0.299985306,0.002571366,-0.171428571
10.78819463,2.065493942,-2.314285714,0.299985306,0.002571366,-0.171428571
10.76770052,2.043585733,-2.331428571,0.299985306,0.002571366,-0.171428571
10.74683388,2.022032053,-2.348571429,0.299985306,0.002571366,-0.171428571
10.72560083,2.000839237,-2.365714286,0.299985306,0.002571366,-0.171428571
10.70400761,1.980013512,-2.382857143,0.299985306,0.002571366,-0.171428571
10.68206057,1.959560998,-2.4,0.299985306,0.002571366,-0.171428571
10.65976615,1.939487706,-2.417142857,0.299985306,0.002571366,-0.171428571
10.63713092,1.919799534,-2.434285714,0.299985306,0.002571366,-0.171428571
10.61416151,1.90050227,-2.451428571,0.299985306,0.002571366,-0.171428571
10.59086469,1.881601582,-2.468571429,0.299985306,0.002571366,-0.171428571
10.56724729,1.863103026,-2.485714286,0.299985306,0.002571366,-0.171428571
10.54331626,1.845012039,-2.502857143,0.299985306,0.002571366,-0.171428571
10.51907864,1.827333935,-2.52,0.299985306,0.002571366,-0.171428571
10.49454153,1.810073911,-2.537142857,0.299985306,0.002571366,-0.171428571
10.46971216,1.793237038,-2.554285714,0.299985306,0.002571366,-0.171428571
10.44459782,1.776828265,-2.571428571,0.299985306,0.002571366,-0.171428571
10.41920589,1.760852414,-2.588571429,0.299985306,0.002571366,-0.171428571
10.39354383,1.745314178,-2.605714286,0.299985306,0.002571366,-0.171428571
10.36761919,1.730218126,-2.622857143,0.299985306,0.002571366,-0.171428571
10.34143958,1.715568692,-2.64,0.299985306,0.002571366,-0.171428571
10.31501269,1.701370182,-2.657142857,0.299985306,0.002571366,-0.171428571
10.2883463,1.687626768,-2.674285714,0.299985306,0.002571366,-0.171428571
10.26144823,1.67434249,-2.691428571,0.299985306,0.002571366,-0.171428571
10.2343264,1.66152125,-2.708571429,0.299985306,0.002571366,-0.171428571
10.20698877,1.649166818,-2.725714286,0.299985306,0.002571366,-0.171428571
10.17944338,1.637282823,-2.742857143,0.299985306,0.002571366,-0.171428571
10.15169832,1.625872757,-2.76,0.299985306,0.002571366,-0.171428571
10.12376174,1.614939975,-2.777142857,0.299985306,0.002571366,-0.171428571
10.09564186,1.604487688,-2.794285714,0.299985306,0.002571366,-0.171428571
10.06734694,1.594518968,-2.811428571,0.299985306,0.002571366,-0.171428571
10.03888529,1.585036745,-2.828571429,0.299985306,0.002571366,-0.171428571
10.01026528,1.576043806,-2.845714286,0.299985306,0.002571366,-0.171428571
9.981495321,1.567542792,-2.862857143,0.299985306,0.002571366,-0.171428571
9.952583862,1.559536203,-2.88,0.299985306,0.002571366,-0.171428571
9.923539401,1.552026391,-2.897142857,0.299985306,0.002571366,-0.171428571
9.894370475,1.545015564,-2.914285714,0.299985306,0.002571366,-0.171428571
9.865085655,1.53850578,-2.931428571,0.299985306,0.002571366,-0.171428571
9.835693548,1.532498954,-2.948571429,0.299985306,0.002571366,-0.171428571
9.806202789,1.526996851,-2.965714286,0.299985306,0.002571366,-0.171428571
9.776622047,1.522001087,-2.982857143,0.299985306,0.002571366,-0.171428571
9.746960014,1.517513131,-3,0.299985306,0.002571366,-0.171428571
9.717225407,1.513534301,-3.017142857,0.299985306,0.002571366,-0.171428571
9.687426963,1.510065767,-3.034285714,0.299985306,0.002571366,-0.171428571
9.657573441,1.507108549,-3.051428571,0.299985306,0.002571366,-0.171428571
9.627673612,1.504663514,-3.068571429,0.299985306,0.002571366,-0.171428571
9.597736263,1.502731382,-3.085714286,0.299985306,0.002571366,-0.171428571
9.567770193,1.501312721,-3.102857143,0.299985306,0.002571366,-0.171428571
9.537784208,1.500407947,-3.12,0.299985306,0.002571366,-0.171428571
9.507787118,1.500017326,-3.137142857,0.299985306,0.002571366,-0.171428571
9.477787118,1.500017326,-3.141592654,0.3,-3.67E-17,-0.044497964
9.447787118,1.500017326,-3.141592654,0.3,-3.67E-17,0
9.417787118,1.500017326,-3.141592654,0.3,-3.67E-17,0
9.387787118,1.500017326,-3.141592654,0.3,-3.67E-17,0
9.357787118,1.500017326,-3.141592654,0.3,-3.67E-17,0
9.327787118,1.500017326,-3.141592654,0.3,-3.67E-17,0
9.297787118,1.500017326,-3.141592654,0.3,-3.67E-17,0
9.267787118,1.500017326,-3.141592654,0.3,-3.67E-17,0
9.237787118,1.500017326,-3.141592654,0.3,-3.67E-17,0
9.207787118,1.500017326,-3.141592654,0.3,-3.67E-17,0
9.177787118,1.500017326,-3.141592654,0.3,-3.67E-17,0
9.147787118,1.500017326,-3.141592654,0.3,-3.67E-17,0
9.117787118,1.500017326,-3.141592654,0.3,-3.67E-17,0
9.087787118,1.500017326,-3.141592654,0.3,-3.67E-17,0
9.057787118,1.500017326,-3.141592654,0.3,-3.67E-17,0
9.027787118,1.500017326,-3.141592654,0.3,-3.67E-17,0
8.997787118,1.500017326,-3.141592654,0.3,-3.67E-17,0
8.967787118,1.500017326,-3.141592654,0.3,-3.67E-17,0
8.937787118,1.500017326,-3.141592654,0.3,-3.67E-17,0
8.907787118,1.500017326,-3.141592654,0.3,-3.67E-17,0
8.877787118,1.500017326,-3.141592654,0.3,-3.67E-17,0
8.847787118,1.500017326,-3.141592654,0.3,-3.67E-17,0
8.817787118,1.500017326,-3.141592654,0.3,-3.67E-17,0
8.787787118,1.500017326,-3.141592654,0.3,-3.67E-17,0
8.757787118,1.500017326,-3.141592654,0.3,-3.67E-17,0
8.727787118,1.500017326,-3.141592654,0.3,-3.67E-17,0
8.697787118,1.500017326,-3.141592654,0.3,-3.67E-17,0
8.667787118,1.500017326,-3.141592654,0.3,-3.67E-17,0
8.637787118,1.500017326,-3.141592654,0.3,-3.67E-17,0
8.607787118,1.500017326,-3.141592654,0.3,-3.67E-17,0
8.577787118,1.500017326,-3.141592654,0.3,-3.67E-17,0
8.547787118,1.500017326,-3.141592654,0.3,-3.67E-17,0
8.517787118,1.500017326,-3.141592654,0.3,-3.67E-17,0
8.487787118,1.500017326,-3.141592654,0.3,-3.67E-17,0
8.457787118,1.500017326,-3.141592654,0.3,-3.67E-17,0
8.427787118,1.500017326,-3.141592654,0.3,-3.67E-17,0
8.397787118,1.500017326,-3.141592654,0.3,-3.67E-17,0
8.367787118,1.500017326,-3.141592654,0.3,-3.67E-17,0
8.337787118,1.500017326,-3.141592654,0.3,-3.67E-17,0
8.307787118,1.500017326,-3.141592654,0.3,-3.67E-17,0
8.277787118,1.500017326,-3.141592654,0.3,-3.67E-17,0
8.247787118,1.500017326,-3.141592654,0.3,-3.67E-17,0
8.217787118,1.500017326,-3.141592654,0.3,-3.67E-17,0
8.187787118,1.500017326,-3.141592654,0.3,-3.67E-17,0
8.157787118,1.500017326,-3.141592654,0.3,-3.67E-17,0
8.127787118,1.500017326,-3.141592654,0.3,-3.67E-17,0
8.097787118,1.500017326,-3.141592654,0.3,-3.67E-17,0
8.067787118,1.500017326,-3.141592654,0.3,-3.67E-17,0
8.037787118,1.500017326,-3.141592654,0.3,-3.67E-17,0
8.007787118,1.500017326,-3.141592654,0.3,-3.67E-17,0
7.977787118,1.500017326,-3.141592654,0.3,-3.67E-17,0
7.947787118,1.500017326,-3.141592654,0.3,-3.67E-17,0
7.917787118,1.500017326,-3.141592654,0.3,-3.67E-17,0
7.887787118,1.500017326,-3.141592654,0.3,-3.67E-17,0
7.857787118,1.500017326,-3.141592654,0.3,-3.67E-17,0
7.827787118,1.500017326,-3.141592654,0.3,-3.67E-17,0
7.797787118,1.500017326,-3.141592654,0.3,-3.67E-17,0
7.767787118,1.500017326,-3.141592654,0.3,-3.67E-17,0
7.737787118,1.500017326,-3.141592654,0.3,-3.67E-17,0
7.707787118,1.500017326,-3.141592654,0.3,-3.67E-17,0
7.677787118,1.500017326,-3.141592654,0.3,-3.67E-17,0
7.647787118,1.500017326,-3.141592654,0.3,-3.67E-17,0
7.617787118,1.500017326,-3.141592654,0.3,-3.67E-17,0
7.587787118,1.500017326,-3.141592654,0.3,-3.67E-17,0
7.557787118,1.500017326,-3.141592654,0.3,-3.67E-17,0
7.527787118,1.500017326,-3.141592654,0.3,-3.67E-17,0
7.497787118,1.500017326,-3.141592654,0.3,-3.67E-17,0
7.467787118,1.500017326,-3.141592654,0.3,-3.67E-17,0
7.437787118,1.500017326,-3.141592654,0.3,-3.67E-17,0
7.407787118,1.500017326,-3.141592654,0.3,-3.67E-17,0
7.377787118,1.500017326,-3.141592654,0.3,-3.67E-17,0
7.347787118,1.500017326,-3.141592654,0.3,-3.67E-17,0
7.317787118,1.500017326,-3.141592654,0.3,-3.67E-17,0
7.287787118,1.500017326,-3.141592654,0.3,-3.67E-17,0
7.257787118,1.500017326,-3.141592654,0.3,-3.67E-17,0
7.227787118,1.500017326,-3.141592654,0.3,-3.67E-17,0
7.197787118,1.500017326,-3.141592654,0.3,-3.67E-17,0
7.167787118,1.500017326,-3.141592654,0.3,-3.67E-17,0
7.137787118,1.500017326,-3.141592654,0.3,-3.67E-17,0
7.107787118,1.500017326,-3.141592654,0.3,-3.67E-17,0
7.077787118,1.500017326,-3.141592654,0.3,-3.67E-17,0
7.047787118,1.500017326,-3.141592654,0.3,-3.67E-17,0
7.017787118,1.500017326,-3.141592654,0.3,-3.67E-17,0
6.987787118,1.500017326,-3.141592654,0.3,-3.67E-17,0
6.957787118,1.500017326,-3.141592654,0.3,-3.67E-17,0
6.927787118,1.500017326,-3.141592654,0.3,-3.67E-17,0
6.897787118,1.500017326,-3.141592654,0.3,-3.67E-17,0
6.867787118,1.500017326,-3.141592654,0.3,-3.67E-17,0
6.837787118,1.500017326,-3.141592654,0.3,-3.67E-17,0
6.807787118,1.500017326,-3.141592654,0.3,-3.67E-17,0
6.777787118,1.500017326,-3.141592654,0.3,-3.67E-17,0
6.747787118,1.500017326,-3.141592654,0.3,-3.67E-17,0
6.717787118,1.500017326,-3.141592654,0.3,-3.67E-17,0
6.687787118,1.500017326,-3.141592654,0.3,-3.67E-17,0
6.657787118,1.500017326,-3.141592654,0.3,-3.67E-17,0
6.627787118,1.500017326,-3.141592654,0.3,-3.67E-17,0
6.597787118,1.500017326,-3.141592654,0.3,-3.67E-17,0
6.567787118,1.500017326,-3.141592654,0.3,-3.67E-17,0
6.537787118,1.500017326,-3.141592654,0.3,-3.67E-17,0
6.507787118,1.500017326,-3.141592654,0.3,-3.67E-17,0
6.477787118,1.500017326,-3.141592654,0.3,-3.67E-17,0
6.447787118,1.500017326,-3.141592654,0.3,-3.67E-17,0
6.417787118,1.500017326,-3.141592654,0.3,-3.67E-17,0
6.387787118,1.500017326,-3.141592654,0.3,-3.67E-17,0
6.357787118,1.500017326,-3.141592654,0.3,-3.67E-17,0
6.327787118,1.500017326,-3.141592654,0.3,-3.67E-17,0
6.297787118,1.500017326,-3.141592654,0.3,-3.67E-17,0
6.267787118,1.500017326,-3.141592654,0.3,-3.67E-17,0
6.237787118,1.500017326,-3.141592654,0.3,-3.67E-17,0
6.207787118,1.500017326,-3.141592654,0.3,-3.67E-17,0
6.177787118,1.500017326,-3.141592654,0.3,-3.67E-17,0
6.147787118,1.500017326,-3.141592654,0.3,-3.67E-17,0
6.117787118,1.500017326,-3.141592654,0.3,-3.67E-17,0
6.087787118,1.500017326,-3.141592654,0.3,-3.67E-17,0
6.057787118,1.500017326,-3.141592654,0.3,-3.67E-17,0
6.027787118,1.500017326,-3.141592654,0.3,-3.67E-17,0
5.997787118,1.500017326,-3.141592654,0.3,-3.67E-17,0
5.967787118,1.500017326,-3.141592654,0.3,-3.67E-17,0
5.937787118,1.500017326,-3.141592654,0.3,-3.67E-17,0
5.907787118,1.500017326,-3.141592654,0.3,-3.67E-17,0
5.877787118,1.500017326,-3.141592654,0.3,-3.67E-17,0
5.847787118,1.500017326,-3.141592654,0.3,-3.67E-17,0
5.817787118,1.500017326,-3.141592654,0.3,-3.67E-17,0
5.787787118,1.500017326,-3.141592654,0.3,-3.67E-17,0
5.757787118,1.500017326,-3.141592654,0.3,-3.67E-17,0
5.727787118,1.500017326,-3.141592654,0.3,-3.67E-17,0
5.697787118,1.500017326,-3.141592654,0.3,-3.67E-17,0
5.667787118,1.500017326,-3.141592654,0.3,-3.67E-17,0
5.637787118,1.500017326,-3.141592654,0.3,-3.67E-17,0
5.607787118,1.500017326,-3.141592654,0.3,-3.67E-17,0
5.577787118,1.500017326,-3.141592654,0.3,-3.67E-17,0
5.547787118,1.500017326,-3.141592654,0.3,-3.67E-17,0
5.517787118,1.500017326,-3.141592654,0.3,-3.67E-17,0
5.487787118,1.500017326,-3.141592654,0.3,-3.67E-17,0
5.457787118,1.500017326,-3.141592654,0.3,-3.67E-17,0
5.427787118,1.500017326,-3.141592654,0.3,-3.67E-17,0
5.397787118,1.500017326,-3.141592654,0.3,-3.67E-17,0
5.367787118,1.500017326,-3.141592654,0.3,-3.67E-17,0
5.337787118,1.500017326,-3.141592654,0.3,-3.67E-17,0
5.307787118,1.500017326,-3.141592654,0.3,-3.67E-17,0
5.277787118,1.500017326,-3.141592654,0.3,-3.67E-17,0
5.247787118,1.500017326,-3.141592654,0.3,-3.67E-17,0
5.217787118,1.500017326,-3.141592654,0.3,-3.67E-17,0
5.187787118,1.500017326,-3.141592654,0.3,-3.67E-17,0
5.157787118,1.500017326,-3.141592654,0.3,-3.67E-17,0
5.127787118,1.500017326,-3.141592654,0.3,-3.67E-17,0
5.097787118,1.500017326,-3.141592654,0.3,-3.67E-17,0
5.067787118,1.500017326,-3.141592654,0.3,-3.67E-17,0
5.037787118,1.500017326,-3.141592654,0.3,-3.67E-17,0
5.007787118,1.500017326,-3.141592654,0.3,-3.67E-17,0
4.977787118,1.500017326,-3.141592654,0.3,-3.67E-17,0
4.947787118,1.500017326,-3.141592654,0.3,-3.67E-17,0
4.917787118,1.500017326,-3.141592654,0.3,-3.67E-17,0
4.887787118,1.500017326,-3.141592654,0.3,-3.67E-17,0
4.857787118,1.500017326,-3.141592654,0.3,-3.67E-17,0
4.827787118,1.500017326,-3.141592654,0.3,-3.67E-17,0
4.797787118,1.500017326,-3.141592654,0.3,-3.67E-17,0
4.767787118,1.500017326,-3.141592654,0.3,-3.67E-17,0
4.737787118,1.500017326,-3.141592654,0.3,-3.67E-17,0
4.707787118,1.500017326,-3.141592654,0.3,-3.67E-17,0
4.677787118,1.500017326,-3.141592654,0.3,-3.67E-17,0
4.647787118,1.500017326,-3.141592654,0.3,-3.67E-17,0
4.617787118,1.500017326,-3.141592654,0.3,-3.67E-17,0
4.587787118,1.500017326,-3.141592654,0.3,-3.67E-17,0
4.557787118,1.500017326,-3.141592654,0.3,-3.67E-17,0
4.527787118,1.500017326,-3.141592654,0.3,-3.67E-17,0
4.497787118,1.500017326,-3.141592654,0.3,-3.67E-17,0
4.467787118,1.500017326,-3.141592654,0.3,-3.67E-17,0
4.437787118,1.500017326,-3.141592654,0.3,-3.67E-17,0
4.407787118,1.500017326,-3.141592654,0.3,-3.67E-17,0
4.377787118,1.500017326,-3.141592654,0.3,-3.67E-17,0
4.347787118,1.500017326,-3.141592654,0.3,-3.67E-17,0
4.317787118,1.500017326,-3.141592654,0.3,-3.67E-17,0
4.287787118,1.500017326,-3.141592654,0.3,-3.67E-17,0
4.257787118,1.500017326,-3.141592654,0.3,-3.67E-17,0
4.227787118,1.500017326,-3.141592654,0.3,-3.67E-17,0
4.197787118,1.500017326,-3.141592654,0.3,-3.67E-17,0
4.167787118,1.500017326,-3.141592654,0.3,-3.67E-17,0
4.137787118,1.500017326,-3.141592654,0.3,-3.67E-17,0
4.107787118,1.500017326,-3.141592654,0.3,-3.67E-17,0
4.077787118,1.500017326,-3.141592654,0.3,-3.67E-17,0
4.047787118,1.500017326,-3.141592654,0.3,-3.67E-17,0
4.017787118,1.500017326,-3.141592654,0.3,-3.67E-17,0
3.987787118,1.500017326,-3.141592654,0.3,-3.67E-17,0
3.957787118,1.500017326,-3.141592654,0.3,-3.67E-17,0
3.927787118,1.500017326,-3.141592654,0.3,-3.67E-17,0
3.897787118,1.500017326,-3.141592654,0.3,-3.67E-17,0
3.867787118,1.500017326,-3.141592654,0.3,-3.67E-17,0
3.837787118,1.500017326,-3.141592654,0.3,-3.67E-17,0
3.807787118,1.500017326,-3.141592654,0.3,-3.67E-17,0
3.777787118,1.500017326,-3.141592654,0.3,-3.67E-17,0
3.747787118,1.500017326,-3.141592654,0.3,-3.67E-17,0
3.717787118,1.500017326,-3.141592654,0.3,-3.67E-17,0
3.687787118,1.500017326,-3.141592654,0.3,-3.67E-17,0
3.657787118,1.500017326,-3.141592654,0.3,-3.67E-17,0
3.627787118,1.500017326,-3.141592654,0.3,-3.67E-17,0
3.597787118,1.500017326,-3.141592654,0.3,-3.67E-17,0
3.567787118,1.500017326,-3.141592654,0.3,-3.67E-17,0
3.537787118,1.500017326,-3.141592654,0.3,-3.67E-17,0
3.507787118,1.500017326,-3.141592654,0.3,-3.67E-17,0
3.477787118,1.500017326,-3.141592654,0.3,-3.67E-17,0
3.447787118,1.500017326,-3.141592654,0.3,-3.67E-17,0
3.417787118,1.500017326,-3.141592654,0.3,-3.67E-17,0
3.387787118,1.500017326,-3.141592654,0.3,-3.67E-17,0
3.357787118,1.500017326,-3.141592654,0.3,-3.67E-17,0
3.327787118,1.500017326,-3.141592654,0.3,-3.67E-17,0
3.297787118,1.500017326,-3.141592654,0.3,-3.67E-17,0
3.267787118,1.500017326,-3.141592654,0.3,-3.67E-17,0
3.237787118,1.500017326,-3.141592654,0.3,-3.67E-17,0
3.207787118,1.500017326,-3.141592654,0.3,-3.67E-17,0
3.177787118,1.500017326,-3.141592654,0.3,-3.67E-17,0
3.147787118,1.500017326,-3.141592654,0.3,-3.67E-17,0
3.117787118,1.500017326,-3.141592654,0.3,-3.67E-17,0
3.087787118,1.500017326,-3.141592654,0.3,-3.67E-17,0
3.057787118,1.500017326,-3.141592654,0.3,-3.67E-17,0
3.027787118,1.500017326,-3.141592654,0.3,-3.67E-17,0
2.997787118,1.500017326,-3.141592654,0.3,-3.67E-17,0
2.967787118,1.500017326,-3.141592654,0.3,-3.67E-17,0
2.937787118,1.500017326,-3.141592654,0.3,-3.67E-17,0
2.907787118,1.500017326,-3.141592654,0.3,-3.67E-17,0
2.877787118,1.500017326,-3.141592654,0.3,-3.67E-17,0
2.847787118,1.500017326,-3.141592654,0.3,-3.67E-17,0
2.817787118,1.500017326,-3.141592654,0.3,-3.67E-17,0
2.787787118,1.500017326,-3.141592654,0.3,-3.67E-17,0
2.757787118,1.500017326,-3.141592654,0.3,-3.67E-17,0
2.727787118,1.500017326,-3.141592654,0.3,-3.67E-17,0
2.697787118,1.500017326,-3.141592654,0.3,-3.67E-17,0
2.667787118,1.500017326,-3.141592654,0.3,-3.67E-17,0
2.637787118,1.500017326,-3.141592654,0.3,-3.67E-17,0
2.607787118,1.500017326,-3.141592654,0.3,-3.67E-17,0
2.577787118,1.500017326,-3.141592654,0.3,-3.67E-17,0
2.547787118,1.500017326,-3.141592654,0.3,-3.67E-17,0
2.517787118,1.500017326,-3.141592654,0.3,-3.67E-17,0
2.487787118,1.500017326,-3.141592654,0.3,-3.67E-17,0
2.457787118,1.500017326,-3.141592654,0.3,-3.67E-17,0
2.427787118,1.500017326,-3.141592654,0.3,-3.67E-17,0
2.397787118,1.500017326,-3.141592654,0.3,-3.67E-17,0
2.367787118,1.500017326,-3.141592654,0.3,-3.67E-17,0
2.337787118,1.500017326,-3.141592654,0.3,-3.67E-17,0
2.307787118,1.500017326,-3.141592654,0.3,-3.67E-17,0
2.277787118,1.500017326,-3.141592654,0.3,-3.67E-17,0
2.247787118,1.500017326,-3.141592654,0.3,-3.67E-17,0
2.217787118,1.500017326,-3.141592654,0.3,-3.67E-17,0
2.187787118,1.500017326,-3.141592654,0.3,-3.67E-17,0
2.157787118,1.500017326,-3.141592654,0.3,-3.67E-17,0
2.127787118,1.500017326,-3.141592654,0.3,-3.67E-17,0
2.097787118,1.500017326,-3.141592654,0.3,-3.67E-17,0
2.067787118,1.500017326,-3.141592654,0.3,-3.67E-17,0
2.037787118,1.500017326,-3.141592654,0.3,-3.67E-17,0
2.007787118,1.500017326,-3.141592654,0.3,-3.67E-17,0
1.977787118,1.500017326,-3.141592654,0.3,-3.67E-17,0
1.947787118,1.500017326,-3.141592654,0.3,-3.67E-17,0
1.917787118,1.500017326,-3.141592654,0.3,-3.67E-17,0
1.887787118,1.500017326,-3.141592654,0.3,-3.67E-17,0
1.857787118,1.500017326,-3.141592654,0.3,-3.67E-17,0
1.827787118,1.500017326,-3.141592654,0.3,-3.67E-17,0
1.797787118,1.500017326,-3.141592654,0.3,-3.67E-17,0
1.767787118,1.500017326,-3.141592654,0.3,-3.67E-17,0
1.737787118,1.500017326,-3.141592654,0.3,-3.67E-17,0
1.707787118,1.500017326,-3.141592654,0.3,-3.67E-17,0
1.677787118,1.500017326,-3.141592654,0.3,-3.67E-17,0
1.647787118,1.500017326,-3.141592654,0.3,-3.67E-17,0
1.617787118,1.500017326,-3.141592654,0.3,-3.67E-17,0
1.587787118,1.500017326,-3.141592654,0.3,-3.67E-17,0
1.557787118,1.500017326,-3.141592654,0.3,-3.67E-17,0
1.527787118,1.500017326,-3.141592654,0.3,-3.67E-17,0
1.497787118,1.500017326,-3.141592654,0.3,-3.67E-17,0
1.497787118,1.500017326,-3.141592654,0,0,0
1.497787118,1.500017326,-3.141592654,0,0,0
1.497787118,1.500017326,-3.141592654,0,0,0
1.497787118,1.500017326,-3.141592654,0,0,0
1.497787118,1.500017326,-3.141592654,0,0,0
1.497787118,1.500017326,-3.141592654,0,0,0
1.497787118,1.500017326,-3.141592654,0,0,0
1.497787118,1.500017326,-3.141592654,0,0,0
1.497787118,1.500017326,-3.141592654,0,0,0
1.497787118,1.500017326,-3.141592654,0,0,0
1.497787118,1.500017326,-3.141592654,0,0,0
1.497787118,1.500017326,-3.141592654,0,0,0
1.497787118,1.500017326,-3.141592654,0,0,0
1.497787118,1.500017326,-3.141592654,0,0,0
1.497787118,1.500017326,-3.141592654,0,0,0
1.497787118,1.500017326,-3.141592654,0,0,0
1.497787118,1.500017326,-3.141592654,0,0,0
1.497787118,1.500017326,-3.141592654,0,0,0
1.497787118,1.500017326,-3.141592654,0,0,0
1.497787118,1.500017326,-3.141592654,0,0,0
1.497787118,1.500017326,-3.141592654,0,0,0
1.497787118,1.500017326,-3.141592654,0,0,0
1.497787118,1.500017326,-3.141592654,0,0,0
1.497787118,1.500017326,-3.141592654,0,0,0
1.497787118,1.500017326,-3.141592654,0,0,0
1.497787118,1.500017326,-3.141592654,0,0,0
1.497787118,1.500017326,-3.141592654,0,0,0
1.497787118,1.500017326,-3.141592654,0,0,0
1.497787118,1.500017326,-3.141592654,0,0,0
1.497787118,1.500017326,-3.141592654,0,0,0
1.497787118,1.500017326,-3.141592654,0,0,0
1.497787118,1.500017326,-3.141592654,0,0,0
1.497787118,1.500017326,-3.141592654,0,0,0
1.497787118,1.500017326,-3.141592654,0,0,0
1.497787118,1.500017326,-3.141592654,0,0,0
1.497787118,1.500017326,-3.141592654,0,0,0
1.497787118,1.500017326,-3.141592654,0,0,0
1.497787118,1.500017326,-3.141592654,0,0,0
1.497787118,1.500017326,-3.141592654,0,0,0
1.497787118,1.500017326,-3.141592654,0,0,0
1.497787118,1.500017326,-3.141592654,0,0,0
1.497787118,1.500017326,-3.141592654,0,0,0
1.497787118,1.500017326,-3.141592654,0,0,0
1.497787118,1.500017326,-3.141592654,0,0,0
1.497787118,1.500017326,-3.141592654,0,0,0
1.497787118,1.500017326,-3.141592654,0,0,0
1.497787118,1.500017326,-3.141592654,0,0,0
1.497787118,1.500017326,-3.141592654,0,0,0
1.497787118,1.500017326,-3.141592654,0,0,0
1.497787118,1.500017326,-3.141592654,0,0,0
1.497787118,1.500017326,-3.141592654,0,0,0
1.497787118,1.500017326,-3.141592654,0,0,0
1.497787118,1.500017326,-3.141592654,0,0,0
1.497787118,1.500017326,-3.141592654,0,0,0
1.497787118,1.500017326,-3.141592654,0,0,0
1.497787118,1.500017326,-3.141592654,0,0,0
1.497787118,1.500017326,-3.141592654,0,0,0
1.497787118,1.500017326,-3.141592654,0,0,0
1.497787118,1.500017326,-3.141592654,0,0,0
1.497787118,1.500017326,-3.141592654,0,0,0
1.497787118,1.500017326,-3.141592654,0,0,0
1.497787118,1.500017326,-3.141592654,0,0,0
1.497787118,1.500017326,-3.141592654,0,0,0
1.497787118,1.500017326,-3.141592654,0,0,0
1.497787118,1.500017326,-3.141592654,0,0,0
1.497787118,1.500017326,-3.141592654,0,0,0
1.497787118,1.500017326,-3.141592654,0,0,0
1.497787118,1.500017326,-3.141592654,0,0,0
1.497787118,1.500017326,-3.141592654,0,0,0
1.497787118,1.500017326,-3.141592654,0,0,0
1.497787118,1.500017326,-3.141592654,0,0,0
1.497787118,1.500017326,-3.141592654,0,0,0
1.497787118,1.500017326,-3.141592654,0,0,0
1.497787118,1.500017326,-3.141592654,0,0,0
1.497787118,1.500017326,-3.141592654,0,0,0
1.497787118,1.500017326,-3.141592654,0,0,0
1.497787118,1.500017326,-3.141592654,0,0,0
1.497787118,1.500017326,-3.141592654,0,0,0
1.497787118,1.500017326,-3.141592654,0,0,0
1.497787118,1.500017326,-3.141592654,0,0,0
1.497787118,1.500017326,-3.141592654,0,0,0
1.497787118,1.500017326,-3.141592654,0,0,0
1.497787118,1.500017326,-3.141592654,0,0,0
1.497787118,1.500017326,-3.141592654,0,0,0
1.497787118,1.500017326,-3.141592654,0,0,0
1.497787118,1.500017326,-3.141592654,0,0,0
1.497787118,1.500017326,-3.141592654,0,0,0
1.497787118,1.500017326,-3.141592654,0,0,0
1.497787118,1.500017326,-3.141592654,0,0,0
1.497787118,1.500017326,-3.141592654,0,0,0
1.497787118,1.500017326,-3.141592654,0,0,0
1.497787118,1.500017326,-3.141592654,0,0,0
1.497787118,1.500017326,-3.141592654,0,0,0
1.497787118,1.500017326,-3.141592654,0,0,0
1.497787118,1.500017326,-3.141592654,0,0,0
1.497787118,1.500017326,-3.141592654,0,0,0
1.497787118,1.500017326,-3.141592654,0,0,0
1.497787118,1.500017326,-3.141592654,0,0,0
1.497787118,1.500017326,-3.141592654,0,0,0
1.497787118,1.500017326,-3.141592654,0,0,0
1.497787118,1.500017326,-3.141592654,0,0,0
1.497787118,1.500017326,-3.141592654,0,0,0
1.497787118,1.500017326,-3.141592654,0,0,0
1.497787118,1.500017326,-3.141592654,0,0,0
1.497787118,1.500017326,-3.141592654,0,0,0
1.497787118,1.500017326,-3.141592654,0,0,0
1.497787118,1.500017326,-3.141592654,0,0,0
1.497787118,1.500017326,-3.141592654,0,0,0
1.497787118,1.500017326,-3.141592654,0,0,0
1.497787118,1.500017326,-3.141592654,0,0,0
1.497787118,1.500017326,-3.141592654,0,0,0
1.497787118,1.500017326,-3.141592654,0,0,0
1.497787118,1.500017326,-3.141592654,0,0,0
1.497787118,1.500017326,-3.141592654,0,0,0
1.497787118,1.500017326,-3.141592654,0,0,0
1.497787118,1.500017326,-3.141592654,0,0,0
1.497787118,1.500017326,-3.141592654,0,0,0
1.497787118,1.500017326,-3.141592654,0,0,0
1.497787118,1.500017326,-3.141592654,0,0,0
1.497787118,1.500017326,-3.141592654,0,0,0
1.497787118,1.500017326,-3.141592654,0,0,0
1.497787118,1.500017326,-3.141592654,0,0,0
1.497787118,1.500017326,-3.141592654,0,0,0
1.497787118,1.500017326,-3.141592654,0,0,0
1.497787118,1.500017326,-3.141592654,0,0,0
1.497787118,1.500017326,-3.141592654,0,0,0
1.497787118,1.500017326,-3.141592654,0,0,0
1.497787118,1.500017326,-3.141592654,0,0,0
1.497787118,1.500017326,-3.141592654,0,0,0
1.497787118,1.500017326,-3.141592654,0,0,0
1.497787118,1.500017326,-3.141592654,0,0,0
1.497787118,1.500017326,-3.141592654,0,0,0
1.497787118,1.500017326,-3.141592654,0,0,0
1.497787118,1.500017326,-3.141592654,0,0,0
17.72318551,4.999929317,3.141592654,0.3,3.67E-17,0
17.69318551,4.999929317,3.141592654,0.3,3.67E-17,0
17.66318551,4.999929317,3.141592654,0.3,3.67E-17,0
17.63318551,4.999929317,3.141592654,0.3,3.67E-17,0
17.60318551,4.999929317,3.141592654,0.3,3.67E-17,0
17.57318551,4.999929317,3.141592654,0.3,3.67E-17,0
17.54318551,4.999929317,3.141592654,0.3,3.67E-17,0
17.51318551,4.999929317,3.141592654,0.3,3.67E-17,0
17.48318551,4.999929317,3.141592654,0.3,3.67E-17,0
17.45318551,4.999929317,3.141592654,0.3,3.67E-17,0
17.42318551,4.999929317,3.141592654,0.3,3.67E-17,0
17.39318551,4.999929317,3.141592654,0.3,3.67E-17,0
17.36318551,4.999929317,3.141592654,0.3,3.67E-17,0
17.33318551,4.999929317,3.141592654,0.3,3.67E-17,0
17.30318551,4.999929317,3.141592654,0.3,3.67E-17,0
17.27318551,4.999929317,3.141592654,0.3,3.67E-17,0
17.24318551,4.999929317,3.141592654,0.3,3.67E-17,0
17.21318551,4.999929317,3.141592654,0.3,3.67E-17,0
17.18318551,4.999929317,3.141592654,0.3,3.67E-17,0
17.15318551,4.999929317,3.141592654,0.3,3.67E-17,0
17.12318551,4.999929317,3.141592654,0.3,3.67E-17,0
17.09318551,4.999929317,3.141592654,0.3,3.67E-17,0
17.06318551,4.999929317,3.141592654,0.3,3.67E-17,0
17.03318551,4.999929317,3.141592654,0.3,3.67E-17,0
17.00318551,4.999929317,3.141592654,0.3,3.67E-17,0
16.97318551,4.999929317,3.141592654,0.3,3.67E-17,0
16.94318551,4.999929317,3.141592654,0.3,3.67E-17,0
16.91318551,4.999929317,3.141592654,0.3,3.67E-17,0
16.88318551,4.999929317,3.141592654,0.3,3.67E-17,0
16.85318551,4.999929317,3.141592654,0.3,3.67E-17,0
16.82318551,4.999929317,3.141592654,0.3,3.67E-17,0
16.79318551,4.999929317,3.141592654,0.3,3.67E-17,0
16.76318551,4.999929317,3.141592654,0.3,3.67E-17,0
16.73318551,4.999929317,3.141592654,0.3,3.67E-17,0
16.70318551,4.999929317,3.141592654,0.3,3.67E-17,0
16.67318551,4.999929317,3.141592654,0.3,3.67E-17,0
16.64318551,4.999929317,3.141592654,0.3,3.67E-17,0
16.61318551,4.999929317,3.141592654,0.3,3.67E-17,0
16.58318551,4.999929317,3.141592654,0.3,3.67E-17,0
16.55318551,4.999929317,3.141592654,0.3,3.67E-17,0
16.52318551,4.999929317,3.141592654,0.3,3.67E-17,0
16.49318551,4.999929317,3.141592654,0.3,3.67E-17,0
16.46318551,4.999929317,3.141592654,0.3,3.67E-17,0
16.43318551,4.999929317,3.141592654,0.3,3.67E-17,0
16.40318551,4.999929317,3.141592654,0.3,3.67E-17,0
16.37318551,4.999929317,3.141592654,0.3,3.67E-17,0
16.34318551,4.999929317,3.141592654,0.3,3.67E-17,0
16.31318551,4.999929317,3.141592654,0.3,3.67E-17,0
16.28318551,4.999929317,3.141592654,0.3,3.67E-17,0
16.25318551,4.999929317,3.141592654,0.3,3.67E-17,0
16.22318551,4.999929317,3.141592654,0.3,3.67E-17,0
16.19318551,4.999929317,3.141592654,0.3,3.67E-17,0
16.16318551,4.999929317,3.141592654,0.3,3.67E-17,0
16.13318551,4.999929317,3.141592654,0.3,3.67E-17,0
16.10318551,4.999929317,3.141592654,0.3,3.67E-17,0
16.07318551,4.999929317,3.141592654,0.3,3.67E-17,0
16.04318551,4.999929317,3.141592654,0.3,3.67E-17,0
16.01318551,4.999929317,3.141592654,0.3,3.67E-17,0
15.98318551,4.999929317,3.141592654,0.3,3.67E-17,0
15.95318551,4.999929317,3.141592654,0.3,3.67E-17,0
15.92318551,4.999929317,3.141592654,0.3,3.67E-17,0
15.89318551,4.999929317,3.141592654,0.3,3.67E-17,0
15.86318551,4.999929317,3.141592654,0.3,3.67E-17,0
15.83318551,4.999929317,3.141592654,0.3,3.67E-17,0
15.80318551,4.999929317,3.141592654,0.3,3.67E-17,0
15.77318551,4.999929317,3.141592654,0.3,3.67E-17,0
15.74318551,4.999929317,3.141592654,0.3,3.67E-17,0
15.71318551,4.999929317,3.141592654,0.3,3.67E-17,0
15.68318551,4.999929317,3.141592654,0.3,3.67E-17,0
15.65318551,4.999929317,3.141592654,0.3,3.67E-17,0
15.62318551,4.999929317,3.141592654,0.3,3.67E-17,0
15.59318551,4.999929317,3.141592654,0.3,3.67E-17,0
15.56318551,4.999929317,3.141592654,0.3,3.67E-17,0
15.53318551,4.999929317,3.141592654,0.3,3.67E-17,0
15.50318551,4.999929317,3.141592654,0.3,3.67E-17,0
15.47318551,4.999929317,3.141592654,0.3,3.67E-17,0
15.44318551,4.999929317,3.141592654,0.3,3.67E-17,0
15.41318551,4.999929317,3.141592654,0.3,3.67E-17,0
15.38318551,4.999929317,3.141592654,0.3,3.67E-17,0
15.35318551,4.999929317,3.141592654,0.3,3.67E-17,0
15.32318551,4.999929317,3.141592654,0.3,3.67E-17,0
15.29318551,4.999929317,3.141592654,0.3,3.67E-17,0
15.26318551,4.999929317,3.141592654,0.3,3.67E-17,0
15.23318551,4.999929317,3.141592654,0.3,3.67E-17,0
15.20318551,4.999929317,3.141592654,0.3,3.67E-17,0
15.17318551,4.999929317,3.141592654,0.3,3.67E-17,0
15.14318551,4.999929317,3.141592654,0.3,3.67E-17,0
15.11318551,4.999929317,3.141592654,0.3,3.67E-17,0
15.08318551,4.999929317,3.141592654,0.3,3.67E-17,0
15.05318551,4.999929317,3.141592654,0.3,3.67E-17,0
15.02318551,4.999929317,3.141592654,0.3,3.67E-17,0
14.99318551,4.999929317,3.141592654,0.3,3.67E-17,0
14.96318551,4.999929317,3.141592654,0.3,3.67E-17,0
14.93318551,4.999929317,3.141592654,0.3,3.67E-17,0
14.90318551,4.999929317,3.141592654,0.3,3.67E-17,0
14.87318551,4.999929317,3.141592654,0.3,3.67E-17,0
14.84318551,4.999929317,3.141592654,0.3,3.67E-17,0
14.81318551,4.999929317,3.141592654,0.3,3.67E-17,0
14.78318551,4.999929317,3.141592654,0.3,3.67E-17,0
14.75318551,4.999929317,3.141592654,0.3,3.67E-17,0
14.72318551,4.999929317,3.141592654,0.3,3.67E-17,0
14.69318551,4.999929317,3.141592654,0.3,3.67E-17,0
14.66318551,4.999929317,3.141592654,0.3,3.67E-17,0
14.63318551,4.999929317,3.141592654,0.3,3.67E-17,0
14.60318551,4.999929317,3.141592654,0.3,3.67E-17,0
14.57318551,4.999929317,3.141592654,0.3,3.67E-17,0
14.54318551,4.999929317,3.141592654,0.3,3.67E-17,0
14.51318551,4.999929317,3.141592654,0.3,3.67E-17,0
14.48318551,4.999929317,3.141592654,0.3,3.67E-17,0
14.45318551,4.999929317,3.141592654,0.3,3.67E-17,0
14.42318551,4.999929317,3.141592654,0.3,3.67E-17,0
14.39318551,4.999929317,3.141592654,0.3,3.67E-17,0
14.36318551,4.999929317,3.141592654,0.3,3.67E-17,0
14.33318551,4.999929317,3.141592654,0.3,3.67E-17,0
14.30318551,4.999929317,3.141592654,0.3,3.67E-17,0
14.27318551,4.999929317,3.141592654,0.3,3.67E-17,0
14.24318551,4.999929317,3.141592654,0.3,3.67E-17,0
14.21318551,4.999929317,3.141592654,0.3,3.67E-17,0
14.18318551,4.999929317,3.141592654,0.3,3.67E-17,0
14.15318551,4.999929317,3.141592654,0.3,3.67E-17,0
14.12318551,4.999929317,3.141592654,0.3,3.67E-17,0
14.09318551,4.999929317,3.141592654,0.3,3.67E-17,0
14.06318551,4.999929317,3.141592654,0.3,3.67E-17,0
14.03318551,4.999929317,3.141592654,0.3,3.67E-17,0
14.00318551,4.999929317,3.141592654,0.3,3.67E-17,0
13.97318551,4.999929317,3.141592654,0.3,3.67E-17,0
13.94318551,4.999929317,3.141592654,0.3,3.67E-17,0
13.91318551,4.999929317,3.141592654,0.3,3.67E-17,0
13.88318551,4.999929317,3.141592654,0.3,3.67E-17,0
13.85318551,4.999929317,3.141592654,0.3,3.67E-17,0
13.82318551,4.999929317,3.141592654,0.3,3.67E-17,0
13.79318551,4.999929317,3.141592654,0.3,3.67E-17,0
13.76318551,4.999929317,3.141592654,0.3,3.67E-17,0
13.73318551,4.999929317,3.141592654,0.3,3.67E-17,0
13.70318551,4.999929317,3.141592654,0.3,3.67E-17,0
13.67318551,4.999929317,3.141592654,0.3,3.67E-17,0
13.64318551,4.999929317,3.141592654,0.3,3.67E-17,0
13.61318551,4.999929317,3.141592654,0.3,3.67E-17,0
13.58318551,4.999929317,3.141592654,0.3,3.67E-17,0
13.55318551,4.999929317,3.141592654,0.3,3.67E-17,0
13.52318551,4.999929317,3.141592654,0.3,3.67E-17,0
13.49318551,4.999929317,3.141592654,0.3,3.67E-17,0
13.46318551,4.999929317,3.141592654,0.3,3.67E-17,0
13.43318551,4.999929317,3.141592654,0.3,3.67E-17,0
13.40318551,4.999929317,3.141592654,0.3,3.67E-17,0
13.37318551,4.999929317,3.141592654,0.3,3.67E-17,0
13.34318551,4.999929317,3.141592654,0.3,3.67E-17,0
13.31318551,4.999929317,3.141592654,0.3,3.67E-17,0
13.28318551,4.999929317,3.141592654,0.3,3.67E-17,0
13.25318551,4.999929317,3.141592654,0.3,3.67E-17,0
13.22318551,4.999929317,3.141592654,0.3,3.67E-17,0
13.19318551,4.999929317,3.141592654,0.3,3.67E-17,0
13.16318551,4.999929317,3.141592654,0.3,3.67E-17,0
13.13318551,4.999929317,3.141592654,0.3,3.67E-17,0
13.10318551,4.999929317,3.141592654,0.3,3.67E-17,0
13.07318551,4.999929317,3.141592654,0.3,3.67E-17,0
13.04318551,4.999929317,3.141592654,0.3,3.67E-17,0
13.01318551,4.999929317,3.141592654,0.3,3.67E-17,0
12.98318551,4.999929317,3.141592654,0.3,3.67E-17,0
12.95318551,4.999929317,3.141592654,0.3,3.67E-17,0
12.92318551,4.999929317,3.141592654,0.3,3.67E-17,0
12.89318551,4.999929317,3.141592654,0.3,3.67E-17,0
12.86318551,4.999929317,3.141592654,0.3,3.67E-17,0
12.83318551,4.999929317,3.141592654,0.3,3.67E-17,0
12.80318551,4.999929317,3.141592654,0.3,3.67E-17,0
12.77318551,4.999929317,3.141592654,0.3,3.67E-17,0
12.74318551,4.999929317,3.141592654,0.3,3.67E-17,0
12.71318551,4.999929317,3.141592654,0.3,3.67E-17,0
12.68318551,4.999929317,3.141592654,0.3,3.67E-17,0
12.65318551,4.999929317,3.141592654,0.3,3.67E-17,0
12.62318551,4.999929317,3.141592654,0.3,3.67E-17,0
12.59318551,4.999929317,3.141592654,0.3,3.67E-17,0
12.56318551,4.999929317,3.141592654,0.3,3.67E-17,0
12.53318551,4.999929317,3.141592654,0.3,3.67E-17,0
12.50318551,4.999929317,3.141592654,0.3,3.67E-17,0
12.47318551,4.999929317,3.141592654,0.3,3.67E-17,0
12.44318551,4.999929317,3.141592654,0.3,3.67E-17,0
12.41318551,4.999929317,3.141592654,0.3,3.67E-17,0
12.38318551,4.999929317,3.141592654,0.3,3.67E-17,0
12.35318551,4.999929317,3.141592654,0.3,3.67E-17,0
12.32318551,4.999929317,3.141592654,0.3,3.67E-17,0
12.29318551,4.999929317,3.141592654,0.3,3.67E-17,0
12.26318551,4.999929317,3.141592654,0.3,3.67E-17,0
12.23318551,4.999929317,3.141592654,0.3,3.67E-17,0
12.20318551,4.999929317,3.141592654,0.3,3.67E-17,0
12.17318551,4.999929317,3.141592654,0.3,3.67E-17,0
12.14318551,4.999929317,3.141592654,0.3,3.67E-17,0
12.11318551,4.999929317,3.141592654,0.3,3.67E-17,0
12.08318551,4.999929317,3.141592654,0.3,3.67E-17,0
12.05318551,4.999929317,3.141592654,0.3,3.67E-17,0
12.02318551,4.999929317,3.141592654,0.3,3.67E-17,0
11.99318551,4.999929317,3.141592654,0.3,3.67E-17,0
11.96318551,4.999929317,3.141592654,0.3,3.67E-17,0
11.93318551,4.999929317,3.141592654,0.3,3.67E-17,0
11.90318551,4.999929317,3.141592654,0.3,3.67E-17,0
11.87318551,4.999929317,3.141592654,0.3,3.67E-17,0
11.84318551,4.999929317,3.141592654,0.3,3.67E-17,0
11.81318551,4.999929317,3.141592654,0.3,3.67E-17,0
11.78318551,4.999929317,3.141592654,0.3,3.67E-17,0
11.75318551,4.999929317,3.141592654,0.3,3.67E-17,0
11.72318551,4.999929317,3.141592654,0.3,3.67E-17,0
11.69318551,4.999929317,3.141592654,0.3,3.67E-17,0
11.66318551,4.999929317,3.141592654,0.3,3.67E-17,0
11.63318551,4.999929317,3.141592654,0.3,3.67E-17,0
11.60318551,4.999929317,3.141592654,0.3,3.67E-17,0
11.57318551,4.999929317,3.141592654,0.3,3.67E-17,0
11.54318551,4.999929317,3.141592654,0.3,3.67E-17,0
11.51318551,4.999929317,3.141592654,0.3,3.67E-17,0
11.48318551,4.999929317,3.141592654,0.3,3.67E-17,0
11.45318551,4.999929317,3.141592654,0.3,3.67E-17,0
11.42318551,4.999929317,3.141592654,0.3,3.67E-17,0
11.39318551,4.999929317,3.141592654,0.3,3.67E-17,0
11.36318551,4.999929317,3.141592654,0.3,3.67E-17,0
11.33318551,4.999929317,3.141592654,0.3,3.67E-17,0
11.30318551,4.999929317,3.141592654,0.3,3.67E-17,0
11.27318551,4.999929317,3.141592654,0.3,3.67E-17,0
11.24318551,4.999929317,3.141592654,0.3,3.67E-17,0
11.21318551,4.999929317,3.141592654,0.3,3.67E-17,0
11.18318551,4.999929317,3.141592654,0.3,3.67E-17,0
11.15318551,4.999929317,3.141592654,0.3,3.67E-17,0
11.12318551,4.999929317,3.141592654,0.3,3.67E-17,0
11.09318551,4.999929317,3.141592654,0.3,3.67E-17,0
11.06318551,4.999929317,3.141592654,0.3,3.67E-17,0
11.03318551,4.999929317,3.141592654,0.3,3.67E-17,0
11.00318551,4.999929317,3.141592654,0.3,3.67E-17,0
10.97318551,4.999929317,3.141592654,0.3,3.67E-17,0
10.94318551,4.999929317,3.141592654,0.3,3.67E-17,0
10.91318551,4.999929317,3.141592654,0.3,3.67E-17,0
10.88318551,4.999929317,3.141592654,0.3,3.67E-17,0
10.85318551,4.999929317,3.141592654,0.3,3.67E-17,0
10.82318551,4.999929317,3.141592654,0.3,3.67E-17,0
10.79318551,4.999929317,3.141592654,0.3,3.67E-17,0
10.76318551,4.999929317,3.141592654,0.3,3.67E-17,0
10.73318551,4.999929317,3.141592654,0.3,3.67E-17,0
10.70318551,4.999929317,3.141592654,0.3,3.67E-17,0
10.67318551,4.999929317,3.141592654,0.3,3.67E-17,0
10.64318551,4.999929317,3.141592654,0.3,3.67E-17,0
10.61318551,4.999929317,3.141592654,0.3,3.67E-17,0
10.58318551,4.999929317,3.141592654,0.3,3.67E-17,0
10.55318551,4.999929317,3.141592654,0.3,3.67E-17,0
10.52318551,4.999929317,3.141592654,0.3,3.67E-17,0
10.49318551,4.999929317,3.141592654,0.3,3.67E-17,0
10.46318551,4.999929317,3.141592654,0.3,3.67E-17,0
10.43318551,4.999929317,3.141592654,0.3,3.67E-17,0
10.40318551,4.999929317,3.141592654,0.3,3.67E-17,0
10.37318551,4.999929317,3.141592654,0.3,3.67E-17,0
10.34318551,4.999929317,3.141592654,0.3,3.67E-17,0
10.31318551,4.999929317,3.141592654,0.3,3.67E-17,0
10.28318551,4.999929317,3.141592654,0.3,3.67E-17,0
10.25318551,4.999929317,3.141592654,0.3,3.67E-17,0
10.22318551,4.999929317,3.141592654,0.3,3.67E-17,0
10.19318551,4.999929317,3.141592654,0.3,3.67E-17,0
10.16318551,4.999929317,3.141592654,0.3,3.67E-17,0
10.13318551,4.999929317,3.141592654,0.3,3.67E-17,0
10.10318551,4.999929317,3.141592654,0.3,3.67E-17,0
10.07318551,4.999929317,3.141592654,0.3,3.67E-17,0
10.04318551,4.999929317,3.141592654,0.3,3.67E-17,0
10.01318551,4.999929317,3.141592654,0.3,3.67E-17,0
9.983185505,4.999929317,3.141592654,0.3,3.67E-17,0
9.953185505,4.999929317,3.141592654,0.3,3.67E-17,0
9.923185505,4.999929317,3.141592654,0.3,3.67E-17,0
9.893185505,4.999929317,3.141592654,0.3,3.67E-17,0
9.863185505,4.999929317,3.141592654,0.3,3.67E-17,0
9.833185505,4.999929317,3.141592654,0.3,3.67E-17,0
9.803185505,4.999929317,3.141592654,0.3,3.67E-17,0
9.773185505,4.999929317,3.141592654,0.3,3.67E-17,0
9.743185505,4.999929317,3.141592654,0.3,3.67E-17,0
9.713185505,4.999929317,3.141592654,0.3,3.67E-17,0
9.683185505,4.999929317,3.141592654,0.3,3.67E-17,0
9.653185505,4.999929317,3.141592654,0.3,3.67E-17,0
9.623185505,4.999929317,3.141592654,0.3,3.67E-17,0
9.593185505,4.999929317,3.141592654,0.3,3.67E-17,0
9.563185505,4.999929317,3.141592654,0.3,3.67E-17,0
9.533185505,4.999929317,3.141592654,0.3,3.67E-17,0
9.503185505,4.999929317,3.141592654,0.3,3.67E-17,0
9.473185505,4.999929317,3.141592654,0.3,3.67E-17,0
9.443185505,4.999929317,3.141592654,0.3,3.67E-17,0
9.413185505,4.999929317,3.141592654,0.3,3.67E-17,0
9.383185505,4.999929317,3.141592654,0.3,3.67E-17,0
9.353185505,4.999929317,3.141592654,0.3,3.67E-17,0
9.323185505,4.999929317,3.141592654,0.3,3.67E-17,0
9.293185505,4.999929317,3.141592654,0.3,3.67E-17,0
9.263185505,4.999929317,3.141592654,0.3,3.67E-17,0
9.233185505,4.999929317,3.141592654,0.3,3.67E-17,0
9.203185505,4.999929317,3.141592654,0.3,3.67E-17,0
9.173185505,4.999929317,3.141592654,0.3,3.67E-17,0
9.143185505,4.999929317,3.141592654,0.3,3.67E-17,0
9.113185505,4.999929317,3.141592654,0.3,3.67E-17,0
9.083185505,4.999929317,3.141592654,0.3,3.67E-17,0
9.053185505,4.999929317,3.141592654,0.3,3.67E-17,0
9.023185505,4.999929317,3.141592654,0.3,3.67E-17,0
8.993185505,4.999929317,3.141592654,0.3,3.67E-17,0
8.963185505,4.999929317,3.141592654,0.3,3.67E-17,0
8.933185505,4.999929317,3.141592654,0.3,3.67E-17,0
8.903185505,4.999929317,3.141592654,0.3,3.67E-17,0
8.873185505,4.999929317,3.141592654,0.3,3.67E-17,0
8.843185505,4.999929317,3.141592654,0.3,3.67E-17,0
8.813185505,4.999929317,3.141592654,0.3,3.67E-17,0
8.783185505,4.999929317,3.141592654,0.3,3.67E-17,0
8.753185505,4.999929317,3.141592654,0.3,3.67E-17,0
8.723185505,4.999929317,3.141592654,0.3,3.67E-17,0
8.693185505,4.999929317,3.141592654,0.3,3.67E-17,0
8.663185505,4.999929317,3.141592654,0.3,3.67E-17,0
8.633185505,4.999929317,3.141592654,0.3,3.67E-17,0
8.603185505,4.999929317,3.141592654,0.3,3.67E-17,0
8.573185505,4.999929317,3.141592654,0.3,3.67E-17,0
8.543185505,4.999929317,3.141592654,0.3,3.67E-17,0
8.513185505,4.999929317,3.141592654,0.3,3.67E-17,0
8.483185505,4.999929317,3.141592654,0.3,3.67E-17,0
8.453185505,4.999929317,3.141592654,0.3,3.67E-17,0
8.423185505,4.999929317,3.141592654,0.3,3.67E-17,0
8.393185505,4.999929317,3.141592654,0.3,3.67E-17,0
8.363185505,4.999929317,3.141592654,0.3,3.67E-17,0
8.333185505,4.999929317,3.141592654,0.3,3.67E-17,0
8.303185505,4.999929317,3.141592654,0.3,3.67E-17,0
8.273185505,4.999929317,3.141592654,0.3,3.67E-17,0
8.243185505,4.999929317,3.141592654,0.3,3.67E-17,0
8.213185505,4.999929317,3.141592654,0.3,3.67E-17,0
8.183185505,4.999929317,3.141592654,0.3,3.67E-17,0
8.153185505,4.999929317,3.141592654,0.3,3.67E-17,0
8.123185505,4.999929317,3.141592654,0.3,3.67E-17,0
8.093185505,4.999929317,3.141592654,0.3,3.67E-17,0
8.063185505,4.999929317,3.141592654,0.3,3.67E-17,0
8.033185505,4.999929317,3.141592654,0.3,3.67E-17,0
8.003185505,4.999929317,3.141592654,0.3,3.67E-17,0
7.973185505,4.999929317,3.141592654,0.3,3.67E-17,0
7.943185505,4.999929317,3.141592654,0.3,3.67E-17,0
7.913185505,4.999929317,3.141592654,0.3,3.67E-17,0
7.883185505,4.999929317,3.141592654,0.3,3.67E-17,0
7.853185505,4.999929317,3.141592654,0.3,3.67E-17,0
7.823185505,4.999929317,3.141592654,0.3,3.67E-17,0
7.793185505,4.999929317,3.141592654,0.3,3.67E-17,0
7.763185505,4.999929317,3.141592654,0.3,3.67E-17,0
7.733185505,4.999929317,3.141592654,0.3,3.67E-17,0
7.703185505,4.999929317,3.141592654,0.3,3.67E-17,0
7.673185505,4.999929317,3.141592654,0.3,3.67E-17,0
7.643185505,4.999929317,3.141592654,0.3,3.67E-17,0
7.613185505,4.999929317,3.141592654,0.3,3.67E-17,0
7.583185505,4.999929317,3.141592654,0.3,3.67E-17,0
7.553185505,4.999929317,3.141592654,0.3,3.67E-17,0
7.523185505,4.999929317,3.141592654,0.3,3.67E-17,0
7.493185505,4.999929317,3.141592654,0.3,3.67E-17,0
7.463185505,4.999929317,3.141592654,0.3,3.67E-17,0
7.433185505,4.999929317,3.141592654,0.3,3.67E-17,0
7.403185505,4.999929317,3.141592654,0.3,3.67E-17,0
7.373185505,4.999929317,3.141592654,0.3,3.67E-17,0
7.343185505,4.999929317,3.141592654,0.3,3.67E-17,0
7.313185505,4.999929317,3.141592654,0.3,3.67E-17,0
7.283185505,4.999929317,3.141592654,0.3,3.67E-17,0
7.253185505,4.999929317,3.141592654,0.3,3.67E-17,0
7.223185505,4.999929317,3.141592654,0.3,3.67E-17,0
7.193185505,4.999929317,3.141592654,0.3,3.67E-17,0
7.163185505,4.999929317,3.141592654,0.3,3.67E-17,0
7.133185505,4.999929317,3.141592654,0.3,3.67E-17,0
7.103185505,4.999929317,3.141592654,0.3,3.67E-17,0
7.073185505,4.999929317,3.141592654,0.3,3.67E-17,0
7.043185505,4.999929317,3.141592654,0.3,3.67E-17,0
7.013185505,4.999929317,3.141592654,0.3,3.67E-17,0
6.983185505,4.999929317,3.141592654,0.3,3.67E-17,0
6.953185505,4.999929317,3.141592654,0.3,3.67E-17,0
6.923185505,4.999929317,3.141592654,0.3,3.67E-17,0
6.893185505,4.999929317,3.141592654,0.3,3.67E-17,0
6.863185505,4.999929317,3.141592654,0.3,3.67E-17,0
6.833185505,4.999929317,3.141592654,0.3,3.67E-17,0
6.803185505,4.999929317,3.141592654,0.3,3.67E-17,0
6.773185505,4.999929317,3.141592654,0.3,3.67E-17,0
6.743185505,4.999929317,3.141592654,0.3,3.67E-17,0
6.713185505,4.999929317,3.141592654,0.3,3.67E-17,0
6.683185505,4.999929317,3.141592654,0.3,3.67E-17,0
6.653185505,4.999929317,3.141592654,0.3,3.67E-17,0
6.623185505,4.999929317,3.141592654,0.3,3.67E-17,0
6.593185505,4.999929317,3.141592654,0.3,3.67E-17,0
6.563185505,4.999929317,3.141592654,0.3,3.67E-17,0
6.533185505,4.999929317,3.141592654,0.3,3.67E-17,0
6.503185505,4.999929317,3.141592654,0.3,3.67E-17,0
6.473185505,4.999929317,3.141592654,0.3,3.67E-17,0
6.443185505,4.999929317,3.141592654,0.3,3.67E-17,0
6.413185505,4.999929317,3.141592654,0.3,3.67E-17,0
6.383185505,4.999929317,3.141592654,0.3,3.67E-17,0
6.353185505,4.999929317,3.141592654,0.3,3.67E-17,0
6.323185505,4.999929317,3.141592654,0.3,3.67E-17,0
6.293185505,4.999929317,3.141592654,0.3,3.67E-17,0
6.263185505,4.999929317,3.141592654,0.3,3.67E-17,0
6.233185505,4.999929317,3.141592654,0.3,3.67E-17,0
6.203185505,4.999929317,3.141592654,0.3,3.67E-17,0
6.173185505,4.999929317,3.141592654,0.3,3.67E-17,0
6.143185505,4.999929317,3.141592654,0.3,3.67E-17,0
6.113185505,4.999929317,3.141592654,0.3,3.67E-17,0
6.083185505,4.999929317,3.141592654,0.3,3.67E-17,0
6.053185505,4.999929317,3.141592654,0.3,3.67E-17,0
6.023185505,4.999929317,3.141592654,0.3,3.67E-17,0
5.993185505,4.999929317,3.141592654,0.3,3.67E-17,0
5.963185505,4.999929317,3.141592654,0.3,3.67E-17,0
5.933185505,4.999929317,3.141592654,0.3,3.67E-17,0
5.903185505,4.999929317,3.141592654,0.3,3.67E-17,0
5.873185505,4.999929317,3.141592654,0.3,3.67E-17,0
5.843185505,4.999929317,3.141592654,0.3,3.67E-17,0
5.813185505,4.999929317,3.141592654,0.3,3.67E-17,0
5.783185505,4.999929317,3.141592654,0.3,3.67E-17,0
5.753185505,4.999929317,3.141592654,0.3,3.67E-17,0
5.723185505,4.999929317,3.141592654,0.3,3.67E-17,0
5.693185505,4.999929317,3.141592654,0.3,3.67E-17,0
5.663185505,4.999929317,3.141592654,0.3,3.67E-17,0
5.633185505,4.999929317,3.141592654,0.3,3.67E-17,0
5.603185505,4.999929317,3.141592654,0.3,3.67E-17,0
5.573185505,4.999929317,3.141592654,0.3,3.67E-17,0
5.543185505,4.999929317,3.141592654,0.3,3.67E-17,0
5.513185505,4.999929317,3.141592654,0.3,3.67E-17,0
5.483185505,4.999929317,3.141592654,0.3,3.67E-17,0
5.453185505,4.999929317,3.141592654,0.3,3.67E-17,0
5.423185505,4.999929317,3.141592654,0.3,3.67E-17,0
5.393185505,4.999929317,3.141592654,0.3,3.67E-17,0
5.363185505,4.999929317,3.141592654,0.3,3.67E-17,0
5.333185505,4.999929317,3.141592654,0.3,3.67E-17,0
5.303185505,4.999929317,3.141592654,0.3,3.67E-17,0
5.273185505,4.999929317,3.141592654,0.3,3.67E-17,0
5.243185505,4.999929317,3.141592654,0.3,3.67E-17,0
5.213185505,4.999929317,3.141592654,0.3,3.67E-17,0
5.183185505,4.999929317,3.141592654,0.3,3.67E-17,0
5.153185505,4.999929317,3.141592654,0.3,3.67E-17,0
5.123185505,4.999929317,3.141592654,0.3,3.67E-17,0
5.093185505,4.999929317,3.141592654,0.3,3.67E-17,0
5.063185505,4.999929317,3.141592654,0.3,3.67E-17,0
5.033185505,4.999929317,3.141592654,0.3,3.67E-17,0
5.003185505,4.999929317,3.141592654,0.3,3.67E-17,0
4.973185505,4.999929317,3.141592654,0.3,3.67E-17,0
4.943185505,4.999929317,3.141592654,0.3,3.67E-17,0
4.913185505,4.999929317,3.141592654,0.3,3.67E-17,0
4.883185505,4.999929317,3.141592654,0.3,3.67E-17,0
4.853185505,4.999929317,3.141592654,0.3,3.67E-17,0
4.823185505,4.999929317,3.141592654,0.3,3.67E-17,0
4.793185505,4.999929317,3.141592654,0.3,3.67E-17,0
4.763185505,4.999929317,3.141592654,0.3,3.67E-17,0
4.733185505,4.999929317,3.141592654,0.3,3.67E-17,0
4.703185505,4.999929317,3.141592654,0.3,3.67E-17,0
4.673185505,4.999929317,3.141592654,0.3,3.67E-17,0
4.643185505,4.999929317,3.141592654,0.3,3.67E-17,0
4.613185505,4.999929317,3.141592654,0.3,3.67E-17,0
4.583185505,4.999929317,3.141592654,0.3,3.67E-17,0
4.553185505,4.999929317,3.141592654,0.3,3.67E-17,0
4.523185505,4.999929317,3.141592654,0.3,3.67E-17,0
4.493185505,4.999929317,3.141592654,0.3,3.67E-17,0
4.463185505,4.999929317,3.141592654,0.3,3.67E-17,0
4.433185505,4.999929317,3.141592654,0.3,3.67E-17,0
4.403185505,4.999929317,3.141592654,0.3,3.67E-17,0
4.373185505,4.999929317,3.141592654,0.3,3.67E-17,0
4.343185505,4.999929317,3.141592654,0.3,3.67E-17,0
4.313185505,4.999929317,3.141592654,0.3,3.67E-17,0
4.283185505,4.999929317,3.141592654,0.3,3.67E-17,0
4.253185505,4.999929317,3.141592654,0.3,3.67E-17,0
4.223185505,4.999929317,3.141592654,0.3,3.67E-17,0
4.193185505,4.999929317,3.141592654,0.3,3.67E-17,0
4.163185505,4.999929317,3.141592654,0.3,3.67E-17,0
4.133185505,4.999929317,3.141592654,0.3,3.67E-17,0
4.103185505,4.999929317,3.141592654,0.3,3.67E-17,0
4.073185505,4.999929317,3.141592654,0.3,3.67E-17,0
4.043185505,4.999929317,3.141592654,0.3,3.67E-17,0
4.013185505,4.999929317,3.141592654,0.3,3.67E-17,0
3.983185505,4.999929317,3.141592654,0.3,3.67E-17,0
3.953185505,4.999929317,3.141592654,0.3,3.67E-17,0
3.923185505,4.999929317,3.141592654,0.3,3.67E-17,0
3.893185505,4.999929317,3.141592654,0.3,3.67E-17,0
3.863185505,4.999929317,3.141592654,0.3,3.67E-17,0
3.833185505,4.999929317,3.141592654,0.3,3.67E-17,0
3.803185505,4.999929317,3.141592654,0.3,3.67E-17,0
3.773185505,4.999929317,3.141592654,0.3,3.67E-17,0
3.743185505,4.999929317,3.141592654,0.3,3.67E-17,0
3.713185505,4.999929317,3.141592654,0.3,3.67E-17,0
3.683185505,4.999929317,3.141592654,0.3,3.67E-17,0
3.653185505,4.999929317,3.141592654,0.3,3.67E-17,0
3.623185505,4.999929317,3.141592654,0.3,3.67E-17,0
3.593185505,4.999929317,3.141592654,0.3,3.67E-17,0
3.563185505,4.999929317,3.141592654,0.3,3.67E-17,0
3.533185505,4.999929317,3.141592654,0.3,3.67E-17,0
3.503185505,4.999929317,3.141592654,0.3,3.67E-17,0
3.473185505,4.999929317,3.141592654,0.3,3.67E-17,0
3.443185505,4.999929317,3.141592654,0.3,3.67E-17,0
3.413185505,4.999929317,3.141592654,0.3,3.67E-17,0
3.383185505,4.999929317,3.141592654,0.3,3.67E-17,0
3.353185505,4.999929317,3.141592654,0.3,3.67E-17,0
3.323185505,4.999929317,3.141592654,0.3,3.67E-17,0
3.293185505,4.999929317,3.141592654,0.3,3.67E-17,0
3.263185505,4.999929317,3.141592654,0.3,3.67E-17,0
3.233185505,4.999929317,3.141592654,0.3,3.67E-17,0
3.203185505,4.999929317,3.141592654,0.3,3.67E-17,0
3.173185505,4.999929317,3.141592654,0.3,3.67E-17,0
3.143185505,4.999929317,3.141592654,0.3,3.67E-17,0
3.113185505,4.999929317,3.141592654,0.3,3.67E-17,0
3.083185505,4.999929317,3.141592654,0.3,3.67E-17,0
3.053185505,4.999929317,3.141592654,0.3,3.67E-17,0
3.023185505,4.999929317,3.141592654,0.3,3.67E-17,0
2.993185505,4.999929317,3.141592654,0.3,3.67E-17,0
2.986814788,5.000043463,3.126592654,0.063717124,-0.00018576,-0.15
2.956818049,5.000466225,3.111592654,0.299959232,0.004771958,-0.15
2.926831025,5.001338873,3.096592654,0.299959232,0.004771958,-0.15
2.896860463,5.002661212,3.081592654,0.299959232,0.004771958,-0.15
2.866913108,5.004432943,3.066592654,0.299959232,0.004771958,-0.15
2.836995696,5.006653669,3.051592654,0.299959232,0.004771958,-0.15
2.80711496,5.009322889,3.036592654,0.299959232,0.004771958,-0.15
2.777277623,5.012440003,3.021592654,0.299959232,0.004771958,-0.15
2.747490396,5.016004309,3.006592654,0.299959232,0.004771958,-0.15
2.717759984,5.020015007,2.991592654,0.299959232,0.004771958,-0.15
2.688093074,5.024471192,2.976592654,0.299959232,0.004771958,-0.15
2.658496342,5.029371864,2.961592654,0.299959232,0.004771958,-0.15
2.628976447,5.034715918,2.946592654,0.299959232,0.004771958,-0.15
2.599540031,5.040502153,2.931592654,0.299959232,0.004771958,-0.15
2.570193716,5.046729267,2.916592654,0.299959232,0.004771958,-0.15
2.540944106,5.053395858,2.901592654,0.299959232,0.004771958,-0.15
2.511797782,5.060500427,2.886592654,0.299959232,0.004771958,-0.15
2.482761301,5.068041375,2.871592654,0.299959232,0.004771958,-0.15
2.453841196,5.076017006,2.856592654,0.299959232,0.004771958,-0.15
2.425043975,5.084425525,2.841592654,0.299959232,0.004771958,-0.15
2.396376117,5.09326504,2.826592654,0.299959232,0.004771958,-0.15
2.367844072,5.102533562,2.811592654,0.299959232,0.004771958,-0.15
2.339454259,5.112229007,2.796592654,0.299959232,0.004771958,-0.15
2.311213065,5.122349191,2.781592654,0.299959232,0.004771958,-0.15
2.283126847,5.13289184,2.766592654,0.299959232,0.004771958,-0.15
2.255201921,5.14385458,2.751592654,0.299959232,0.004771958,-0.15
2.227444572,5.155234944,2.736592654,0.299959232,0.004771958,-0.15
2.199861045,5.167030373,2.721592654,0.299959232,0.004771958,-0.15
2.172457545,5.179238213,2.706592654,0.299959232,0.004771958,-0.15
2.14524024,5.191855716,2.691592654,0.299959232,0.004771958,-0.15
2.118215251,5.204880044,2.676592654,0.299959232,0.004771958,-0.15
2.09138866,5.218308266,2.661592654,0.299959232,0.004771958,-0.15
2.064766503,5.232137362,2.646592654,0.299959232,0.004771958,-0.15
2.03835477,5.246364219,2.631592654,0.299959232,0.004771958,-0.15
2.012159403,5.260985637,2.616592654,0.299959232,0.004771958,-0.15
1.986186296,5.275998326,2.601592654,0.299959232,0.004771958,-0.15
1.960441292,5.291398908,2.586592654,0.299959232,0.004771958,-0.15
1.934930185,5.307183918,2.571592654,0.299959232,0.004771958,-0.15
1.909658714,5.323349804,2.556592654,0.299959232,0.004771958,-0.15
1.884632565,5.33989293,2.541592654,0.299959232,0.004771958,-0.15
1.859857369,5.356809572,2.526592654,0.299959232,0.004771958,-0.15
1.835338701,5.374095926,2.511592654,0.299959232,0.004771958,-0.15
1.811082076,5.391748101,2.496592654,0.299959232,0.004771958,-0.15
1.787092953,5.409762126,2.481592654,0.299959232,0.004771958,-0.15
1.763376729,5.428133948,2.466592654,0.299959232,0.004771958,-0.15
1.73993874,5.446859433,2.451592654,0.299959232,0.004771958,-0.15
1.716784259,5.465934368,2.436592654,0.299959232,0.004771958,-0.15
1.693918497,5.485354462,2.421592654,0.299959232,0.004771958,-0.15
1.671346597,5.505115344,2.406592654,0.299959232,0.004771958,-0.15
1.649073639,5.525212569,2.391592654,0.299959232,0.004771958,-0.15
1.627104633,5.545641615,2.376592654,0.299959232,0.004771958,-0.15
1.605444523,5.566397885,2.361592654,0.299959232,0.004771958,-0.15
1.584098183,5.58747671,2.346592654,0.299959232,0.004771958,-0.15
1.563070414,5.608873347,2.331592654,0.299959232,0.004771958,-0.15
1.542365948,5.630582981,2.316592654,0.299959232,0.004771958,-0.15
1.521989444,5.652600729,2.301592654,0.299959232,0.004771958,-0.15
1.501945486,5.674921635,2.286592654,0.299959232,0.004771958,-0.15
1.482238584,5.697540679,2.271592654,0.299959232,0.004771958,-0.15
1.462873171,5.72045277,2.256592654,0.299959232,0.004771958,-0.15
1.443853606,5.743652755,2.241592654,0.299959232,0.004771958,-0.15
1.425184167,5.767135412,2.226592654,0.299959232,0.004771958,-0.15
1.406869056,5.790895458,2.211592654,0.299959232,0.004771958,-0.15
1.388912391,5.814927548,2.196592654,0.299959232,0.004771958,-0.15
1.371318215,5.839226274,2.181592654,0.299959232,0.004771958,-0.15
1.354090485,5.863786169,2.166592654,0.299959232,0.004771958,-0.15
1.337233078,5.888601707,2.151592654,0.299959232,0.004771958,-0.15
1.320749787,5.913667306,2.136592654,0.299959232,0.004771958,-0.15
1.30464432,5.938977325,2.121592654,0.299959232,0.004771958,-0.15
1.2889203,5.964526069,2.106592654,0.299959232,0.004771958,-0.15
1.273581267,5.990307791,2.091592654,0.299959232,0.004771958,-0.15
1.25863067,6.016316689,2.076592654,0.299959232,0.004771958,-0.15
1.244071874,6.042546912,2.061592654,0.299959232,0.004771958,-0.15
1.229908154,6.068992557,2.046592654,0.299959232,0.004771958,-0.15
1.216142698,6.095647676,2.031592654,0.299959232,0.004771958,-0.15
1.202778602,6.12250627,2.016592654,0.299959232,0.004771958,-0.15
1.189818873,6.149562296,2.001592654,0.299959232,0.004771958,-0.15
1.177266428,6.176809667,1.986592654,0.299959232,0.004771958,-0.15
1.165124089,6.204242252,1.971592654,0.299959232,0.004771958,-0.15
1.153394591,6.23185388,1.956592654,0.299959232,0.004771958,-0.15
1.14208057,6.259638337,1.941592654,0.299959232,0.004771958,-0.15
1.131184574,6.287589373,1.926592654,0.299959232,0.004771958,-0.15
1.120709053,6.315700698,1.911592654,0.299959232,0.004771958,-0.15
1.110656364,6.343965987,1.896592654,0.299959232,0.004771958,-0.15
1.10102877,6.372378881,1.881592654,0.299959232,0.004771958,-0.15
1.091828437,6.400932988,1.866592654,0.299959232,0.004771958,-0.15
1.083057434,6.429621882,1.851592654,0.299959232,0.004771958,-0.15
1.074717735,6.458439108,1.836592654,0.299959232,0.004771958,-0.15
1.066811216,6.487378184,1.821592654,0.299959232,0.004771958,-0.15
1.059339657,6.516432597,1.806592654,0.299959232,0.004771958,-0.15
1.052304738,6.545595811,1.791592654,0.299959232,0.004771958,-0.15
1.045708043,6.574861263,1.776592654,0.299959232,0.004771958,-0.15
1.039551054,6.604222371,1.761592654,0.299959232,0.004771958,-0.15
1.033835159,6.633672526,1.746592654,0.299959232,0.004771958,-0.15
1.028561642,6.663205104,1.731592654,0.299959232,0.004771958,-0.15
1.023731691,6.692813459,1.716592654,0.299959232,0.004771958,-0.15
1.019346392,6.72249093,1.701592654,0.299959232,0.004771958,-0.15
1.015406731,6.752230839,1.686592654,0.299959232,0.004771958,-0.15
1.011913596,6.782026496,1.671592654,0.299959232,0.004771958,-0.15
1.008867771,6.811871195,1.656592654,0.299959232,0.004771958,-0.15
1.006269943,6.841758222,1.641592654,0.299959232,0.004771958,-0.15
1.004120696,6.871680854,1.626592654,0.299959232,0.004771958,-0.15
1.002420513,6.901632356,1.611592654,0.299959232,0.004771958,-0.15
1.001169777,6.931605991,1.596592654,0.299959232,0.004771958,-0.15
1.00036877,6.961595014,1.581592654,0.299959232,0.004771958,-0.15
1.000017671,6.991592678,1.566592654,0.299959232,0.004771958,-0.15
1.00011656,7.021592234,1.551592654,0.299959232,0.004771958,-0.15
1.000665414,7.051586932,1.536592654,0.299959232,0.004771958,-0.15
1.001664109,7.081570022,1.521592654,0.299959232,0.004771958,-0.15
1.003112422,7.11153476,1.506592654,0.299959232,0.004771958,-0.15
1.005010027,7.141474403,1.491592654,0.299959232,0.004771958,-0.15
1.007356495,7.171382215,1.476592654,0.299959232,0.004771958,-0.15
1.0101513,7.201251467,1.461592654,0.299959232,0.004771958,-0.15
1.013393813,7.231075438,1.446592654,0.299959232,0.004771958,-0.15
1.017083304,7.260847417,1.431592654,0.299959232,0.004771958,-0.15
1.021218942,7.290560708,1.416592654,0.299959232,0.004771958,-0.15
1.025799798,7.320208623,1.401592654,0.299959232,0.004771958,-0.15
1.030824841,7.349784493,1.386592654,0.299959232,0.004771958,-0.15
1.036292939,7.379281663,1.371592654,0.299959232,0.004771958,-0.15
1.042202864,7.408693496,1.356592654,0.299959232,0.004771958,-0.15
1.048553284,7.438013374,1.341592654,0.299959232,0.004771958,-0.15
1.055342772,7.467234702,1.326592654,0.299959232,0.004771958,-0.15
1.0625698,7.496350903,1.311592654,0.299959232,0.004771958,-0.15
1.070232741,7.525355428,1.296592654,0.299959232,0.004771958,-0.15
1.078329872,7.55424175,1.281592654,0.299959232,0.004771958,-0.15
1.08685937,7.58300337,1.266592654,0.299959232,0.004771958,-0.15
1.095819317,7.611633817,1.251592654,0.299959232,0.004771958,-0.15
1.105207696,7.640126648,1.236592654,0.299959232,0.004771958,-0.15
1.115022396,7.668475454,1.221592654,0.299959232,0.004771958,-0.15
1.125261208,7.696673856,1.206592654,0.299959232,0.004771958,-0.15
1.135921828,7.724715509,1.191592654,0.299959232,0.004771958,-0.15
1.147001858,7.752594104,1.176592654,0.299959232,0.004771958,-0.15
1.158498805,7.780303369,1.161592654,0.299959232,0.004771958,-0.15
1.170410081,7.807837068,1.146592654,0.299959232,0.004771958,-0.15
1.182733008,7.835189008,1.131592654,0.299959232,0.004771958,-0.15
1.195464812,7.862353034,1.116592654,0.299959232,0.004771958,-0.15
1.208602629,7.889323033,1.101592654,0.299959232,0.004771958,-0.15
1.222143502,7.916092939,1.086592654,0.299959232,0.004771958,-0.15
1.236084386,7.942656728,1.071592654,0.299959232,0.004771958,-0.15
1.250422144,7.969008423,1.056592654,0.299959232,0.004771958,-0.15
1.265153549,7.995142096,1.041592654,0.299959232,0.004771958,-0.15
1.280275287,8.021051865,1.026592654,0.299959232,0.004771958,-0.15
1.295783956,8.046731903,1.011592654,0.299959232,0.004771958,-0.15
1.311676067,8.072176429,0.996592654,0.299959232,0.004771958,-0.15
1.327948043,8.097379721,0.981592654,0.299959232,0.004771958,-0.15
1.344596224,8.122336107,0.966592654,0.299959232,0.004771958,-0.15
1.361616863,8.147039972,0.951592654,0.299959232,0.004771958,-0.15
1.379006132,8.171485758,0.936592654,0.299959232,0.004771958,-0.15
1.396760118,8.195667965,0.921592654,0.299959232,0.004771958,-0.15
1.414874826,8.219581151,0.906592654,0.299959232,0.004771958,-0.15
1.433346181,8.243219937,0.891592654,0.299959232,0.004771958,-0.15
1.452170026,8.266579003,0.876592654,0.299959232,0.004771958,-0.15
1.471342126,8.289653094,0.861592654,0.299959232,0.004771958,-0.15
1.490858168,8.312437019,0.846592654,0.299959232,0.004771958,-0.15
1.51071376,8.334925652,0.831592654,0.299959232,0.004771958,-0.15
1.530904436,8.357113931,0.816592654,0.299959232,0.004771958,-0.15
1.551425651,8.378996866,0.801592654,0.299959232,0.004771958,-0.15
1.57227279,8.400569532,0.786592654,0.299959232,0.004771958,-0.15
1.593441162,8.421827076,0.771592654,0.299959232,0.004771958,-0.15
1.614926003,8.442764715,0.756592654,0.299959232,0.004771958,-0.15
1.63672248,8.463377738,0.741592654,0.299959232,0.004771958,-0.15
1.658825689,8.483661507,0.726592654,0.299959232,0.004771958,-0.15
1.681230656,8.503611458,0.711592654,0.299959232,0.004771958,-0.15
1.703932341,8.523223104,0.696592654,0.299959232,0.004771958,-0.15
1.726925636,8.54249203,0.681592654,0.299959232,0.004771958,-0.15
1.750205367,8.561413902,0.666592654,0.299959232,0.004771958,-0.15
1.773766296,8.579984463,0.651592654,0.299959232,0.004771958,-0.15
1.797603123,8.598199534,0.636592654,0.299959232,0.004771958,-0.15
1.821710484,8.616055017,0.621592654,0.299959232,0.004771958,-0.15
1.846082955,8.633546894,0.606592654,0.299959232,0.004771958,-0.15
1.870715053,8.65067123,0.591592654,0.299959232,0.004771958,-0.15
1.895601235,8.667424172,0.576592654,0.299959232,0.004771958,-0.15
1.920735903,8.68380195,0.561592654,0.299959232,0.004771958,-0.15
1.9461134,8.699800881,0.546592654,0.299959232,0.004771958,-0.15
1.971728017,8.715417363,0.531592654,0.299959232,0.004771958,-0.15
1.997573991,8.730647883,0.516592654,0.299959232,0.004771958,-0.15
2.023645506,8.745489015,0.501592654,0.299959232,0.004771958,-0.15
2.049936697,8.75993742,0.486592654,0.299959232,0.004771958,-0.15
2.076441649,8.773989846,0.471592654,0.299959232,0.004771958,-0.15
2.103154397,8.787643131,0.456592654,0.299959232,0.004771958,-0.15
2.130068932,8.800894205,0.441592654,0.299959232,0.004771958,-0.15
2.157179197,8.813740085,0.426592654,0.299959232,0.004771958,-0.15
2.184479094,8.826177881,0.411592654,0.299959232,0.004771958,-0.15
2.211962479,8.838204794,0.396592654,0.299959232,0.004771958,-0.15
2.23962317,8.84981812,0.381592654,0.299959232,0.004771958,-0.15
2.267454942,8.861015244,0.366592654,0.299959232,0.004771958,-0.15
2.295451533,8.871793647,0.351592654,0.299959232,0.004771958,-0.15
2.323606646,8.882150905,0.336592654,0.299959232,0.004771958,-0.15
2.351913943,8.892084687,0.321592654,0.299959232,0.004771958,-0.15
2.380367058,8.901592758,0.306592654,0.299959232,0.004771958,-0.15
2.408959587,8.910672978,0.291592654,0.299959232,0.004771958,-0.15
2.437685097,8.919323305,0.276592654,0.299959232,0.004771958,-0.15
2.466537127,8.927541793,0.261592654,0.299959232,0.004771958,-0.15
2.495509183,8.935326591,0.246592654,0.299959232,0.004771958,-0.15
2.524594747,8.94267595,0.231592654,0.299959232,0.004771958,-0.15
2.553787276,8.949588214,0.216592654,0.299959232,0.004771958,-0.15
2.5830802,8.956061829,0.201592654,0.299959232,0.004771958,-0.15
2.61246693,8.962095339,0.186592654,0.299959232,0.004771958,-0.15
2.641940853,8.967687386,0.171592654,0.299959232,0.004771958,-0.15
2.671495338,8.972836711,0.156592654,0.299959232,0.004771958,-0.15
2.701123735,8.977542156,0.141592654,0.299959232,0.004771958,-0.15
2.730819378,8.981802662,0.126592654,0.299959232,0.004771958,-0.15
2.760575585,8.985617272,0.111592654,0.299959232,0.004771958,-0.15
2.790385662,8.988985125,0.096592654,0.299959232,0.004771958,-0.15
2.820242902,8.991905466,0.081592654,0.299959232,0.004771958,-0.15
2.850140585,8.994377636,0.066592654,0.299959232,0.004771958,-0.15
2.880071987,8.99640108,0.051592654,0.299959232,0.004771958,-0.15
2.910030372,8.997975342,0.036592654,0.299959232,0.004771958,-0.15
2.940009,8.999100067,0.021592654,0.299959232,0.004771958,-0.15
2.970001125,8.999775004,0.006592654,0.299959232,0.004771958,-0.15
3,9,-0.008407346,0.299959232,0.004771958,-0.15
3.03,9,0,0.3,0,0.084073464
3.06,9,0,0.3,0,0
3.09,9,0,0.3,0,0
3.12,9,0,0.3,0,0
3.15,9,0,0.3,0,0
3.18,9,0,0.3,0,0
3.21,9,0,0.3,0,0
3.24,9,0,0.3,0,0
3.27,9,0,0.3,0,0
3.3,9,0,0.3,0,0
3.33,9,0,0.3,0,0
3.36,9,0,0.3,0,0
3.39,9,0,0.3,0,0
3.42,9,0,0.3,0,0
3.45,9,0,0.3,0,0
3.48,9,0,0.3,0,0
3.51,9,0,0.3,0,0
3.54,9,0,0.3,0,0
3.57,9,0,0.3,0,0
3.6,9,0,0.3,0,0
3.63,9,0,0.3,0,0
3.66,9,0,0.3,0,0
3.69,9,0,0.3,0,0
3.72,9,0,0.3,0,0
3.75,9,0,0.3,0,0
3.78,9,0,0.3,0,0
3.81,9,0,0.3,0,0
3.84,9,0,0.3,0,0
3.87,9,0,0.3,0,0
3.9,9,0,0.3,0,0
3.93,9,0,0.3,0,0
3.96,9,0,0.3,0,0
3.99,9,0,0.3,0,0
4.02,9,0,0.3,0,0
4.05,9,0,0.3,0,0
4.08,9,0,0.3,0,0
4.11,9,0,0.3,0,0
4.14,9,0,0.3,0,0
4.17,9,0,0.3,0,0
4.2,9,0,0.3,0,0
4.23,9,0,0.3,0,0
4.26,9,0,0.3,0,0
4.29,9,0,0.3,0,0
4.32,9,0,0.3,0,0
4.35,9,0,0.3,0,0
4.38,9,0,0.3,0,0
4.41,9,0,0.3,0,0
4.44,9,0,0.3,0,0
4.47,9,0,0.3,0,0
4.5,9,0,0.3,0,0
4.53,9,0,0.3,0,0
4.56,9,0,0.3,0,0
4.59,9,0,0.3,0,0
4.62,9,0,0.3,0,0
4.65,9,0,0.3,0,0
4.68,9,0,0.3,0,0
4.71,9,0,0.3,0,0
4.74,9,0,0.3,0,0
4.77,9,0,0.3,0,0
4.8,9,0,0.3,0,0
4.83,9,0,0.3,0,0
4.86,9,0,0.3,0,0
4.89,9,0,0.3,0,0
4.92,9,0,0.3,0,0
4.95,9,0,0.3,0,0
4.98,9,0,0.3,0,0
5.01,9,0,0.3,0,0
5.04,9,0,0.3,0,0
5.07,9,0,0.3,0,0
5.1,9,0,0.3,0,0
5.13,9,0,0.3,0,0
5.16,9,0,0.3,0,0
5.19,9,0,0.3,0,0
5.22,9,0,0.3,0,0
5.25,9,0,0.3,0,0
5.28,9,0,0.3,0,0
5.31,9,0,0.3,0,0
5.34,9,0,0.3,0,0
5.37,9,0,0.3,0,0
5.4,9,0,0.3,0,0
5.43,9,0,0.3,0,0
5.46,9,0,0.3,0,0
5.49,9,0,0.3,0,0
5.52,9,0,0.3,0,0
5.55,9,0,0.3,0,0
5.58,9,0,0.3,0,0
5.61,9,0,0.3,0,0
5.64,9,0,0.3,0,0
5.67,9,0,0.3,0,0
5.7,9,0,0.3,0,0
5.73,9,0,0.3,0,0
5.76,9,0,0.3,0,0
5.79,9,0,0.3,0,0
5.82,9,0,0.3,0,0
5.85,9,0,0.3,0,0
5.88,9,0,0.3,0,0
5.91,9,0,0.3,0,0
5.94,9,0,0.3,0,0
5.97,9,0,0.3,0,0
6,9,0,0.3,0,0
6.03,9,0,0.3,0,0
6.06,9,0,0.3,0,0
6.09,9,0,0.3,0,0
6.12,9,0,0.3,0,0
6.15,9,0,0.3,0,0
6.18,9,0,0.3,0,0
6.21,9,0,0.3,0,0
6.24,9,0,0.3,0,0
6.27,9,0,0.3,0,0
6.3,9,0,0.3,0,0
6.33,9,0,0.3,0,0
6.36,9,0,0.3,0,0
6.39,9,0,0.3,0,0
6.42,9,0,0.3,0,0
6.45,9,0,0.3,0,0
6.48,9,0,0.3,0,0
6.51,9,0,0.3,0,0
6.54,9,0,0.3,0,0
6.57,9,0,0.3,0,0
6.6,9,0,0.3,0,0
6.63,9,0,0.3,0,0
6.66,9,0,0.3,0,0
6.69,9,0,0.3,0,0
6.72,9,0,0.3,0,0
6.75,9,0,0.3,0,0
6.78,9,0,0.3,0,0
6.81,9,0,0.3,0,0
6.84,9,0,0.3,0,0
6.87,9,0,0.3,0,0
6.9,9,0,0.3,0,0
6.93,9,0,0.3,0,0
6.96,9,0,0.3,0,0
6.99,9,0,0.3,0,0
7.02,9,0,0.3,0,0
7.05,9,0,0.3,0,0
7.08,9,0,0.3,0,0
7.11,9,0,0.3,0,0
7.14,9,0,0.3,0,0
7.17,9,0,0.3,0,0
7.2,9,0,0.3,0,0
7.23,9,0,0.3,0,0
7.26,9,0,0.3,0,0
7.29,9,0,0.3,0,0
7.32,9,0,0.3,0,0
7.35,9,0,0.3,0,0
7.38,9,0,0.3,0,0
7.41,9,0,0.3,0,0
7.44,9,0,0.3,0,0
7.47,9,0,0.3,0,0
7.5,9,0,0.3,0,0
7.53,9,0,0.3,0,0
7.56,9,0,0.3,0,0
7.59,9,0,0.3,0,0
7.62,9,0,0.3,0,0
7.65,9,0,0.3,0,0
7.68,9,0,0.3,0,0
7.71,9,0,0.3,0,0
7.74,9,0,0.3,0,0
7.77,9,0,0.3,0,0
7.8,9,0,0.3,0,0
7.83,9,0,0.3,0,0
7.86,9,0,0.3,0,0
7.89,9,0,0.3,0,0
7.92,9,0,0.3,0,0
7.95,9,0,0.3,0,0
7.98,9,0,0.3,0,0
8.01,9,0,0.3,0,0
8.04,9,0,0.3,0,0
8.07,9,0,0.3,0,0
8.1,9,0,0.3,0,0
8.13,9,0,0.3,0,0
8.16,9,0,0.3,0,0
8.19,9,0,0.3,0,0
8.22,9,0,0.3,0,0
8.25,9,0,0.3,0,0
8.28,9,0,0.3,0,0
8.31,9,0,0.3,0,0
8.34,9,0,0.3,0,0
8.37,9,0,0.3,0,0
8.4,9,0,0.3,0,0
8.43,9,0,0.3,0,0
8.46,9,0,0.3,0,0
8.49,9,0,0.3,0,0
8.52,9,0,0.3,0,0
8.55,9,0,0.3,0,0
8.58,9,0,0.3,0,0
8.61,9,0,0.3,0,0
8.64,9,0,0.3,0,0
8.67,9,0,0.3,0,0
8.7,9,0,0.3,0,0
8.73,9,0,0.3,0,0
8.76,9,0,0.3,0,0
8.79,9,0,0.3,0,0
8.82,9,0,0.3,0,0
8.85,9,0,0.3,0,0
8.88,9,0,0.3,0,0
8.91,9,0,0.3,0,0
8.94,9,0,0.3,0,0
8.97,9,0,0.3,0,0
9,9,0,0.3,0,0
9.03,9,0,0.3,0,0
9.06,9,0,0.3,0,0
9.09,9,0,0.3,0,0
9.12,9,0,0.3,0,0
9.15,9,0,0.3,0,0
9.18,9,0,0.3,0,0
9.21,9,0,0.3,0,0
9.24,9,0,0.3,0,0
9.27,9,0,0.3,0,0
9.3,9,0,0.3,0,0
9.33,9,0,0.3,0,0
9.36,9,0,0.3,0,0
9.39,9,0,0.3,0,0
9.42,9,0,0.3,0,0
9.45,9,0,0.3,0,0
9.48,9,0,0.3,0,0
9.51,9,0,0.3,0,0
9.54,9,0,0.3,0,0
9.57,9,0,0.3,0,0
9.6,9,0,0.3,0,0
9.63,9,0,0.3,0,0
9.66,9,0,0.3,0,0
9.69,9,0,0.3,0,0
9.72,9,0,0.3,0,0
9.75,9,0,0.3,0,0
9.78,9,0,0.3,0,0
9.81,9,0,0.3,0,0
9.84,9,0,0.3,0,0
9.87,9,0,0.3,0,0
9.9,9,0,0.3,0,0
9.93,9,0,0.3,0,0
9.96,9,0,0.3,0,0
9.99,9,0,0.3,0,0
10.02,9,0,0.3,0,0
10.05,9,0,0.3,0,0
10.08,9,0,0.3,0,0
10.11,9,0,0.3,0,0
10.14,9,0,0.3,0,0
10.17,9,0,0.3,0,0
10.2,9,0,0.3,0,0
10.23,9,0,0.3,0,0
10.26,9,0,0.3,0,0
10.29,9,0,0.3,0,0
10.32,9,0,0.3,0,0
10.35,9,0,0.3,0,0
10.38,9,0,0.3,0,0
10.41,9,0,0.3,0,0
10.44,9,0,0.3,0,0
10.47,9,0,0.3,0,0
10.5,9,0,0.3,0,0
10.53,9,0,0.3,0,0
10.56,9,0,0.3,0,0
10.59,9,0,0.3,0,0
10.62,9,0,0.3,0,0
10.65,9,0,0.3,0,0
10.68,9,0,0.3,0,0
10.71,9,0,0.3,0,0
10.74,9,0,0.3,0,0
10.77,9,0,0.3,0,0
10.8,9,0,0.3,0,0
10.83,9,0,0.3,0,0
10.86,9,0,0.3,0,0
10.89,9,0,0.3,0,0
10.92,9,0,0.3,0,0
10.95,9,0,0.3,0,0
10.98,9,0,0.3,0,0
11.01,9,0,0.3,0,0
11.04,9,0,0.3,0,0
11.07,9,0,0.3,0,0
11.1,9,0,0.3,0,0
11.13,9,0,0.3,0,0
11.16,9,0,0.3,0,0
11.19,9,0,0.3,0,0
11.22,9,0,0.3,0,0
11.25,9,0,0.3,0,0
11.28,9,0,0.3,0,0
11.31,9,0,0.3,0,0
11.34,9,0,0.3,0,0
11.37,9,0,0.3,0,0
11.4,9,0,0.3,0,0
11.43,9,0,0.3,0,0
11.46,9,0,0.3,0,0
11.49,9,0,0.3,0,0
11.52,9,0,0.3,0,0
11.55,9,0,0.3,0,0
11.58,9,0,0.3,0,0
11.61,9,0,0.3,0,0
11.64,9,0,0.3,0,0
11.67,9,0,0.3,0,0
11.7,9,0,0.3,0,0
11.73,9,0,0.3,0,0
11.76,9,0,0.3,0,0
11.79,9,0,0.3,0,0
11.82,9,0,0.3,0,0
11.85,9,0,0.3,0,0
11.88,9,0,0.3,0,0
11.91,9,0,0.3,0,0
11.94,9,0,0.3,0,0
11.97,9,0,0.3,0,0
12,9,0,0.3,0,0
12.03,9,0,0.3,0,0
12.06,9,0,0.3,0,0
12.09,9,0,0.3,0,0
12.12,9,0,0.3,0,0
12.15,9,0,0.3,0,0
12.18,9,0,0.3,0,0
12.21,9,0,0.3,0,0
12.24,9,0,0.3,0,0
12.27,9,0,0.3,0,0
12.3,9,0,0.3,0,0
12.33,9,0,0.3,0,0
12.36,9,0,0.3,0,0
12.39,9,0,0.3,0,0
12.42,9,0,0.3,0,0
12.45,9,0,0.3,0,0
12.48,9,0,0.3,0,0
12.51,9,0,0.3,0,0
12.54,9,0,0.3,0,0
12.57,9,0,0.3,0,0
12.6,9,0,0.3,0,0
12.63,9,0,0.3,0,0
12.66,9,0,0.3,0,0
12.69,9,0,0.3,0,0
12.72,9,0,0.3,0,0
12.75,9,0,0.3,0,0
12.78,9,0,0.3,0,0
12.81,9,0,0.3,0,0
12.84,9,0,0.3,0,0
12.87,9,0,0.3,0,0
12.9,9,0,0.3,0,0
12.93,9,0,0.3,0,0
12.96,9,0,0.3,0,0
12.99,9,0,0.3,0,0
13.02,9,0,0.3,0,0
13.05,9,0,0.3,0,0
13.08,9,0,0.3,0,0
13.11,9,0,0.3,0,0
13.14,9,0,0.3,0,0
13.17,9,0,0.3,0,0
13.2,9,0,0.3,0,0
13.23,9,0,0.3,0,0
13.26,9,0,0.3,0,0
13.29,9,0,0.3,0,0
13.32,9,0,0.3,0,0
13.35,9,0,0.3,0,0
13.38,9,0,0.3,0,0
13.41,9,0,0.3,0,0
13.44,9,0,0.3,0,0
13.47,9,0,0.3,0,0
13.5,9,0,0.3,0,0
13.53,9,0,0.3,0,0
13.56,9,0,0.3,0,0
13.59,9,0,0.3,0,0
13.62,9,0,0.3,0,0
13.65,9,0,0.3,0,0
13.68,9,0,0.3,0,0
13.71,9,0,0.3,0,0
13.74,9,0,0.3,0,0
13.77,9,0,0.3,0,0
13.8,9,0,0.3,0,0
13.83,9,0,0.3,0,0
13.86,9,0,0.3,0,0
13.89,9,0,0.3,0,0
13.92,9,0,0.3,0,0
13.95,9,0,0.3,0,0
13.98,9,0,0.3,0,0
14.01,9,0,0.3,0,0
14.04,9,0,0.3,0,0
14.07,9,0,0.3,0,0
14.1,9,0,0.3,0,0
14.13,9,0,0.3,0,0
14.16,9,0,0.3,0,0
14.19,9,0,0.3,0,0
14.22,9,0,0.3,0,0
14.25,9,0,0.3,0,0
14.28,9,0,0.3,0,0
14.31,9,0,0.3,0,0
14.34,9,0,0.3,0,0
14.37,9,0,0.3,0,0
14.4,9,0,0.3,0,0
14.43,9,0,0.3,0,0
14.46,9,0,0.3,0,0
14.49,9,0,0.3,0,0
14.52,9,0,0.3,0,0
14.55,9,0,0.3,0,0
14.58,9,0,0.3,0,0
14.61,9,0,0.3,0,0
14.64,9,0,0.3,0,0
14.67,9,0,0.3,0,0
14.7,9,0,0.3,0,0
14.73,9,0,0.3,0,0
14.76,9,0,0.3,0,0
14.79,9,0,0.3,0,0
14.82,9,0,0.3,0,0
14.85,9,0,0.3,0,0
14.88,9,0,0.3,0,0
14.91,9,0,0.3,0,0
14.94,9,0,0.3,0,0
14.97,9,0,0.3,0,0
15,9,0,0.3,0,0
15.03,9,0,0.3,0,0
15.06,9,0,0.3,0,0
15.09,9,0,0.3,0,0
15.12,9,0,0.3,0,0
15.15,9,0,0.3,0,0
15.18,9,0,0.3,0,0
15.21,9,0,0.3,0,0
15.24,9,0,0.3,0,0
15.27,9,0,0.3,0,0
15.3,9,0,0.3,0,0
15.33,9,0,0.3,0,0
15.36,9,0,0.3,0,0
15.39,9,0,0.3,0,0
15.42,9,0,0.3,0,0
15.45,9,0,0.3,0,0
15.48,9,0,0.3,0,0
15.51,9,0,0.3,0,0
15.54,9,0,0.3,0,0
15.57,9,0,0.3,0,0
15.6,9,0,0.3,0,0
15.63,9,0,0.3,0,0
15.66,9,0,0.3,0,0
15.69,9,0,0.3,0,0
15.72,9,0,0.3,0,0
15.75,9,0,0.3,0,0
15.78,9,0,0.3,0,0
15.81,9,0,0.3,0,0
15.84,9,0,0.3,0,0
15.87,9,0,0.3,0,0
15.9,9,0,0.3,0,0
15.93,9,0,0.3,0,0
15.96,9,0,0.3,0,0
15.99,9,0,0.3,0,0
16.02,9,0,0.3,0,0
16.05,9,0,0.3,0,0
16.08,9,0,0.3,0,0
16.11,9,0,0.3,0,0
16.14,9,0,0.3,0,0
16.17,9,0,0.3,0,0
16.2,9,0,0.3,0,0
16.23,9,0,0.3,0,0
16.26,9,0,0.3,0,0
16.29,9,0,0.3,0,0
16.32,9,0,0.3,0,0
16.35,9,0,0.3,0,0
16.38,9,0,0.3,0,0
16.41,9,0,0.3,0,0
16.44,9,0,0.3,0,0
16.47,9,0,0.3,0,0
16.5,9,0,0.3,0,0
16.53,9,0,0.3,0,0
16.56,9,0,0.3,0,0
16.59,9,0,0.3,0,0
16.62,9,0,0.3,0,0
16.65,9,0,0.3,0,0
16.68,9,0,0.3,0,0
16.71,9,0,0.3,0,0
16.74,9,0,0.3,0,0
16.77,9,0,0.3,0,0
16.8,9,0,0.3,0,0
16.83,9,0,0.3,0,0
16.86,9,0,0.3,0,0
16.89,9,0,0.3,0,0
16.92,9,0,0.3,0,0
16.95,9,0,0.3,0,0
16.98,9,0,0.3,0,0
17.01,9,0,0.3,0,0
17.04,9,0,0.3,0,0
17.07,9,0,0.3,0,0
17.1,9,0,0.3,0,0
17.13,9,0,0.3,0,0
17.16,9,0,0.3,0,0
17.19,9,0,0.3,0,0
17.22,9,0,0.3,0,0
17.25,9,0,0.3,0,0
17.28,9,0,0.3,0,0
17.31,9,0,0.3,0,0
17.34,9,0,0.3,0,0
17.37,9,0,0.3,0,0
17.4,9,0,0.3,0,0
17.43,9,0,0.3,0,0
17.46,9,0,0.3,0,0
17.49,9,0,0.3,0,0
17.52,9,0,0.3,0,0
17.55,9,0,0.3,0,0
17.58,9,0,0.3,0,0
17.61,9,0,0.3,0,0
17.64,9,0,0.3,0,0
17.67,9,0,0.3,0,0
17.7,9,0,0.3,0,0
17.73,9,0,0.3,0,0
17.76,9,0,0.3,0,0
17.79,9,0,0.3,0,0
17.82,9,0,0.3,0,0
17.85,9,0,0.3,0,0
17.88,9,0,0.3,0,0
17.91,9,0,0.3,0,0
17.94,9,0,0.3,0,0
17.97,9,0,0.3,0,0
18,9,0,0.3,0,0
18.03,9,0,0.3,0,0
18.06,9,0,0.3,0,0
18.09,9,0,0.3,0,0
18.12,9,0,0.3,0,0
18.15,9,0,0.3,0,0
18.18,9,0,0.3,0,0
18.21,9,0,0.3,0,0
18.24,9,0,0.3,0,0
18.27,9,0,0.3,0,0
18.3,9,0,0.3,0,0
18.33,9,0,0.3,0,0
18.36,9,0,0.3,0,0
18.39,9,0,0.3,0,0
18.42,9,0,0.3,0,0
18.45,9,0,0.3,0,0
18.48,9,0,0.3,0,0
18.51,9,0,0.3,0,0
18.54,9,0,0.3,0,0
18.57,9,0,0.3,0,0
18.6,9,0,0.3,0,0
18.63,9,0,0.3,0,0
18.66,9,0,0.3,0,0
18.69,9,0,0.3,0,0
18.72,9,0,0.3,0,0
18.75,9,0,0.3,0,0
18.78,9,0,0.3,0,0
18.81,9,0,0.3,0,0
18.84,9,0,0.3,0,0
18.87,9,0,0.3,0,0
18.9,9,0,0.3,0,0
18.93,9,0,0.3,0,0
18.96,9,0,0.3,0,0
18.99,9,0,0.3,0,0
19.02999888,9.000224996,0.015,0.3999775,-0.003749902,0.15
19.059991,9.000899933,0.03,0.29998875,-0.002249958,0.15
19.08996963,9.002024658,0.045,0.29998875,-0.002249958,0.15
19.11992801,9.00359892,0.06,0.29998875,-0.002249958,0.15
19.14985941,9.005622364,0.075,0.29998875,-0.002249958,0.15
19.1797571,9.008094534,0.09,0.29998875,-0.002249958,0.15
19.20961434,9.011014875,0.105,0.29998875,-0.002249958,0.15
19.23942441,9.014382728,0.12,0.29998875,-0.002249958,0.15
19.26918062,9.018197338,0.135,0.29998875,-0.002249958,0.15
19.29887626,9.022457844,0.15,0.29998875,-0.002249958,0.15
19.32850466,9.027163289,0.165,0.29998875,-0.002249958,0.15
19.35805915,9.032312614,0.18,0.29998875,-0.002249958,0.15
19.38753307,9.037904661,0.195,0.29998875,-0.002249958,0.15
19.4169198,9.043938171,0.21,0.29998875,-0.002249958,0.15
19.44621272,9.050411786,0.225,0.29998875,-0.002249958,0.15
19.47540525,9.05732405,0.24,0.29998875,-0.002249958,0.15
19.50449082,9.064673409,0.255,0.29998875,-0.002249958,0.15
19.53346287,9.072458207,0.27,0.29998875,-0.002249958,0.15
19.5623149,9.080676695,0.285,0.29998875,-0.002249958,0.15
19.59104041,9.089327022,0.3,0.29998875,-0.002249958,0.15
19.61963294,9.098407242,0.315,0.29998875,-0.002249958,0.15
19.64808606,9.107915313,0.33,0.29998875,-0.002249958,0.15
19.67639335,9.117849095,0.345,0.29998875,-0.002249958,0.15
19.70454847,9.128206353,0.36,0.29998875,-0.002249958,0.15
19.73254506,9.138984756,0.375,0.29998875,-0.002249958,0.15
19.76037683,9.15018188,0.39,0.29998875,-0.002249958,0.15
19.78803752,9.161795206,0.405,0.29998875,-0.002249958,0.15
19.81552091,9.173822119,0.42,0.29998875,-0.002249958,0.15
19.8428208,9.186259915,0.435,0.29998875,-0.002249958,0.15
19.86993107,9.199105795,0.45,0.29998875,-0.002249958,0.15
19.8968456,9.212356869,0.465,0.29998875,-0.002249958,0.15
19.92355835,9.226010154,0.48,0.29998875,-0.002249958,0.15
19.9500633,9.24006258,0.495,0.29998875,-0.002249958,0.15
19.97635449,9.254510985,0.51,0.29998875,-0.002249958,0.15
20.00242601,9.269352117,0.525,0.29998875,-0.002249958,0.15
20.02827198,9.284582637,0.54,0.29998875,-0.002249958,0.15
20.0538866,9.300199119,0.555,0.29998875,-0.002249958,0.15
20.0792641,9.31619805,0.57,0.29998875,-0.002249958,0.15
20.10439876,9.332575828,0.585,0.29998875,-0.002249958,0.15
20.12928495,9.34932877,0.6,0.29998875,-0.002249958,0.15
20.15391704,9.366453106,0.615,0.29998875,-0.002249958,0.15
20.17828952,9.383944983,0.63,0.29998875,-0.002249958,0.15
20.20239688,9.401800466,0.645,0.29998875,-0.002249958,0.15
20.2262337,9.420015537,0.66,0.29998875,-0.002249958,0.15
20.24979463,9.438586098,0.675,0.29998875,-0.002249958,0.15
20.27307436,9.45750797,0.69,0.29998875,-0.002249958,0.15
20.29606766,9.476776896,0.705,0.29998875,-0.002249958,0.15
20.31876934,9.496388542,0.72,0.29998875,-0.002249958,0.15
20.34117431,9.516338493,0.735,0.29998875,-0.002249958,0.15
20.36327752,9.536622262,0.75,0.29998875,-0.002249958,0.15
20.385074,9.557235285,0.765,0.29998875,-0.002249958,0.15
20.40655884,9.578172924,0.78,0.29998875,-0.002249958,0.15
20.42772721,9.599430468,0.795,0.29998875,-0.002249958,0.15
20.44857435,9.621003134,0.81,0.29998875,-0.002249958,0.15
20.46909556,9.642886069,0.825,0.29998875,-0.002249958,0.15
20.48928624,9.665074348,0.84,0.29998875,-0.002249958,0.15
20.50914183,9.687562981,0.855,0.29998875,-0.002249958,0.15
20.52865787,9.710346906,0.87,0.29998875,-0.002249958,0.15
20.54782997,9.733420997,0.885,0.29998875,-0.002249958,0.15
20.56665382,9.756780063,0.9,0.29998875,-0.002249958,0.15
20.58512517,9.780418849,0.915,0.29998875,-0.002249958,0.15
20.60323988,9.804332035,0.93,0.29998875,-0.002249958,0.15
20.62099387,9.828514242,0.945,0.29998875,-0.002249958,0.15
20.63838314,9.852960028,0.96,0.29998875,-0.002249958,0.15
20.65540378,9.877663893,0.975,0.29998875,-0.002249958,0.15
20.67205196,9.902620279,0.99,0.29998875,-0.002249958,0.15
20.68832393,9.927823571,1.005,0.29998875,-0.002249958,0.15
20.70421604,9.953268097,1.02,0.29998875,-0.002249958,0.15
20.71972471,9.978948135,1.035,0.29998875,-0.002249958,0.15
20.73484645,10.0048579,1.05,0.29998875,-0.002249958,0.15
20.74957786,10.03099158,1.065,0.29998875,-0.002249958,0.15
20.76391561,10.05734327,1.08,0.29998875,-0.002249958,0.15
20.7778565,10.08390706,1.095,0.29998875,-0.002249958,0.15
20.79139737,10.11067697,1.11,0.29998875,-0.002249958,0.15
20.80453519,10.13764697,1.125,0.29998875,-0.002249958,0.15
20.81726699,10.16481099,1.14,0.29998875,-0.002249958,0.15
20.82958992,10.19216293,1.155,0.29998875,-0.002249958,0.15
20.8415012,10.21969663,1.17,0.29998875,-0.002249958,0.15
20.85299814,10.2474059,1.185,0.29998875,-0.002249958,0.15
20.86407817,10.27528449,1.2,0.29998875,-0.002249958,0.15
20.87473879,10.30332614,1.215,0.29998875,-0.002249958,0.15
20.8849776,10.33152455,1.23,0.29998875,-0.002249958,0.15
20.8947923,10.35987335,1.245,0.29998875,-0.002249958,0.15
20.90418068,10.38836618,1.26,0.29998875,-0.002249958,0.15
20.91314063,10.41699663,1.275,0.29998875,-0.002249958,0.15
20.92167013,10.44575825,1.29,0.29998875,-0.002249958,0.15
20.92976726,10.47464457,1.305,0.29998875,-0.002249958,0.15
20.9374302,10.5036491,1.32,0.29998875,-0.002249958,0.15
20.94465723,10.5327653,1.335,0.29998875,-0.002249958,0.15
20.95144672,10.56198663,1.35,0.29998875,-0.002249958,0.15
20.95779714,10.5913065,1.365,0.29998875,-0.002249958,0.15
20.96370706,10.62071834,1.38,0.29998875,-0.002249958,0.15
20.96917516,10.65021551,1.395,0.29998875,-0.002249958,0.15
20.9742002,10.67979138,1.41,0.29998875,-0.002249958,0.15
20.97878106,10.70943929,1.425,0.29998875,-0.002249958,0.15
20.9829167,10.73915258,1.44,0.29998875,-0.002249958,0.15
20.98660619,10.76892456,1.455,0.29998875,-0.002249958,0.15
20.9898487,10.79874853,1.47,0.29998875,-0.002249958,0.15
20.9926435,10.82861778,1.485,0.29998875,-0.002249958,0.15
20.99498997,10.8585256,1.5,0.29998875,-0.002249958,0.15
20.99688758,10.88846524,1.515,0.29998875,-0.002249958,0.15
20.99833589,10.91842998,1.53,0.29998875,-0.002249958,0.15
20.99933459,10.94841307,1.545,0.29998875,-0.002249958,0.15
20.99988344,10.97840777,1.56,0.29998875,-0.002249958,0.15
20.99998233,11.00840732,1.575,0.29998875,-0.002249958,0.15
20.99963123,11.03840499,1.59,0.29998875,-0.002249958,0.15
20.99883022,11.06839401,1.605,0.29998875,-0.002249958,0.15
20.99757949,11.09836764,1.62,0.29998875,-0.002249958,0.15
20.9958793,11.12831915,1.635,0.29998875,-0.002249958,0.15
20.99373006,11.15824178,1.65,0.29998875,-0.002249958,0.15
20.99113223,11.18812881,1.665,0.29998875,-0.002249958,0.15
20.9880864,11.2179735,1.68,0.29998875,-0.002249958,0.15
20.98459327,11.24776916,1.695,0.29998875,-0.002249958,0.15
20.98065361,11.27750907,1.71,0.29998875,-0.002249958,0.15
20.97626831,11.30718654,1.725,0.29998875,-0.002249958,0.15
20.97143836,11.3367949,1.74,0.29998875,-0.002249958,0.15
20.96616484,11.36632747,1.755,0.29998875,-0.002249958,0.15
20.96044895,11.39577763,1.77,0.29998875,-0.002249958,0.15
20.95429196,11.42513874,1.785,0.29998875,-0.002249958,0.15
20.94769526,11.45440419,1.8,0.29998875,-0.002249958,0.15
20.94066034,11.4835674,1.815,0.29998875,-0.002249958,0.15
20.93318878,11.51262182,1.83,0.29998875,-0.002249958,0.15
20.92528227,11.54156089,1.845,0.29998875,-0.002249958,0.15
20.91694257,11.57037812,1.86,0.29998875,-0.002249958,0.15
20.90817156,11.59906701,1.875,0.29998875,-0.002249958,0.15
20.89897123,11.62762112,1.89,0.29998875,-0.002249958,0.15
20.88934364,11.65603401,1.905,0.29998875,-0.002249958,0.15
20.87929095,11.6842993,1.92,0.29998875,-0.002249958,0.15
20.86881543,11.71241063,1.935,0.29998875,-0.002249958,0.15
20.85791943,11.74036166,1.95,0.29998875,-0.002249958,0.15
20.84660541,11.76814612,1.965,0.29998875,-0.002249958,0.15
20.83487591,11.79575775,1.98,0.29998875,-0.002249958,0.15
20.82273357,11.82319033,1.995,0.29998875,-0.002249958,0.15
20.81018113,11.8504377,2.01,0.29998875,-0.002249958,0.15
20.7972214,11.87749373,2.025,0.29998875,-0.002249958,0.15
20.7838573,11.90435232,2.04,0.29998875,-0.002249958,0.15
20.77009185,11.93100744,2.055,0.29998875,-0.002249958,0.15
20.75592813,11.95745309,2.07,0.29998875,-0.002249958,0.15
20.74136933,11.98368331,2.085,0.29998875,-0.002249958,0.15
20.72641873,12.00969221,2.1,0.29998875,-0.002249958,0.15
20.7110797,12.03547393,2.115,0.29998875,-0.002249958,0.15
20.69535568,12.06102268,2.13,0.29998875,-0.002249958,0.15
20.67925021,12.08633269,2.145,0.29998875,-0.002249958,0.15
20.66276692,12.11139829,2.16,0.29998875,-0.002249958,0.15
20.64590951,12.13621383,2.175,0.29998875,-0.002249958,0.15
20.62868178,12.16077373,2.19,0.29998875,-0.002249958,0.15
20.61108761,12.18507245,2.205,0.29998875,-0.002249958,0.15
20.59313094,12.20910454,2.22,0.29998875,-0.002249958,0.15
20.57481583,12.23286459,2.235,0.29998875,-0.002249958,0.15
20.55614639,12.25634725,2.25,0.29998875,-0.002249958,0.15
20.53712683,12.27954723,2.265,0.29998875,-0.002249958,0.15
20.51776142,12.30245932,2.28,0.29998875,-0.002249958,0.15
20.49805451,12.32507836,2.295,0.29998875,-0.002249958,0.15
20.47801056,12.34739927,2.31,0.29998875,-0.002249958,0.15
20.45763405,12.36941702,2.325,0.29998875,-0.002249958,0.15
20.43692959,12.39112665,2.34,0.29998875,-0.002249958,0.15
20.41590182,12.41252329,2.355,0.29998875,-0.002249958,0.15
20.39455548,12.43360211,2.37,0.29998875,-0.002249958,0.15
20.37289537,12.45435839,2.385,0.29998875,-0.002249958,0.15
20.35092636,12.47478743,2.4,0.29998875,-0.002249958,0.15
20.3286534,12.49488466,2.415,0.29998875,-0.002249958,0.15
20.3060815,12.51464554,2.43,0.29998875,-0.002249958,0.15
20.28321574,12.53406563,2.445,0.29998875,-0.002249958,0.15
20.26006126,12.55314057,2.46,0.29998875,-0.002249958,0.15
20.23662327,12.57186605,2.475,0.29998875,-0.002249958,0.15
20.21290705,12.59023787,2.49,0.29998875,-0.002249958,0.15
20.18891792,12.6082519,2.505,0.29998875,-0.002249958,0.15
20.1646613,12.62590407,2.52,0.29998875,-0.002249958,0.15
20.14014263,12.64319043,2.535,0.29998875,-0.002249958,0.15
20.11536743,12.66010707,2.55,0.29998875,-0.002249958,0.15
20.09034129,12.6766502,2.565,0.29998875,-0.002249958,0.15
20.06506982,12.69281608,2.58,0.29998875,-0.002249958,0.15
20.03955871,12.70860109,2.595,0.29998875,-0.002249958,0.15
20.0138137,12.72400167,2.61,0.29998875,-0.002249958,0.15
19.9878406,12.73901436,2.625,0.29998875,-0.002249958,0.15
19.96164523,12.75363578,2.64,0.29998875,-0.002249958,0.15
19.9352335,12.76786264,2.655,0.29998875,-0.002249958,0.15
19.90861134,12.78169173,2.67,0.29998875,-0.002249958,0.15
19.88178475,12.79511996,2.685,0.29998875,-0.002249958,0.15
19.85475976,12.80814428,2.7,0.29998875,-0.002249958,0.15
19.82754245,12.82076179,2.715,0.29998875,-0.002249958,0.15
19.80013896,12.83296963,2.73,0.29998875,-0.002249958,0.15
19.77255543,12.84476506,2.745,0.29998875,-0.002249958,0.15
19.74479808,12.85614542,2.76,0.29998875,-0.002249958,0.15
19.71687315,12.86710816,2.775,0.29998875,-0.002249958,0.15
19.68878693,12.87765081,2.79,0.29998875,-0.002249958,0.15
19.66054574,12.88777099,2.805,0.29998875,-0.002249958,0.15
19.63215593,12.89746644,2.82,0.29998875,-0.002249958,0.15
19.60362388,12.90673496,2.835,0.29998875,-0.002249958,0.15
19.57495602,12.91557448,2.85,0.29998875,-0.002249958,0.15
19.5461588,12.92398299,2.865,0.29998875,-0.002249958,0.15
19.5172387,12.93195862,2.88,0.29998875,-0.002249958,0.15
19.48820222,12.93949957,2.895,0.29998875,-0.002249958,0.15
19.45905589,12.94660414,2.91,0.29998875,-0.002249958,0.15
19.42980628,12.95327073,2.925,0.29998875,-0.002249958,0.15
19.40045997,12.95949785,2.94,0.29998875,-0.002249958,0.15
19.37102355,12.96528408,2.955,0.29998875,-0.002249958,0.15
19.34150366,12.97062814,2.97,0.29998875,-0.002249958,0.15
19.31190693,12.97552881,2.985,0.29998875,-0.002249958,0.15
19.28224002,12.97998499,3,0.29998875,-0.002249958,0.15
19.2525096,12.98399569,3.015,0.29998875,-0.002249958,0.15
19.22272238,12.98756,3.03,0.29998875,-0.002249958,0.15
19.19288504,12.99067711,3.045,0.29998875,-0.002249958,0.15
19.1630043,12.99334633,3.06,0.29998875,-0.002249958,0.15
19.13308689,12.99556706,3.075,0.29998875,-0.002249958,0.15
19.10313954,12.99733879,3.09,0.29998875,-0.002249958,0.15
19.07316898,12.99866113,3.105,0.29998875,-0.002249958,0.15
19.04318195,12.99953378,3.12,0.29998875,-0.002249958,0.15
19.01318521,12.99995654,3.135,0.29998875,-0.002249958,0.15
18.98318521,12.99995654,3.141592654,0.3,3.67E-17,0.065926536
18.95318521,12.99995654,3.141592654,0.3,3.67E-17,0
18.92318521,12.99995654,3.141592654,0.3,3.67E-17,0
18.89318521,12.99995654,3.141592654,0.3,3.67E-17,0
18.86318521,12.99995654,3.141592654,0.3,3.67E-17,0
18.83318521,12.99995654,3.141592654,0.3,3.67E-17,0
18.80318521,12.99995654,3.141592654,0.3,3.67E-17,0
18.77318521,12.99995654,3.141592654,0.3,3.67E-17,0
18.74318521,12.99995654,3.141592654,0.3,3.67E-17,0
18.71318521,12.99995654,3.141592654,0.3,3.67E-17,0
18.68318521,12.99995654,3.141592654,0.3,3.67E-17,0
18.65318521,12.99995654,3.141592654,0.3,3.67E-17,0
18.62318521,12.99995654,3.141592654,0.3,3.67E-17,0
18.59318521,12.99995654,3.141592654,0.3,3.67E-17,0
18.56318521,12.99995654,3.141592654,0.3,3.67E-17,0
18.53318521,12.99995654,3.141592654,0.3,3.67E-17,0
18.50318521,12.99995654,3.141592654,0.3,3.67E-17,0
18.47318521,12.99995654,3.141592654,0.3,3.67E-17,0
18.44318521,12.99995654,3.141592654,0.3,3.67E-17,0
18.41318521,12.99995654,3.141592654,0.3,3.67E-17,0
18.38318521,12.99995654,3.141592654,0.3,3.67E-17,0
18.35318521,12.99995654,3.141592654,0.3,3.67E-17,0
18.32318521,12.99995654,3.141592654,0.3,3.67E-17,0
18.29318521,12.99995654,3.141592654,0.3,3.67E-17,0
18.26318521,12.99995654,3.141592654,0.3,3.67E-17,0
18.23318521,12.99995654,3.141592654,0.3,3.67E-17,0
18.20318521,12.99995654,3.141592654,0.3,3.67E-17,0
18.17318521,12.99995654,3.141592654,0.3,3.67E-17,0
18.14318521,12.99995654,3.141592654,0.3,3.67E-17,0
18.11318521,12.99995654,3.141592654,0.3,3.67E-17,0
18.08318521,12.99995654,3.141592654,0.3,3.67E-17,0
18.05318521,12.99995654,3.141592654,0.3,3.67E-17,0
18.02318521,12.99995654,3.141592654,0.3,3.67E-17,0
17.99318521,12.99995654,3.141592654,0.3,3.67E-17,0
17.96318521,12.99995654,3.141592654,0.3,3.67E-17,0
17.93318521,12.99995654,3.141592654,0.3,3.67E-17,0
17.90318521,12.99995654,3.141592654,0.3,3.67E-17,0
17.87318521,12.99995654,3.141592654,0.3,3.67E-17,0
17.84318521,12.99995654,3.141592654,0.3,3.67E-17,0
17.81318521,12.99995654,3.141592654,0.3,3.67E-17,0
17.78318521,12.99995654,3.141592654,0.3,3.67E-17,0
17.75318521,12.99995654,3.141592654,0.3,3.67E-17,0
17.72318521,12.99995654,3.141592654,0.3,3.67E-17,0
17.69318521,12.99995654,3.141592654,0.3,3.67E-17,0
17.66318521,12.99995654,3.141592654,0.3,3.67E-17,0
17.63318521,12.99995654,3.141592654,0.3,3.67E-17,0
17.60318521,12.99995654,3.141592654,0.3,3.67E-17,0
17.57318521,12.99995654,3.141592654,0.3,3.67E-17,0
17.54318521,12.99995654,3.141592654,0.3,3.67E-17,0
17.51318521,12.99995654,3.141592654,0.3,3.67E-17,0
17.48318521,12.99995654,3.141592654,0.3,3.67E-17,0
17.45318521,12.99995654,3.141592654,0.3,3.67E-17,0
17.42318521,12.99995654,3.141592654,0.3,3.67E-17,0
17.39318521,12.99995654,3.141592654,0.3,3.67E-17,0
17.36318521,12.99995654,3.141592654,0.3,3.67E-17,0
17.33318521,12.99995654,3.141592654,0.3,3.67E-17,0
17.30318521,12.99995654,3.141592654,0.3,3.67E-17,0
17.27318521,12.99995654,3.141592654,0.3,3.67E-17,0
17.24318521,12.99995654,3.141592654,0.3,3.67E-17,0
17.21318521,12.99995654,3.141592654,0.3,3.67E-17,0
17.18318521,12.99995654,3.141592654,0.3,3.67E-17,0
17.15318521,12.99995654,3.141592654,0.3,3.67E-17,0
17.12318521,12.99995654,3.141592654,0.3,3.67E-17,0
17.09318521,12.99995654,3.141592654,0.3,3.67E-17,0
17.06318521,12.99995654,3.141592654,0.3,3.67E-17,0
17.03318521,12.99995654,3.141592654,0.3,3.67E-17,0
17.00318521,12.99995654,3.141592654,0.3,3.67E-17,0
16.97318521,12.99995654,3.141592654,0.3,3.67E-17,0
16.94318521,12.99995654,3.141592654,0.3,3.67E-17,0
16.91318521,12.99995654,3.141592654,0.3,3.67E-17,0
16.88318521,12.99995654,3.141592654,0.3,3.67E-17,0
16.85318521,12.99995654,3.141592654,0.3,3.67E-17,0
16.82318521,12.99995654,3.141592654,0.3,3.67E-17,0
16.79318521,12.99995654,3.141592654,0.3,3.67E-17,0
16.76318521,12.99995654,3.141592654,0.3,3.67E-17,0
16.73318521,12.99995654,3.141592654,0.3,3.67E-17,0
16.70318521,12.99995654,3.141592654,0.3,3.67E-17,0
16.67318521,12.99995654,3.141592654,0.3,3.67E-17,0
16.64318521,12.99995654,3.141592654,0.3,3.67E-17,0
16.61318521,12.99995654,3.141592654,0.3,3.67E-17,0
16.58318521,12.99995654,3.141592654,0.3,3.67E-17,0
16.55318521,12.99995654,3.141592654,0.3,3.67E-17,0
16.52318521,12.99995654,3.141592654,0.3,3.67E-17,0
16.49318521,12.99995654,3.141592654,0.3,3.67E-17,0
16.46318521,12.99995654,3.141592654,0.3,3.67E-17,0
16.43318521,12.99995654,3.141592654,0.3,3.67E-17,0
16.40318521,12.99995654,3.141592654,0.3,3.67E-17,0
16.37318521,12.99995654,3.141592654,0.3,3.67E-17,0
16.34318521,12.99995654,3.141592654,0.3,3.67E-17,0
16.31318521,12.99995654,3.141592654,0.3,3.67E-17,0
16.28318521,12.99995654,3.141592654,0.3,3.67E-17,0
16.25318521,12.99995654,3.141592654,0.3,3.67E-17,0
16.22318521,12.99995654,3.141592654,0.3,3.67E-17,0
16.19318521,12.99995654,3.141592654,0.3,3.67E-17,0
16.16318521,12.99995654,3.141592654,0.3,3.67E-17,0
16.13318521,12.99995654,3.141592654,0.3,3.67E-17,0
16.10318521,12.99995654,3.141592654,0.3,3.67E-17,0
16.07318521,12.99995654,3.141592654,0.3,3.67E-17,0
16.04318521,12.99995654,3.141592654,0.3,3.67E-17,0
16.01318521,12.99995654,3.141592654,0.3,3.67E-17,0
15.98318521,12.99995654,3.141592654,0.3,3.67E-17,0
15.95318521,12.99995654,3.141592654,0.3,3.67E-17,0
15.92318521,12.99995654,3.141592654,0.3,3.67E-17,0
15.89318521,12.99995654,3.141592654,0.3,3.67E-17,0
15.86318521,12.99995654,3.141592654,0.3,3.67E-17,0
15.83318521,12.99995654,3.141592654,0.3,3.67E-17,0
15.80318521,12.99995654,3.141592654,0.3,3.67E-17,0
15.77318521,12.99995654,3.141592654,0.3,3.67E-17,0
15.74318521,12.99995654,3.141592654,0.3,3.67E-17,0
15.71318521,12.99995654,3.141592654,0.3,3.67E-17,0
15.68318521,12.99995654,3.141592654,0.3,3.67E-17,0
15.65318521,12.99995654,3.141592654,0.3,3.67E-17,0
15.62318521,12.99995654,3.141592654,0.3,3.67E-17,0
15.59318521,12.99995654,3.141592654,0.3,3.67E-17,0
15.56318521,12.99995654,3.141592654,0.3,3.67E-17,0
15.53318521,12.99995654,3.141592654,0.3,3.67E-17,0
15.50318521,12.99995654,3.141592654,0.3,3.67E-17,0
15.47318521,12.99995654,3.141592654,0.3,3.67E-17,0
15.44318521,12.99995654,3.141592654,0.3,3.67E-17,0
15.41318521,12.99995654,3.141592654,0.3,3.67E-17,0
15.38318521,12.99995654,3.141592654,0.3,3.67E-17,0
15.35318521,12.99995654,3.141592654,0.3,3.67E-17,0
15.32318521,12.99995654,3.141592654,0.3,3.67E-17,0
15.29318521,12.99995654,3.141592654,0.3,3.67E-17,0
15.26318521,12.99995654,3.141592654,0.3,3.67E-17,0
15.23318521,12.99995654,3.141592654,0.3,3.67E-17,0
15.20318521,12.99995654,3.141592654,0.3,3.67E-17,0
15.17318521,12.99995654,3.141592654,0.3,3.67E-17,0
15.14318521,12.99995654,3.141592654,0.3,3.67E-17,0
15.11318521,12.99995654,3.141592654,0.3,3.67E-17,0
15.08318521,12.99995654,3.141592654,0.3,3.67E-17,0
15.05318521,12.99995654,3.141592654,0.3,3.67E-17,0
15.02318521,12.99995654,3.141592654,0.3,3.67E-17,0
14.99318521,12.99995654,3.141592654,0.3,3.67E-17,0
14.96318521,12.99995654,3.141592654,0.3,3.67E-17,0
14.93318521,12.99995654,3.141592654,0.3,3.67E-17,0
14.90318521,12.99995654,3.141592654,0.3,3.67E-17,0
14.87318521,12.99995654,3.141592654,0.3,3.67E-17,0
14.84318521,12.99995654,3.141592654,0.3,3.67E-17,0
14.81318521,12.99995654,3.141592654,0.3,3.67E-17,0
14.78318521,12.99995654,3.141592654,0.3,3.67E-17,0
14.75318521,12.99995654,3.141592654,0.3,3.67E-17,0
14.72318521,12.99995654,3.141592654,0.3,3.67E-17,0
14.69318521,12.99995654,3.141592654,0.3,3.67E-17,0
14.66318521,12.99995654,3.141592654,0.3,3.67E-17,0
14.63318521,12.99995654,3.141592654,0.3,3.67E-17,0
14.60318521,12.99995654,3.141592654,0.3,3.67E-17,0
14.57318521,12.99995654,3.141592654,0.3,3.67E-17,0
14.54318521,12.99995654,3.141592654,0.3,3.67E-17,0
14.51318521,12.99995654,3.141592654,0.3,3.67E-17,0
14.48318521,12.99995654,3.141592654,0.3,3.67E-17,0
14.45318521,12.99995654,3.141592654,0.3,3.67E-17,0
14.42318521,12.99995654,3.141592654,0.3,3.67E-17,0
14.39318521,12.99995654,3.141592654,0.3,3.67E-17,0
14.36318521,12.99995654,3.141592654,0.3,3.67E-17,0
14.33318521,12.99995654,3.141592654,0.3,3.67E-17,0
14.30318521,12.99995654,3.141592654,0.3,3.67E-17,0
14.27318521,12.99995654,3.141592654,0.3,3.67E-17,0
14.24318521,12.99995654,3.141592654,0.3,3.67E-17,0
14.21318521,12.99995654,3.141592654,0.3,3.67E-17,0
14.18318521,12.99995654,3.141592654,0.3,3.67E-17,0
14.15318521,12.99995654,3.141592654,0.3,3.67E-17,0
14.12318521,12.99995654,3.141592654,0.3,3.67E-17,0
14.09318521,12.99995654,3.141592654,0.3,3.67E-17,0
14.06318521,12.99995654,3.141592654,0.3,3.67E-17,0
14.03318521,12.99995654,3.141592654,0.3,3.67E-17,0
14.00318521,12.99995654,3.141592654,0.3,3.67E-17,0
13.97318521,12.99995654,3.141592654,0.3,3.67E-17,0
13.94318521,12.99995654,3.141592654,0.3,3.67E-17,0
13.91318521,12.99995654,3.141592654,0.3,3.67E-17,0
13.88318521,12.99995654,3.141592654,0.3,3.67E-17,0
13.85318521,12.99995654,3.141592654,0.3,3.67E-17,0
13.82318521,12.99995654,3.141592654,0.3,3.67E-17,0
13.79318521,12.99995654,3.141592654,0.3,3.67E-17,0
13.76318521,12.99995654,3.141592654,0.3,3.67E-17,0
13.73318521,12.99995654,3.141592654,0.3,3.67E-17,0
13.70318521,12.99995654,3.141592654,0.3,3.67E-17,0
13.67318521,12.99995654,3.141592654,0.3,3.67E-17,0
13.64318521,12.99995654,3.141592654,0.3,3.67E-17,0
13.61318521,12.99995654,3.141592654,0.3,3.67E-17,0
13.58318521,12.99995654,3.141592654,0.3,3.67E-17,0
13.55318521,12.99995654,3.141592654,0.3,3.67E-17,0
13.52318521,12.99995654,3.141592654,0.3,3.67E-17,0
13.49318521,12.99995654,3.141592654,0.3,3.67E-17,0
13.46318521,12.99995654,3.141592654,0.3,3.67E-17,0
13.43318521,12.99995654,3.141592654,0.3,3.67E-17,0
13.40318521,12.99995654,3.141592654,0.3,3.67E-17,0
13.37318521,12.99995654,3.141592654,0.3,3.67E-17,0
13.34318521,12.99995654,3.141592654,0.3,3.67E-17,0
13.31318521,12.99995654,3.141592654,0.3,3.67E-17,0
13.28318521,12.99995654,3.141592654,0.3,3.67E-17,0
13.25318521,12.99995654,3.141592654,0.3,3.67E-17,0
13.22318521,12.99995654,3.141592654,0.3,3.67E-17,0
13.19318521,12.99995654,3.141592654,0.3,3.67E-17,0
13.16318521,12.99995654,3.141592654,0.3,3.67E-17,0
13.13318521,12.99995654,3.141592654,0.3,3.67E-17,0
13.10318521,12.99995654,3.141592654,0.3,3.67E-17,0
13.07318521,12.99995654,3.141592654,0.3,3.67E-17,0
13.04318521,12.99995654,3.141592654,0.3,3.67E-17,0
13.01318521,12.99995654,3.141592654,0.3,3.67E-17,0
12.98318521,12.99995654,3.141592654,0.3,3.67E-17,0
12.95318521,12.99995654,3.141592654,0.3,3.67E-17,0
12.92318521,12.99995654,3.141592654,0.3,3.67E-17,0
12.89318521,12.99995654,3.141592654,0.3,3.67E-17,0
12.86318521,12.99995654,3.141592654,0.3,3.67E-17,0
12.83318521,12.99995654,3.141592654,0.3,3.67E-17,0
12.80318521,12.99995654,3.141592654,0.3,3.67E-17,0
12.77318521,12.99995654,3.141592654,0.3,3.67E-17,0
12.74318521,12.99995654,3.141592654,0.3,3.67E-17,0
12.71318521,12.99995654,3.141592654,0.3,3.67E-17,0
12.68318521,12.99995654,3.141592654,0.3,3.67E-17,0
12.65318521,12.99995654,3.141592654,0.3,3.67E-17,0
12.62318521,12.99995654,3.141592654,0.3,3.67E-17,0
12.59318521,12.99995654,3.141592654,0.3,3.67E-17,0
12.56318521,12.99995654,3.141592654,0.3,3.67E-17,0
12.53318521,12.99995654,3.141592654,0.3,3.67E-17,0
12.50318521,12.99995654,3.141592654,0.3,3.67E-17,0
12.47318521,12.99995654,3.141592654,0.3,3.67E-17,0
12.44318521,12.99995654,3.141592654,0.3,3.67E-17,0
12.41318521,12.99995654,3.141592654,0.3,3.67E-17,0
12.38318521,12.99995654,3.141592654,0.3,3.67E-17,0
12.35318521,12.99995654,3.141592654,0.3,3.67E-17,0
12.32318521,12.99995654,3.141592654,0.3,3.67E-17,0
12.29318521,12.99995654,3.141592654,0.3,3.67E-17,0
12.26318521,12.99995654,3.141592654,0.3,3.67E-17,0
12.23318521,12.99995654,3.141592654,0.3,3.67E-17,0
12.20318521,12.99995654,3.141592654,0.3,3.67E-17,0
12.17318521,12.99995654,3.141592654,0.3,3.67E-17,0
12.14318521,12.99995654,3.141592654,0.3,3.67E-17,0
12.11318521,12.99995654,3.141592654,0.3,3.67E-17,0
12.08318521,12.99995654,3.141592654,0.3,3.67E-17,0
12.05318521,12.99995654,3.141592654,0.3,3.67E-17,0
12.02318521,12.99995654,3.141592654,0.3,3.67E-17,0
11.99318521,12.99995654,3.141592654,0.3,3.67E-17,0
11.96318521,12.99995654,3.141592654,0.3,3.67E-17,0
11.93318521,12.99995654,3.141592654,0.3,3.67E-17,0
11.90318521,12.99995654,3.141592654,0.3,3.67E-17,0
11.87318521,12.99995654,3.141592654,0.3,3.67E-17,0
11.84318521,12.99995654,3.141592654,0.3,3.67E-17,0
11.81318521,12.99995654,3.141592654,0.3,3.67E-17,0
11.78318521,12.99995654,3.141592654,0.3,3.67E-17,0
11.75318521,12.99995654,3.141592654,0.3,3.67E-17,0
11.72318521,12.99995654,3.141592654,0.3,3.67E-17,0
11.69318521,12.99995654,3.141592654,0.3,3.67E-17,0
11.66318521,12.99995654,3.141592654,0.3,3.67E-17,0
11.63318521,12.99995654,3.141592654,0.3,3.67E-17,0
11.60318521,12.99995654,3.141592654,0.3,3.67E-17,0
11.57318521,12.99995654,3.141592654,0.3,3.67E-17,0
11.54318521,12.99995654,3.141592654,0.3,3.67E-17,0
11.51318521,12.99995654,3.141592654,0.3,3.67E-17,0
11.48318521,12.99995654,3.141592654,0.3,3.67E-17,0
11.45318521,12.99995654,3.141592654,0.3,3.67E-17,0
11.42318521,12.99995654,3.141592654,0.3,3.67E-17,0
11.39318521,12.99995654,3.141592654,0.3,3.67E-17,0
11.36318521,12.99995654,3.141592654,0.3,3.67E-17,0
11.33318521,12.99995654,3.141592654,0.3,3.67E-17,0
11.30318521,12.99995654,3.141592654,0.3,3.67E-17,0
11.27318521,12.99995654,3.141592654,0.3,3.67E-17,0
11.24318521,12.99995654,3.141592654,0.3,3.67E-17,0
11.21318521,12.99995654,3.141592654,0.3,3.67E-17,0
11.18318521,12.99995654,3.141592654,0.3,3.67E-17,0
11.15318521,12.99995654,3.141592654,0.3,3.67E-17,0
11.12318521,12.99995654,3.141592654,0.3,3.67E-17,0
11.09318521,12.99995654,3.141592654,0.3,3.67E-17,0
11.06318521,12.99995654,3.141592654,0.3,3.67E-17,0
11.03318521,12.99995654,3.141592654,0.3,3.67E-17,0
11.00318521,12.99995654,3.141592654,0.3,3.67E-17,0
10.97318521,12.99995654,3.141592654,0.3,3.67E-17,0
10.94318521,12.99995654,3.141592654,0.3,3.67E-17,0
10.91318521,12.99995654,3.141592654,0.3,3.67E-17,0
10.88318521,12.99995654,3.141592654,0.3,3.67E-17,0
10.85318521,12.99995654,3.141592654,0.3,3.67E-17,0
10.82318521,12.99995654,3.141592654,0.3,3.67E-17,0
10.79318521,12.99995654,3.141592654,0.3,3.67E-17,0
10.76318521,12.99995654,3.141592654,0.3,3.67E-17,0
10.73318521,12.99995654,3.141592654,0.3,3.67E-17,0
10.70318521,12.99995654,3.141592654,0.3,3.67E-17,0
10.67318521,12.99995654,3.141592654,0.3,3.67E-17,0
10.64318521,12.99995654,3.141592654,0.3,3.67E-17,0
10.61318521,12.99995654,3.141592654,0.3,3.67E-17,0
10.58318521,12.99995654,3.141592654,0.3,3.67E-17,0
10.55318521,12.99995654,3.141592654,0.3,3.67E-17,0
10.52318521,12.99995654,3.141592654,0.3,3.67E-17,0
10.49318521,12.99995654,3.141592654,0.3,3.67E-17,0
10.46318521,12.99995654,3.141592654,0.3,3.67E-17,0
10.43318521,12.99995654,3.141592654,0.3,3.67E-17,0
10.40318521,12.99995654,3.141592654,0.3,3.67E-17,0
10.37318521,12.99995654,3.141592654,0.3,3.67E-17,0
10.34318521,12.99995654,3.141592654,0.3,3.67E-17,0
10.31318521,12.99995654,3.141592654,0.3,3.67E-17,0
10.28318521,12.99995654,3.141592654,0.3,3.67E-17,0
10.25318521,12.99995654,3.141592654,0.3,3.67E-17,0
10.22318521,12.99995654,3.141592654,0.3,3.67E-17,0
10.19318521,12.99995654,3.141592654,0.3,3.67E-17,0
10.16318521,12.99995654,3.141592654,0.3,3.67E-17,0
10.13318521,12.99995654,3.141592654,0.3,3.67E-17,0
10.10318521,12.99995654,3.141592654,0.3,3.67E-17,0
10.07318521,12.99995654,3.141592654,0.3,3.67E-17,0
10.04318521,12.99995654,3.141592654,0.3,3.67E-17,0
10.01318521,12.99995654,3.141592654,0.3,3.67E-17,0
9.983185212,12.99995654,3.141592654,0.3,3.67E-17,0
9.953185212,12.99995654,3.141592654,0.3,3.67E-17,0
9.923185212,12.99995654,3.141592654,0.3,3.67E-17,0
9.893185212,12.99995654,3.141592654,0.3,3.67E-17,0
9.863185212,12.99995654,3.141592654,0.3,3.67E-17,0
9.833185212,12.99995654,3.141592654,0.3,3.67E-17,0
9.803185212,12.99995654,3.141592654,0.3,3.67E-17,0
9.773185212,12.99995654,3.141592654,0.3,3.67E-17,0
9.743185212,12.99995654,3.141592654,0.3,3.67E-17,0
9.713185212,12.99995654,3.141592654,0.3,3.67E-17,0
9.683185212,12.99995654,3.141592654,0.3,3.67E-17,0
9.653185212,12.99995654,3.141592654,0.3,3.67E-17,0
9.623185212,12.99995654,3.141592654,0.3,3.67E-17,0
9.593185212,12.99995654,3.141592654,0.3,3.67E-17,0
9.563185212,12.99995654,3.141592654,0.3,3.67E-17,0
9.533185212,12.99995654,3.141592654,0.3,3.67E-17,0
9.503185212,12.99995654,3.141592654,0.3,3.67E-17,0
9.473185212,12.99995654,3.141592654,0.3,3.67E-17,0
9.443185212,12.99995654,3.141592654,0.3,3.67E-17,0
9.413185212,12.99995654,3.141592654,0.3,3.67E-17,0
9.383185212,12.99995654,3.141592654,0.3,3.67E-17,0
9.353185212,12.99995654,3.141592654,0.3,3.67E-17,0
9.323185212,12.99995654,3.141592654,0.3,3.67E-17,0
9.293185212,12.99995654,3.141592654,0.3,3.67E-17,0
9.263185212,12.99995654,3.141592654,0.3,3.67E-17,0
9.233185212,12.99995654,3.141592654,0.3,3.67E-17,0
9.203185212,12.99995654,3.141592654,0.3,3.67E-17,0
9.173185212,12.99995654,3.141592654,0.3,3.67E-17,0
9.143185212,12.99995654,3.141592654,0.3,3.67E-17,0
9.113185212,12.99995654,3.141592654,0.3,3.67E-17,0
9.083185212,12.99995654,3.141592654,0.3,3.67E-17,0
9.053185212,12.99995654,3.141592654,0.3,3.67E-17,0
9.023185212,12.99995654,3.141592654,0.3,3.67E-17,0
8.993185212,12.99995654,3.141592654,0.3,3.67E-17,0
8.963185212,12.99995654,3.141592654,0.3,3.67E-17,0
8.933185212,12.99995654,3.141592654,0.3,3.67E-17,0
8.903185212,12.99995654,3.141592654,0.3,3.67E-17,0
8.873185212,12.99995654,3.141592654,0.3,3.67E-17,0
8.843185212,12.99995654,3.141592654,0.3,3.67E-17,0
8.813185212,12.99995654,3.141592654,0.3,3.67E-17,0
8.783185212,12.99995654,3.141592654,0.3,3.67E-17,0
8.753185212,12.99995654,3.141592654,0.3,3.67E-17,0
8.723185212,12.99995654,3.141592654,0.3,3.67E-17,0
8.693185212,12.99995654,3.141592654,0.3,3.67E-17,0
8.663185212,12.99995654,3.141592654,0.3,3.67E-17,0
8.633185212,12.99995654,3.141592654,0.3,3.67E-17,0
8.603185212,12.99995654,3.141592654,0.3,3.67E-17,0
8.573185212,12.99995654,3.141592654,0.3,3.67E-17,0
8.543185212,12.99995654,3.141592654,0.3,3.67E-17,0
8.513185212,12.99995654,3.141592654,0.3,3.67E-17,0
8.483185212,12.99995654,3.141592654,0.3,3.67E-17,0
8.453185212,12.99995654,3.141592654,0.3,3.67E-17,0
8.423185212,12.99995654,3.141592654,0.3,3.67E-17,0
8.393185212,12.99995654,3.141592654,0.3,3.67E-17,0
8.363185212,12.99995654,3.141592654,0.3,3.67E-17,0
8.333185212,12.99995654,3.141592654,0.3,3.67E-17,0
8.303185212,12.99995654,3.141592654,0.3,3.67E-17,0
8.273185212,12.99995654,3.141592654,0.3,3.67E-17,0
8.243185212,12.99995654,3.141592654,0.3,3.67E-17,0
8.213185212,12.99995654,3.141592654,0.3,3.67E-17,0
8.183185212,12.99995654,3.141592654,0.3,3.67E-17,0
8.153185212,12.99995654,3.141592654,0.3,3.67E-17,0
8.123185212,12.99995654,3.141592654,0.3,3.67E-17,0
8.093185212,12.99995654,3.141592654,0.3,3.67E-17,0
8.063185212,12.99995654,3.141592654,0.3,3.67E-17,0
8.033185212,12.99995654,3.141592654,0.3,3.67E-17,0
8.003185212,12.99995654,3.141592654,0.3,3.67E-17,0
7.973185212,12.99995654,3.141592654,0.3,3.67E-17,0
7.943185212,12.99995654,3.141592654,0.3,3.67E-17,0
7.913185212,12.99995654,3.141592654,0.3,3.67E-17,0
7.883185212,12.99995654,3.141592654,0.3,3.67E-17,0
7.853185212,12.99995654,3.141592654,0.3,3.67E-17,0
7.823185212,12.99995654,3.141592654,0.3,3.67E-17,0
7.793185212,12.99995654,3.141592654,0.3,3.67E-17,0
7.763185212,12.99995654,3.141592654,0.3,3.67E-17,0
7.733185212,12.99995654,3.141592654,0.3,3.67E-17,0
7.703185212,12.99995654,3.141592654,0.3,3.67E-17,0
7.673185212,12.99995654,3.141592654,0.3,3.67E-17,0
7.643185212,12.99995654,3.141592654,0.3,3.67E-17,0
7.613185212,12.99995654,3.141592654,0.3,3.67E-17,0
7.583185212,12.99995654,3.141592654,0.3,3.67E-17,0
7.553185212,12.99995654,3.141592654,0.3,3.67E-17,0
7.523185212,12.99995654,3.141592654,0.3,3.67E-17,0
7.493185212,12.99995654,3.141592654,0.3,3.67E-17,0
7.463185212,12.99995654,3.141592654,0.3,3.67E-17,0
7.433185212,12.99995654,3.141592654,0.3,3.67E-17,0
7.403185212,12.99995654,3.141592654,0.3,3.67E-17,0
7.373185212,12.99995654,3.141592654,0.3,3.67E-17,0
7.343185212,12.99995654,3.141592654,0.3,3.67E-17,0
7.313185212,12.99995654,3.141592654,0.3,3.67E-17,0
7.283185212,12.99995654,3.141592654,0.3,3.67E-17,0
7.253185212,12.99995654,3.141592654,0.3,3.67E-17,0
7.223185212,12.99995654,3.141592654,0.3,3.67E-17,0
7.193185212,12.99995654,3.141592654,0.3,3.67E-17,0
7.163185212,12.99995654,3.141592654,0.3,3.67E-17,0
7.133185212,12.99995654,3.141592654,0.3,3.67E-17,0
7.103185212,12.99995654,3.141592654,0.3,3.67E-17,0
7.073185212,12.99995654,3.141592654,0.3,3.67E-17,0
7.043185212,12.99995654,3.141592654,0.3,3.67E-17,0
7.013185212,12.99995654,3.141592654,0.3,3.67E-17,0
6.983185212,12.99995654,3.141592654,0.3,3.67E-17,0
6.953185212,12.99995654,3.141592654,0.3,3.67E-17,0
6.923185212,12.99995654,3.141592654,0.3,3.67E-17,0
6.893185212,12.99995654,3.141592654,0.3,3.67E-17,0
6.863185212,12.99995654,3.141592654,0.3,3.67E-17,0
6.833185212,12.99995654,3.141592654,0.3,3.67E-17,0
6.803185212,12.99995654,3.141592654,0.3,3.67E-17,0
6.773185212,12.99995654,3.141592654,0.3,3.67E-17,0
6.743185212,12.99995654,3.141592654,0.3,3.67E-17,0
6.713185212,12.99995654,3.141592654,0.3,3.67E-17,0
6.683185212,12.99995654,3.141592654,0.3,3.67E-17,0
6.653185212,12.99995654,3.141592654,0.3,3.67E-17,0
6.623185212,12.99995654,3.141592654,0.3,3.67E-17,0
6.593185212,12.99995654,3.141592654,0.3,3.67E-17,0
6.563185212,12.99995654,3.141592654,0.3,3.67E-17,0
6.533185212,12.99995654,3.141592654,0.3,3.67E-17,0
6.503185212,12.99995654,3.141592654,0.3,3.67E-17,0
6.473185212,12.99995654,3.141592654,0.3,3.67E-17,0
6.443185212,12.99995654,3.141592654,0.3,3.67E-17,0
6.413185212,12.99995654,3.141592654,0.3,3.67E-17,0
6.383185212,12.99995654,3.141592654,0.3,3.67E-17,0
6.353185212,12.99995654,3.141592654,0.3,3.67E-17,0
6.323185212,12.99995654,3.141592654,0.3,3.67E-17,0
6.293185212,12.99995654,3.141592654,0.3,3.67E-17,0
6.263185212,12.99995654,3.141592654,0.3,3.67E-17,0
6.233185212,12.99995654,3.141592654,0.3,3.67E-17,0
6.203185212,12.99995654,3.141592654,0.3,3.67E-17,0
6.173185212,12.99995654,3.141592654,0.3,3.67E-17,0
6.143185212,12.99995654,3.141592654,0.3,3.67E-17,0
6.113185212,12.99995654,3.141592654,0.3,3.67E-17,0
6.083185212,12.99995654,3.141592654,0.3,3.67E-17,0
6.053185212,12.99995654,3.141592654,0.3,3.67E-17,0
6.023185212,12.99995654,3.141592654,0.3,3.67E-17,0
5.993185212,12.99995654,3.141592654,0.3,3.67E-17,0
5.963185212,12.99995654,3.141592654,0.3,3.67E-17,0
5.933185212,12.99995654,3.141592654,0.3,3.67E-17,0
5.903185212,12.99995654,3.141592654,0.3,3.67E-17,0
5.873185212,12.99995654,3.141592654,0.3,3.67E-17,0
5.843185212,12.99995654,3.141592654,0.3,3.67E-17,0
5.813185212,12.99995654,3.141592654,0.3,3.67E-17,0
5.783185212,12.99995654,3.141592654,0.3,3.67E-17,0
5.753185212,12.99995654,3.141592654,0.3,3.67E-17,0
5.723185212,12.99995654,3.141592654,0.3,3.67E-17,0
5.693185212,12.99995654,3.141592654,0.3,3.67E-17,0
5.663185212,12.99995654,3.141592654,0.3,3.67E-17,0
5.633185212,12.99995654,3.141592654,0.3,3.67E-17,0
5.603185212,12.99995654,3.141592654,0.3,3.67E-17,0
5.573185212,12.99995654,3.141592654,0.3,3.67E-17,0
5.543185212,12.99995654,3.141592654,0.3,3.67E-17,0
5.513185212,12.99995654,3.141592654,0.3,3.67E-17,0
5.483185212,12.99995654,3.141592654,0.3,3.67E-17,0
5.453185212,12.99995654,3.141592654,0.3,3.67E-17,0
5.423185212,12.99995654,3.141592654,0.3,3.67E-17,0
5.393185212,12.99995654,3.141592654,0.3,3.67E-17,0
5.363185212,12.99995654,3.141592654,0.3,3.67E-17,0
5.333185212,12.99995654,3.141592654,0.3,3.67E-17,0
5.303185212,12.99995654,3.141592654,0.3,3.67E-17,0
5.273185212,12.99995654,3.141592654,0.3,3.67E-17,0
5.243185212,12.99995654,3.141592654,0.3,3.67E-17,0
5.213185212,12.99995654,3.141592654,0.3,3.67E-17,0
5.183185212,12.99995654,3.141592654,0.3,3.67E-17,0
5.153185212,12.99995654,3.141592654,0.3,3.67E-17,0
5.123185212,12.99995654,3.141592654,0.3,3.67E-17,0
5.093185212,12.99995654,3.141592654,0.3,3.67E-17,0
5.063185212,12.99995654,3.141592654,0.3,3.67E-17,0
5.033185212,12.99995654,3.141592654,0.3,3.67E-17,0
5.003185212,12.99995654,3.141592654,0.3,3.67E-17,0
4.973185212,12.99995654,3.141592654,0.3,3.67E-17,0
4.943185212,12.99995654,3.141592654,0.3,3.67E-17,0
4.913185212,12.99995654,3.141592654,0.3,3.67E-17,0
4.883185212,12.99995654,3.141592654,0.3,3.67E-17,0
4.853185212,12.99995654,3.141592654,0.3,3.67E-17,0
4.823185212,12.99995654,3.141592654,0.3,3.67E-17,0
4.793185212,12.99995654,3.141592654,0.3,3.67E-17,0
4.763185212,12.99995654,3.141592654,0.3,3.67E-17,0
4.733185212,12.99995654,3.141592654,0.3,3.67E-17,0
4.703185212,12.99995654,3.141592654,0.3,3.67E-17,0
4.673185212,12.99995654,3.141592654,0.3,3.67E-17,0
4.643185212,12.99995654,3.141592654,0.3,3.67E-17,0
4.613185212,12.99995654,3.141592654,0.3,3.67E-17,0
4.583185212,12.99995654,3.141592654,0.3,3.67E-17,0
4.553185212,12.99995654,3.141592654,0.3,3.67E-17,0
4.523185212,12.99995654,3.141592654,0.3,3.67E-17,0
4.493185212,12.99995654,3.141592654,0.3,3.67E-17,0
4.463185212,12.99995654,3.141592654,0.3,3.67E-17,0
4.433185212,12.99995654,3.141592654,0.3,3.67E-17,0
4.403185212,12.99995654,3.141592654,0.3,3.67E-17,0
4.373185212,12.99995654,3.141592654,0.3,3.67E-17,0
4.343185212,12.99995654,3.141592654,0.3,3.67E-17,0
4.313185212,12.99995654,3.141592654,0.3,3.67E-17,0
4.283185212,12.99995654,3.141592654,0.3,3.67E-17,0
4.253185212,12.99995654,3.141592654,0.3,3.67E-17,0
4.223185212,12.99995654,3.141592654,0.3,3.67E-17,0
4.193185212,12.99995654,3.141592654,0.3,3.67E-17,0
4.163185212,12.99995654,3.141592654,0.3,3.67E-17,0
4.133185212,12.99995654,3.141592654,0.3,3.67E-17,0
4.103185212,12.99995654,3.141592654,0.3,3.67E-17,0
4.073185212,12.99995654,3.141592654,0.3,3.67E-17,0
4.043185212,12.99995654,3.141592654,0.3,3.67E-17,0
4.013185212,12.99995654,3.141592654,0.3,3.67E-17,0
3.983185212,12.99995654,3.141592654,0.3,3.67E-17,0
3.953185212,12.99995654,3.141592654,0.3,3.67E-17,0
3.923185212,12.99995654,3.141592654,0.3,3.67E-17,0
3.893185212,12.99995654,3.141592654,0.3,3.67E-17,0
3.863185212,12.99995654,3.141592654,0.3,3.67E-17,0
3.833185212,12.99995654,3.141592654,0.3,3.67E-17,0
3.803185212,12.99995654,3.141592654,0.3,3.67E-17,0
3.773185212,12.99995654,3.141592654,0.3,3.67E-17,0
3.743185212,12.99995654,3.141592654,0.3,3.67E-17,0
3.713185212,12.99995654,3.141592654,0.3,3.67E-17,0
3.683185212,12.99995654,3.141592654,0.3,3.67E-17,0
3.653185212,12.99995654,3.141592654,0.3,3.67E-17,0
3.623185212,12.99995654,3.141592654,0.3,3.67E-17,0
3.593185212,12.99995654,3.141592654,0.3,3.67E-17,0
3.563185212,12.99995654,3.141592654,0.3,3.67E-17,0
3.533185212,12.99995654,3.141592654,0.3,3.67E-17,0
3.503185212,12.99995654,3.141592654,0.3,3.67E-17,0
3.473185212,12.99995654,3.141592654,0.3,3.67E-17,0
3.443185212,12.99995654,3.141592654,0.3,3.67E-17,0
3.413185212,12.99995654,3.141592654,0.3,3.67E-17,0
3.383185212,12.99995654,3.141592654,0.3,3.67E-17,0
3.353185212,12.99995654,3.141592654,0.3,3.67E-17,0
3.323185212,12.99995654,3.141592654,0.3,3.67E-17,0
3.293185212,12.99995654,3.141592654,0.3,3.67E-17,0
3.263185212,12.99995654,3.141592654,0.3,3.67E-17,0
3.233185212,12.99995654,3.141592654,0.3,3.67E-17,0
3.203185212,12.99995654,3.141592654,0.3,3.67E-17,0
3.173185212,12.99995654,3.141592654,0.3,3.67E-17,0
3.143185212,12.99995654,3.141592654,0.3,3.67E-17,0
3.113185212,12.99995654,3.141592654,0.3,3.67E-17,0
3.083185212,12.99995654,3.141592654,0.3,3.67E-17,0
3.053185212,12.99995654,3.141592654,0.3,3.67E-17,0
3.023185212,12.99995654,3.141592654,0.3,3.67E-17,0
2.993185212,12.99995654,3.141592654,0.3,3.67E-17,0
2.956818049,13.00046622,3.126592654,0.363707169,0.000358568,-0.15
2.926831025,13.00133887,3.111592654,0.299997064,0.000272201,-0.15
2.896860463,13.00266121,3.096592654,0.299997064,0.000272201,-0.15
2.866913108,13.00443294,3.081592654,0.299997064,0.000272201,-0.15
2.836995696,13.00665367,3.066592654,0.299997064,0.000272201,-0.15
2.80711496,13.00932289,3.051592654,0.299997064,0.000272201,-0.15
2.777277623,13.01244,3.036592654,0.299997064,0.000272201,-0.15
2.747490396,13.01600431,3.021592654,0.299997064,0.000272201,-0.15
2.717759984,13.02001501,3.006592654,0.299997064,0.000272201,-0.15
2.688093074,13.02447119,2.991592654,0.299997064,0.000272201,-0.15
2.658496342,13.02937186,2.976592654,0.299997064,0.000272201,-0.15
2.628976447,13.03471592,2.961592654,0.299997064,0.000272201,-0.15
2.599540031,13.04050215,2.946592654,0.299997064,0.000272201,-0.15
2.570193716,13.04672927,2.931592654,0.299997064,0.000272201,-0.15
2.540944106,13.05339586,2.916592654,0.299997064,0.000272201,-0.15
2.511797782,13.06050043,2.901592654,0.299997064,0.000272201,-0.15
2.482761301,13.06804138,2.886592654,0.299997064,0.000272201,-0.15
2.453841196,13.07601701,2.871592654,0.299997064,0.000272201,-0.15
2.425043975,13.08442552,2.856592654,0.299997064,0.000272201,-0.15
2.396376117,13.09326504,2.841592654,0.299997064,0.000272201,-0.15
2.367844072,13.10253356,2.826592654,0.299997064,0.000272201,-0.15
2.339454259,13.11222901,2.811592654,0.299997064,0.000272201,-0.15
2.311213065,13.12234919,2.796592654,0.299997064,0.000272201,-0.15
2.283126847,13.13289184,2.781592654,0.299997064,0.000272201,-0.15
2.255201921,13.14385458,2.766592654,0.299997064,0.000272201,-0.15
2.227444572,13.15523494,2.751592654,0.299997064,0.000272201,-0.15
2.199861045,13.16703037,2.736592654,0.299997064,0.000272201,-0.15
2.172457545,13.17923821,2.721592654,0.299997064,0.000272201,-0.15
2.14524024,13.19185572,2.706592654,0.299997064,0.000272201,-0.15
2.118215251,13.20488004,2.691592654,0.299997064,0.000272201,-0.15
2.09138866,13.21830827,2.676592654,0.299997064,0.000272201,-0.15
2.064766503,13.23213736,2.661592654,0.299997064,0.000272201,-0.15
2.03835477,13.24636422,2.646592654,0.299997064,0.000272201,-0.15
2.012159403,13.26098564,2.631592654,0.299997064,0.000272201,-0.15
1.986186296,13.27599833,2.616592654,0.299997064,0.000272201,-0.15
1.960441292,13.29139891,2.601592654,0.299997064,0.000272201,-0.15
1.934930185,13.30718392,2.586592654,0.299997064,0.000272201,-0.15
1.909658714,13.3233498,2.571592654,0.299997064,0.000272201,-0.15
1.884632565,13.33989293,2.556592654,0.299997064,0.000272201,-0.15
1.859857369,13.35680957,2.541592654,0.299997064,0.000272201,-0.15
1.835338701,13.37409593,2.526592654,0.299997064,0.000272201,-0.15
1.811082076,13.3917481,2.511592654,0.299997064,0.000272201,-0.15
1.787092953,13.40976213,2.496592654,0.299997064,0.000272201,-0.15
1.763376729,13.42813395,2.481592654,0.299997064,0.000272201,-0.15
1.73993874,13.44685943,2.466592654,0.299997064,0.000272201,-0.15
1.716784259,13.46593437,2.451592654,0.299997064,0.000272201,-0.15
1.693918497,13.48535446,2.436592654,0.299997064,0.000272201,-0.15
1.671346597,13.50511534,2.421592654,0.299997064,0.000272201,-0.15
1.649073639,13.52521257,2.406592654,0.299997064,0.000272201,-0.15
1.627104633,13.54564161,2.391592654,0.299997064,0.000272201,-0.15
1.605444523,13.56639789,2.376592654,0.299997064,0.000272201,-0.15
1.584098183,13.58747671,2.361592654,0.299997064,0.000272201,-0.15
1.563070414,13.60887335,2.346592654,0.299997064,0.000272201,-0.15
1.542365948,13.63058298,2.331592654,0.299997064,0.000272201,-0.15
1.521989444,13.65260073,2.316592654,0.299997064,0.000272201,-0.15
1.501945486,13.67492164,2.301592654,0.299997064,0.000272201,-0.15
1.482238584,13.69754068,2.286592654,0.299997064,0.000272201,-0.15
1.462873171,13.72045277,2.271592654,0.299997064,0.000272201,-0.15
1.443853606,13.74365275,2.256592654,0.299997064,0.000272201,-0.15
1.425184167,13.76713541,2.241592654,0.299997064,0.000272201,-0.15
1.406869056,13.79089546,2.226592654,0.299997064,0.000272201,-0.15
1.388912391,13.81492755,2.211592654,0.299997064,0.000272201,-0.15
1.371318215,13.83922627,2.196592654,0.299997064,0.000272201,-0.15
1.354090485,13.86378617,2.181592654,0.299997064,0.000272201,-0.15
1.337233078,13.88860171,2.166592654,0.299997064,0.000272201,-0.15
1.320749787,13.91366731,2.151592654,0.299997064,0.000272201,-0.15
1.30464432,13.93897732,2.136592654,0.299997064,0.000272201,-0.15
1.2889203,13.96452607,2.121592654,0.299997064,0.000272201,-0.15
1.273581267,13.99030779,2.106592654,0.299997064,0.000272201,-0.15
1.25863067,14.01631669,2.091592654,0.299997064,0.000272201,-0.15
1.244071874,14.04254691,2.076592654,0.299997064,0.000272201,-0.15
1.229908154,14.06899256,2.061592654,0.299997064,0.000272201,-0.15
1.216142698,14.09564768,2.046592654,0.299997064,0.000272201,-0.15
1.202778602,14.12250627,2.031592654,0.299997064,0.000272201,-0.15
1.189818873,14.1495623,2.016592654,0.299997064,0.000272201,-0.15
1.177266428,14.17680967,2.001592654,0.299997064,0.000272201,-0.15
1.165124089,14.20424225,1.986592654,0.299997064,0.000272201,-0.15
1.153394591,14.23185388,1.971592654,0.299997064,0.000272201,-0.15
1.14208057,14.25963834,1.956592654,0.299997064,0.000272201,-0.15
1.131184574,14.28758937,1.941592654,0.299997064,0.000272201,-0.15
1.120709053,14.3157007,1.926592654,0.299997064,0.000272201,-0.15
1.110656364,14.34396599,1.911592654,0.299997064,0.000272201,-0.15
1.10102877,14.37237888,1.896592654,0.299997064,0.000272201,-0.15
1.091828437,14.40093299,1.881592654,0.299997064,0.000272201,-0.15
1.083057434,14.42962188,1.866592654,0.299997064,0.000272201,-0.15
1.074717735,14.45843911,1.851592654,0.299997064,0.000272201,-0.15
1.066811216,14.48737818,1.836592654,0.299997064,0.000272201,-0.15
1.059339657,14.5164326,1.821592654,0.299997064,0.000272201,-0.15
1.052304738,14.54559581,1.806592654,0.299997064,0.000272201,-0.15
1.045708043,14.57486126,1.791592654,0.299997064,0.000272201,-0.15
1.039551054,14.60422237,1.776592654,0.299997064,0.000272201,-0.15
1.033835159,14.63367253,1.761592654,0.299997064,0.000272201,-0.15
1.028561642,14.6632051,1.746592654,0.299997064,0.000272201,-0.15
1.023731691,14.69281346,1.731592654,0.299997064,0.000272201,-0.15
1.019346392,14.72249093,1.716592654,0.299997064,0.000272201,-0.15
1.015406731,14.75223084,1.701592654,0.299997064,0.000272201,-0.15
1.011913596,14.7820265,1.686592654,0.299997064,0.000272201,-0.15
1.008867771,14.81187119,1.671592654,0.299997064,0.000272201,-0.15
1.006269943,14.84175822,1.656592654,0.299997064,0.000272201,-0.15
1.004120696,14.87168085,1.641592654,0.299997064,0.000272201,-0.15
1.002420513,14.90163236,1.626592654,0.299997064,0.000272201,-0.15
1.001169777,14.93160599,1.611592654,0.299997064,0.000272201,-0.15
1.00036877,14.96159501,1.596592654,0.299997064,0.000272201,-0.15
1.000017671,14.99159268,1.581592654,0.299997064,0.000272201,-0.15
1.00011656,15.02159223,1.566592654,0.299997064,0.000272201,-0.15
1.000665414,15.05158693,1.551592654,0.299997064,0.000272201,-0.15
1.001664109,15.08157002,1.536592654,0.299997064,0.000272201,-0.15
1.003112422,15.11153476,1.521592654,0.299997064,0.000272201,-0.15
1.005010027,15.1414744,1.506592654,0.299997064,0.000272201,-0.15
1.007356495,15.17138222,1.491592654,0.299997064,0.000272201,-0.15
1.0101513,15.20125147,1.476592654,0.299997064,0.000272201,-0.15
1.013393813,15.23107544,1.461592654,0.299997064,0.000272201,-0.15
1.017083304,15.26084742,1.446592654,0.299997064,0.000272201,-0.15
1.021218942,15.29056071,1.431592654,0.299997064,0.000272201,-0.15
1.025799798,15.32020862,1.416592654,0.299997064,0.000272201,-0.15
1.030824841,15.34978449,1.401592654,0.299997064,0.000272201,-0.15
1.036292939,15.37928166,1.386592654,0.299997064,0.000272201,-0.15
1.042202864,15.4086935,1.371592654,0.299997064,0.000272201,-0.15
1.048553284,15.43801337,1.356592654,0.299997064,0.000272201,-0.15
1.055342772,15.4672347,1.341592654,0.299997064,0.000272201,-0.15
1.0625698,15.4963509,1.326592654,0.299997064,0.000272201,-0.15
1.070232741,15.52535543,1.311592654,0.299997064,0.000272201,-0.15
1.078329872,15.55424175,1.296592654,0.299997064,0.000272201,-0.15
1.08685937,15.58300337,1.281592654,0.299997064,0.000272201,-0.15
1.095819317,15.61163382,1.266592654,0.299997064,0.000272201,-0.15
1.105207696,15.64012665,1.251592654,0.299997064,0.000272201,-0.15
1.115022396,15.66847545,1.236592654,0.299997064,0.000272201,-0.15
1.125261208,15.69667386,1.221592654,0.299997064,0.000272201,-0.15
1.135921828,15.72471551,1.206592654,0.299997064,0.000272201,-0.15
1.147001858,15.7525941,1.191592654,0.299997064,0.000272201,-0.15
1.158498805,15.78030337,1.176592654,0.299997064,0.000272201,-0.15
1.170410081,15.80783707,1.161592654,0.299997064,0.000272201,-0.15
1.182733008,15.83518901,1.146592654,0.299997064,0.000272201,-0.15
1.195464812,15.86235303,1.131592654,0.299997064,0.000272201,-0.15
1.208602629,15.88932303,1.116592654,0.299997064,0.000272201,-0.15
1.222143502,15.91609294,1.101592654,0.299997064,0.000272201,-0.15
1.236084386,15.94265673,1.086592654,0.299997064,0.000272201,-0.15
1.250422144,15.96900842,1.071592654,0.299997064,0.000272201,-0.15
1.265153549,15.9951421,1.056592654,0.299997064,0.000272201,-0.15
1.280275287,16.02105187,1.041592654,0.299997064,0.000272201,-0.15
1.295783956,16.0467319,1.026592654,0.299997064,0.000272201,-0.15
1.311676067,16.07217643,1.011592654,0.299997064,0.000272201,-0.15
1.327948043,16.09737972,0.996592654,0.299997064,0.000272201,-0.15
1.344596224,16.12233611,0.981592654,0.299997064,0.000272201,-0.15
1.361616863,16.14703997,0.966592654,0.299997064,0.000272201,-0.15
1.379006132,16.17148576,0.951592654,0.299997064,0.000272201,-0.15
1.396760118,16.19566796,0.936592654,0.299997064,0.000272201,-0.15
1.414874826,16.21958115,0.921592654,0.299997064,0.000272201,-0.15
1.433346181,16.24321994,0.906592654,0.299997064,0.000272201,-0.15
1.452170026,16.266579,0.891592654,0.299997064,0.000272201,-0.15
1.471342126,16.28965309,0.876592654,0.299997064,0.000272201,-0.15
1.490858168,16.31243702,0.861592654,0.299997064,0.000272201,-0.15
1.51071376,16.33492565,0.846592654,0.299997064,0.000272201,-0.15
1.530904436,16.35711393,0.831592654,0.299997064,0.000272201,-0.15
1.551425651,16.37899687,0.816592654,0.299997064,0.000272201,-0.15
1.57227279,16.40056953,0.801592654,0.299997064,0.000272201,-0.15
1.593441162,16.42182708,0.786592654,0.299997064,0.000272201,-0.15
1.614926003,16.44276471,0.771592654,0.299997064,0.000272201,-0.15
1.63672248,16.46337774,0.756592654,0.299997064,0.000272201,-0.15
1.658825689,16.48366151,0.741592654,0.299997064,0.000272201,-0.15
1.681230656,16.50361146,0.726592654,0.299997064,0.000272201,-0.15
1.703932341,16.5232231,0.711592654,0.299997064,0.000272201,-0.15
1.726925636,16.54249203,0.696592654,0.299997064,0.000272201,-0.15
1.750205367,16.5614139,0.681592654,0.299997064,0.000272201,-0.15
1.773766296,16.57998446,0.666592654,0.299997064,0.000272201,-0.15
1.797603123,16.59819953,0.651592654,0.299997064,0.000272201,-0.15
1.821710484,16.61605502,0.636592654,0.299997064,0.000272201,-0.15
1.846082955,16.63354689,0.621592654,0.299997064,0.000272201,-0.15
1.870715053,16.65067123,0.606592654,0.299997064,0.000272201,-0.15
1.895601235,16.66742417,0.591592654,0.299997064,0.000272201,-0.15
1.920735903,16.68380195,0.576592654,0.299997064,0.000272201,-0.15
1.9461134,16.69980088,0.561592654,0.299997064,0.000272201,-0.15
1.971728017,16.71541736,0.546592654,0.299997064,0.000272201,-0.15
1.997573991,16.73064788,0.531592654,0.299997064,0.000272201,-0.15
2.023645506,16.74548902,0.516592654,0.299997064,0.000272201,-0.15
2.049936697,16.75993742,0.501592654,0.299997064,0.000272201,-0.15
2.076441649,16.77398985,0.486592654,0.299997064,0.000272201,-0.15
2.103154397,16.78764313,0.471592654,0.299997064,0.000272201,-0.15
2.130068932,16.8008942,0.456592654,0.299997064,0.000272201,-0.15
2.157179197,16.81374008,0.441592654,0.299997064,0.000272201,-0.15
2.184479094,16.82617788,0.426592654,0.299997064,0.000272201,-0.15
2.211962479,16.83820479,0.411592654,0.299997064,0.000272201,-0.15
2.23962317,16.84981812,0.396592654,0.299997064,0.000272201,-0.15
2.267454942,16.86101524,0.381592654,0.299997064,0.000272201,-0.15
2.295451533,16.87179365,0.366592654,0.299997064,0.000272201,-0.15
2.323606646,16.88215091,0.351592654,0.299997064,0.000272201,-0.15
2.351913943,16.89208469,0.336592654,0.299997064,0.000272201,-0.15
2.380367058,16.90159276,0.321592654,0.299997064,0.000272201,-0.15
2.408959587,16.91067298,0.306592654,0.299997064,0.000272201,-0.15
2.437685097,16.91932331,0.291592654,0.299997064,0.000272201,-0.15
2.466537127,16.92754179,0.276592654,0.299997064,0.000272201,-0.15
2.495509183,16.93532659,0.261592654,0.299997064,0.000272201,-0.15
2.524594747,16.94267595,0.246592654,0.299997064,0.000272201,-0.15
2.553787276,16.94958821,0.231592654,0.299997064,0.000272201,-0.15
2.5830802,16.95606183,0.216592654,0.299997064,0.000272201,-0.15
2.61246693,16.96209534,0.201592654,0.299997064,0.000272201,-0.15
2.641940853,16.96768739,0.186592654,0.299997064,0.000272201,-0.15
2.671495338,16.97283671,0.171592654,0.299997064,0.000272201,-0.15
2.701123735,16.97754216,0.156592654,0.299997064,0.000272201,-0.15
2.730819378,16.98180266,0.141592654,0.299997064,0.000272201,-0.15
2.760575585,16.98561727,0.126592654,0.299997064,0.000272201,-0.15
2.790385662,16.98898513,0.111592654,0.299997064,0.000272201,-0.15
2.820242902,16.99190547,0.096592654,0.299997064,0.000272201,-0.15
2.850140585,16.99437764,0.081592654,0.299997064,0.000272201,-0.15
2.880071987,16.99640108,0.066592654,0.299997064,0.000272201,-0.15
2.910030372,16.99797534,0.051592654,0.299997064,0.000272201,-0.15
2.940009,16.99910007,0.036592654,0.299997064,0.000272201,-0.15
2.970001125,16.999775,0.021592654,0.299997064,0.000272201,-0.15
3,17,0.006592654,0.299997064,0.000272201,-0.15
3.03,17,0,0.3,0,-0.065926536
3.06,17,0,0.3,0,0
3.09,17,0,0.3,0,0
3.12,17,0,0.3,0,0
3.15,17,0,0.3,0,0
3.18,17,0,0.3,0,0
3.21,17,0,0.3,0,0
3.24,17,0,0.3,0,0
3.27,17,0,0.3,0,0
3.3,17,0,0.3,0,0
3.33,17,0,0.3,0,0
3.36,17,0,0.3,0,0
3.39,17,0,0.3,0,0
3.42,17,0,0.3,0,0
3.45,17,0,0.3,0,0
3.48,17,0,0.3,0,0
3.51,17,0,0.3,0,0
3.54,17,0,0.3,0,0
3.57,17,0,0.3,0,0
3.6,17,0,0.3,0,0
3.63,17,0,0.3,0,0
3.66,17,0,0.3,0,0
3.69,17,0,0.3,0,0
3.72,17,0,0.3,0,0
3.75,17,0,0.3,0,0
3.78,17,0,0.3,0,0
3.81,17,0,0.3,0,0
3.84,17,0,0.3,0,0
3.87,17,0,0.3,0,0
3.9,17,0,0.3,0,0
3.93,17,0,0.3,0,0
3.96,17,0,0.3,0,0
3.99,17,0,0.3,0,0
4.02,17,0,0.3,0,0
4.05,17,0,0.3,0,0
4.08,17,0,0.3,0,0
4.11,17,0,0.3,0,0
4.14,17,0,0.3,0,0
4.17,17,0,0.3,0,0
4.2,17,0,0.3,0,0
4.23,17,0,0.3,0,0
4.26,17,0,0.3,0,0
4.29,17,0,0.3,0,0
4.32,17,0,0.3,0,0
4.35,17,0,0.3,0,0
4.38,17,0,0.3,0,0
4.41,17,0,0.3,0,0
4.44,17,0,0.3,0,0
4.47,17,0,0.3,0,0
4.5,17,0,0.3,0,0
4.53,17,0,0.3,0,0
4.56,17,0,0.3,0,0
4.59,17,0,0.3,0,0
4.62,17,0,0.3,0,0
4.65,17,0,0.3,0,0
4.68,17,0,0.3,0,0
4.71,17,0,0.3,0,0
4.74,17,0,0.3,0,0
4.77,17,0,0.3,0,0
4.8,17,0,0.3,0,0
4.83,17,0,0.3,0,0
4.86,17,0,0.3,0,0
4.89,17,0,0.3,0,0
4.92,17,0,0.3,0,0
4.95,17,0,0.3,0,0
4.98,17,0,0.3,0,0
5.01,17,0,0.3,0,0
5.04,17,0,0.3,0,0
5.07,17,0,0.3,0,0
5.1,17,0,0.3,0,0
5.13,17,0,0.3,0,0
5.16,17,0,0.3,0,0
5.19,17,0,0.3,0,0
5.22,17,0,0.3,0,0
5.25,17,0,0.3,0,0
5.28,17,0,0.3,0,0
5.31,17,0,0.3,0,0
5.34,17,0,0.3,0,0
5.37,17,0,0.3,0,0
5.4,17,0,0.3,0,0
5.43,17,0,0.3,0,0
5.46,17,0,0.3,0,0
5.49,17,0,0.3,0,0
5.52,17,0,0.3,0,0
5.55,17,0,0.3,0,0
5.58,17,0,0.3,0,0
5.61,17,0,0.3,0,0
5.64,17,0,0.3,0,0
5.67,17,0,0.3,0,0
5.7,17,0,0.3,0,0
5.73,17,0,0.3,0,0
5.76,17,0,0.3,0,0
5.79,17,0,0.3,0,0
5.82,17,0,0.3,0,0
5.85,17,0,0.3,0,0
5.88,17,0,0.3,0,0
5.91,17,0,0.3,0,0
5.94,17,0,0.3,0,0
5.97,17,0,0.3,0,0
6,17,0,0.3,0,0
6.03,17,0,0.3,0,0
6.06,17,0,0.3,0,0
6.09,17,0,0.3,0,0
6.12,17,0,0.3,0,0
6.15,17,0,0.3,0,0
6.18,17,0,0.3,0,0
6.21,17,0,0.3,0,0
6.24,17,0,0.3,0,0
6.27,17,0,0.3,0,0
6.3,17,0,0.3,0,0
6.33,17,0,0.3,0,0
6.36,17,0,0.3,0,0
6.39,17,0,0.3,0,0
6.42,17,0,0.3,0,0
6.45,17,0,0.3,0,0
6.48,17,0,0.3,0,0
6.51,17,0,0.3,0,0
6.54,17,0,0.3,0,0
6.57,17,0,0.3,0,0
6.6,17,0,0.3,0,0
6.63,17,0,0.3,0,0
6.66,17,0,0.3,0,0
6.69,17,0,0.3,0,0
6.72,17,0,0.3,0,0
6.75,17,0,0.3,0,0
6.78,17,0,0.3,0,0
6.81,17,0,0.3,0,0
6.84,17,0,0.3,0,0
6.87,17,0,0.3,0,0
6.9,17,0,0.3,0,0
6.93,17,0,0.3,0,0
6.96,17,0,0.3,0,0
6.99,17,0,0.3,0,0
7.02,17,0,0.3,0,0
7.05,17,0,0.3,0,0
7.08,17,0,0.3,0,0
7.11,17,0,0.3,0,0
7.14,17,0,0.3,0,0
7.17,17,0,0.3,0,0
7.2,17,0,0.3,0,0
7.23,17,0,0.3,0,0
7.26,17,0,0.3,0,0
7.29,17,0,0.3,0,0
7.32,17,0,0.3,0,0
7.35,17,0,0.3,0,0
7.38,17,0,0.3,0,0
7.41,17,0,0.3,0,0
7.44,17,0,0.3,0,0
7.47,17,0,0.3,0,0
7.5,17,0,0.3,0,0
7.53,17,0,0.3,0,0
7.56,17,0,0.3,0,0
7.59,17,0,0.3,0,0
7.62,17,0,0.3,0,0
7.65,17,0,0.3,0,0
7.68,17,0,0.3,0,0
7.71,17,0,0.3,0,0
7.74,17,0,0.3,0,0
7.77,17,0,0.3,0,0
7.8,17,0,0.3,0,0
7.83,17,0,0.3,0,0
7.86,17,0,0.3,0,0
7.89,17,0,0.3,0,0
7.92,17,0,0.3,0,0
7.95,17,0,0.3,0,0
7.98,17,0,0.3,0,0
8.01,17,0,0.3,0,0
8.04,17,0,0.3,0,0
8.07,17,0,0.3,0,0
8.1,17,0,0.3,0,0
8.13,17,0,0.3,0,0
8.16,17,0,0.3,0,0
8.19,17,0,0.3,0,0
8.22,17,0,0.3,0,0
8.25,17,0,0.3,0,0
8.28,17,0,0.3,0,0
8.31,17,0,0.3,0,0
8.34,17,0,0.3,0,0
8.37,17,0,0.3,0,0
8.4,17,0,0.3,0,0
8.43,17,0,0.3,0,0
8.46,17,0,0.3,0,0
8.49,17,0,0.3,0,0
8.52,17,0,0.3,0,0
8.55,17,0,0.3,0,0
8.58,17,0,0.3,0,0
8.61,17,0,0.3,0,0
8.64,17,0,0.3,0,0
8.67,17,0,0.3,0,0
8.7,17,0,0.3,0,0
8.73,17,0,0.3,0,0
8.76,17,0,0.3,0,0
8.79,17,0,0.3,0,0
8.82,17,0,0.3,0,0
8.85,17,0,0.3,0,0
8.88,17,0,0.3,0,0
8.91,17,0,0.3,0,0
8.94,17,0,0.3,0,0
8.97,17,0,0.3,0,0
9,17,0,0.3,0,0
9.03,17,0,0.3,0,0
9.06,17,0,0.3,0,0
9.09,17,0,0.3,0,0
9.12,17,0,0.3,0,0
9.15,17,0,0.3,0,0
9.18,17,0,0.3,0,0
9.21,17,0,0.3,0,0
9.24,17,0,0.3,0,0
9.27,17,0,0.3,0,0
9.3,17,0,0.3,0,0
9.33,17,0,0.3,0,0
9.36,17,0,0.3,0,0
9.39,17,0,0.3,0,0
9.42,17,0,0.3,0,0
9.45,17,0,0.3,0,0
9.48,17,0,0.3,0,0
9.51,17,0,0.3,0,0
9.54,17,0,0.3,0,0
9.57,17,0,0.3,0,0
9.6,17,0,0.3,0,0
9.63,17,0,0.3,0,0
9.66,17,0,0.3,0,0
9.69,17,0,0.3,0,0
9.72,17,0,0.3,0,0
9.75,17,0,0.3,0,0
9.78,17,0,0.3,0,0
9.81,17,0,0.3,0,0
9.84,17,0,0.3,0,0
9.87,17,0,0.3,0,0
9.9,17,0,0.3,0,0
9.93,17,0,0.3,0,0
9.96,17,0,0.3,0,0
9.99,17,0,0.3,0,0
10.02,17,0,0.3,0,0
10.05,17,0,0.3,0,0
10.08,17,0,0.3,0,0
10.11,17,0,0.3,0,0
10.14,17,0,0.3,0,0
10.17,17,0,0.3,0,0
10.2,17,0,0.3,0,0
10.23,17,0,0.3,0,0
10.26,17,0,0.3,0,0
10.29,17,0,0.3,0,0
10.32,17,0,0.3,0,0
10.35,17,0,0.3,0,0
10.38,17,0,0.3,0,0
10.41,17,0,0.3,0,0
10.44,17,0,0.3,0,0
10.47,17,0,0.3,0,0
10.5,17,0,0.3,0,0
10.53,17,0,0.3,0,0
10.56,17,0,0.3,0,0
10.59,17,0,0.3,0,0
10.62,17,0,0.3,0,0
10.65,17,0,0.3,0,0
10.68,17,0,0.3,0,0
10.71,17,0,0.3,0,0
10.74,17,0,0.3,0,0
10.77,17,0,0.3,0,0
10.8,17,0,0.3,0,0
10.83,17,0,0.3,0,0
10.86,17,0,0.3,0,0
10.89,17,0,0.3,0,0
10.92,17,0,0.3,0,0
10.95,17,0,0.3,0,0
10.98,17,0,0.3,0,0
11.01,17,0,0.3,0,0
11.04,17,0,0.3,0,0
11.07,17,0,0.3,0,0
11.1,17,0,0.3,0,0
11.13,17,0,0.3,0,0
11.16,17,0,0.3,0,0
11.19,17,0,0.3,0,0
11.22,17,0,0.3,0,0
11.25,17,0,0.3,0,0
11.28,17,0,0.3,0,0
11.31,17,0,0.3,0,0
11.34,17,0,0.3,0,0
11.37,17,0,0.3,0,0
11.4,17,0,0.3,0,0
11.43,17,0,0.3,0,0
11.46,17,0,0.3,0,0
11.49,17,0,0.3,0,0
11.52,17,0,0.3,0,0
11.55,17,0,0.3,0,0
11.58,17,0,0.3,0,0
11.61,17,0,0.3,0,0
11.64,17,0,0.3,0,0
11.67,17,0,0.3,0,0
11.7,17,0,0.3,0,0
11.73,17,0,0.3,0,0
11.76,17,0,0.3,0,0
11.79,17,0,0.3,0,0
11.82,17,0,0.3,0,0
11.85,17,0,0.3,0,0
11.88,17,0,0.3,0,0
11.91,17,0,0.3,0,0
11.94,17,0,0.3,0,0
11.97,17,0,0.3,0,0
12,17,0,0.3,0,0
12.03,17,0,0.3,0,0
12.06,17,0,0.3,0,0
12.09,17,0,0.3,0,0
12.12,17,0,0.3,0,0
12.15,17,0,0.3,0,0
12.18,17,0,0.3,0,0
12.21,17,0,0.3,0,0
12.24,17,0,0.3,0,0
12.27,17,0,0.3,0,0
12.3,17,0,0.3,0,0
12.33,17,0,0.3,0,0
12.36,17,0,0.3,0,0
12.39,17,0,0.3,0,0
12.42,17,0,0.3,0,0
12.45,17,0,0.3,0,0
12.48,17,0,0.3,0,0
12.51,17,0,0.3,0,0
12.54,17,0,0.3,0,0
12.57,17,0,0.3,0,0
12.6,17,0,0.3,0,0
12.63,17,0,0.3,0,0
12.66,17,0,0.3,0,0
12.69,17,0,0.3,0,0
12.72,17,0,0.3,0,0
12.75,17,0,0.3,0,0
12.78,17,0,0.3,0,0
12.81,17,0,0.3,0,0
12.84,17,0,0.3,0,0
12.87,17,0,0.3,0,0
12.9,17,0,0.3,0,0
12.93,17,0,0.3,0,0
12.96,17,0,0.3,0,0
12.99,17,0,0.3,0,0
13.02,17,0,0.3,0,0
13.05,17,0,0.3,0,0
13.08,17,0,0.3,0,0
13.11,17,0,0.3,0,0
13.14,17,0,0.3,0,0
13.17,17,0,0.3,0,0
13.2,17,0,0.3,0,0
13.23,17,0,0.3,0,0
13.26,17,0,0.3,0,0
13.29,17,0,0.3,0,0
13.32,17,0,0.3,0,0
13.35,17,0,0.3,0,0
13.38,17,0,0.3,0,0
13.41,17,0,0.3,0,0
13.44,17,0,0.3,0,0
13.47,17,0,0.3,0,0
13.5,17,0,0.3,0,0
13.53,17,0,0.3,0,0
13.56,17,0,0.3,0,0
13.59,17,0,0.3,0,0
13.62,17,0,0.3,0,0
13.65,17,0,0.3,0,0
13.68,17,0,0.3,0,0
13.71,17,0,0.3,0,0
13.74,17,0,0.3,0,0
13.77,17,0,0.3,0,0
13.8,17,0,0.3,0,0
13.83,17,0,0.3,0,0
13.86,17,0,0.3,0,0
13.89,17,0,0.3,0,0
13.92,17,0,0.3,0,0
13.95,17,0,0.3,0,0
13.98,17,0,0.3,0,0
14.01,17,0,0.3,0,0
14.04,17,0,0.3,0,0
14.07,17,0,0.3,0,0
14.1,17,0,0.3,0,0
14.13,17,0,0.3,0,0
14.16,17,0,0.3,0,0
14.19,17,0,0.3,0,0
14.22,17,0,0.3,0,0
14.25,17,0,0.3,0,0
14.28,17,0,0.3,0,0
14.31,17,0,0.3,0,0
14.34,17,0,0.3,0,0
14.37,17,0,0.3,0,0
14.4,17,0,0.3,0,0
14.43,17,0,0.3,0,0
14.46,17,0,0.3,0,0
14.49,17,0,0.3,0,0
14.52,17,0,0.3,0,0
14.55,17,0,0.3,0,0
14.58,17,0,0.3,0,0
14.61,17,0,0.3,0,0
14.64,17,0,0.3,0,0
14.67,17,0,0.3,0,0
14.7,17,0,0.3,0,0
14.73,17,0,0.3,0,0
14.76,17,0,0.3,0,0
14.79,17,0,0.3,0,0
14.82,17,0,0.3,0,0
14.85,17,0,0.3,0,0
14.88,17,0,0.3,0,0
14.91,17,0,0.3,0,0
14.94,17,0,0.3,0,0
14.97,17,0,0.3,0,0
15,17,0,0.3,0,0
15.03,17,0,0.3,0,0
15.06,17,0,0.3,0,0
15.09,17,0,0.3,0,0
15.12,17,0,0.3,0,0
15.15,17,0,0.3,0,0
15.18,17,0,0.3,0,0
15.21,17,0,0.3,0,0
15.24,17,0,0.3,0,0
15.27,17,0,0.3,0,0
15.3,17,0,0.3,0,0
15.33,17,0,0.3,0,0
15.36,17,0,0.3,0,0
15.39,17,0,0.3,0,0
15.42,17,0,0.3,0,0
15.45,17,0,0.3,0,0
15.48,17,0,0.3,0,0
15.51,17,0,0.3,0,0
15.54,17,0,0.3,0,0
15.57,17,0,0.3,0,0
15.6,17,0,0.3,0,0
15.63,17,0,0.3,0,0
15.66,17,0,0.3,0,0
15.69,17,0,0.3,0,0
15.72,17,0,0.3,0,0
15.75,17,0,0.3,0,0
15.78,17,0,0.3,0,0
15.81,17,0,0.3,0,0
15.84,17,0,0.3,0,0
15.87,17,0,0.3,0,0
15.9,17,0,0.3,0,0
15.93,17,0,0.3,0,0
15.96,17,0,0.3,0,0
15.99,17,0,0.3,0,0
16.02,17,0,0.3,0,0
16.05,17,0,0.3,0,0
16.08,17,0,0.3,0,0
16.11,17,0,0.3,0,0
16.14,17,0,0.3,0,0
16.17,17,0,0.3,0,0
16.2,17,0,0.3,0,0
16.23,17,0,0.3,0,0
16.26,17,0,0.3,0,0
16.29,17,0,0.3,0,0
16.32,17,0,0.3,0,0
16.35,17,0,0.3,0,0
16.38,17,0,0.3,0,0
16.41,17,0,0.3,0,0
16.44,17,0,0.3,0,0
16.47,17,0,0.3,0,0
16.5,17,0,0.3,0,0
16.53,17,0,0.3,0,0
16.56,17,0,0.3,0,0
16.59,17,0,0.3,0,0
16.62,17,0,0.3,0,0
16.65,17,0,0.3,0,0
16.68,17,0,0.3,0,0
16.71,17,0,0.3,0,0
16.74,17,0,0.3,0,0
16.77,17,0,0.3,0,0
16.8,17,0,0.3,0,0
16.83,17,0,0.3,0,0
16.86,17,0,0.3,0,0
16.89,17,0,0.3,0,0
16.92,17,0,0.3,0,0
16.95,17,0,0.3,0,0
16.98,17,0,0.3,0,0
17.01,17,0,0.3,0,0
17.04,17,0,0.3,0,0
17.07,17,0,0.3,0,0
17.1,17,0,0.3,0,0
17.13,17,0,0.3,0,0
17.16,17,0,0.3,0,0
17.19,17,0,0.3,0,0
17.22,17,0,0.3,0,0
17.25,17,0,0.3,0,0
17.28,17,0,0.3,0,0
17.31,17,0,0.3,0,0
17.34,17,0,0.3,0,0
17.37,17,0,0.3,0,0
17.4,17,0,0.3,0,0
17.43,17,0,0.3,0,0
17.46,17,0,0.3,0,0
17.49,17,0,0.3,0,0
17.52,17,0,0.3,0,0
17.55,17,0,0.3,0,0
17.58,17,0,0.3,0,0
17.61,17,0,0.3,0,0
17.64,17,0,0.3,0,0
17.67,17,0,0.3,0,0
17.7,17,0,0.3,0,0
17.73,17,0,0.3,0,0
17.76,17,0,0.3,0,0
17.79,17,0,0.3,0,0
17.82,17,0,0.3,0,0
17.85,17,0,0.3,0,0
17.88,17,0,0.3,0,0
17.91,17,0,0.3,0,0
17.94,17,0,0.3,0,0
17.97,17,0,0.3,0,0
18,17,0,0.3,0,0
18.03,17,0,0.3,0,0
18.06,17,0,0.3,0,0
18.09,17,0,0.3,0,0
18.12,17,0,0.3,0,0
18.15,17,0,0.3,0,0
18.18,17,0,0.3,0,0
18.21,17,0,0.3,0,0
18.24,17,0,0.3,0,0
18.27,17,0,0.3,0,0
18.3,17,0,0.3,0,0
18.33,17,0,0.3,0,0
18.36,17,0,0.3,0,0
18.39,17,0,0.3,0,0
18.42,17,0,0.3,0,0
18.45,17,0,0.3,0,0
18.48,17,0,0.3,0,0
18.51,17,0,0.3,0,0
18.54,17,0,0.3,0,0
18.57,17,0,0.3,0,0
18.6,17,0,0.3,0,0
18.63,17,0,0.3,0,0
18.66,17,0,0.3,0,0
18.69,17,0,0.3,0,0
18.72,17,0,0.3,0,0
18.75,17,0,0.3,0,0
18.78,17,0,0.3,0,0
18.81,17,0,0.3,0,0
18.84,17,0,0.3,0,0
18.87,17,0,0.3,0,0
18.9,17,0,0.3,0,0
18.93,17,0,0.3,0,0
18.96,17,0,0.3,0,0
18.99,17,0,0.3,0,0
19.02,17,0,0.3,0,0
19.02999888,17.000225,0.015,0.10001125,0.00074993,0.15
19.059991,17.00089993,0.03,0.29998875,-0.002249958,0.15
19.08996963,17.00202466,0.045,0.29998875,-0.002249958,0.15
19.11992801,17.00359892,0.06,0.29998875,-0.002249958,0.15
19.14985941,17.00562236,0.075,0.29998875,-0.002249958,0.15
19.1797571,17.00809453,0.09,0.29998875,-0.002249958,0.15
19.20961434,17.01101487,0.105,0.29998875,-0.002249958,0.15
19.23942441,17.01438273,0.12,0.29998875,-0.002249958,0.15
19.26918062,17.01819734,0.135,0.29998875,-0.002249958,0.15
19.29887626,17.02245784,0.15,0.29998875,-0.002249958,0.15
19.32850466,17.02716329,0.165,0.29998875,-0.002249958,0.15
19.35805915,17.03231261,0.18,0.29998875,-0.002249958,0.15
19.38753307,17.03790466,0.195,0.29998875,-0.002249958,0.15
19.4169198,17.04393817,0.21,0.29998875,-0.002249958,0.15
19.44621272,17.05041179,0.225,0.29998875,-0.002249958,0.15
19.47540525,17.05732405,0.24,0.29998875,-0.002249958,0.15
19.50449082,17.06467341,0.255,0.29998875,-0.002249958,0.15
19.53346287,17.07245821,0.27,0.29998875,-0.002249958,0.15
19.5623149,17.08067669,0.285,0.29998875,-0.002249958,0.15
19.59104041,17.08932702,0.3,0.29998875,-0.002249958,0.15
19.61963294,17.09840724,0.315,0.29998875,-0.002249958,0.15
19.64808606,17.10791531,0.33,0.29998875,-0.002249958,0.15
19.67639335,17.11784909,0.345,0.29998875,-0.002249958,0.15
19.70454847,17.12820635,0.36,0.29998875,-0.002249958,0.15
19.73254506,17.13898476,0.375,0.29998875,-0.002249958,0.15
19.76037683,17.15018188,0.39,0.29998875,-0.002249958,0.15
19.78803752,17.16179521,0.405,0.29998875,-0.002249958,0.15
19.81552091,17.17382212,0.42,0.29998875,-0.002249958,0.15
19.8428208,17.18625992,0.435,0.29998875,-0.002249958,0.15
19.86993107,17.1991058,0.45,0.29998875,-0.002249958,0.15
19.8968456,17.21235687,0.465,0.29998875,-0.002249958,0.15
19.92355835,17.22601015,0.48,0.29998875,-0.002249958,0.15
19.9500633,17.24006258,0.495,0.29998875,-0.002249958,0.15
19.97635449,17.25451098,0.51,0.29998875,-0.002249958,0.15
20.00242601,17.26935212,0.525,0.29998875,-0.002249958,0.15
20.02827198,17.28458264,0.54,0.29998875,-0.002249958,0.15
20.0538866,17.30019912,0.555,0.29998875,-0.002249958,0.15
20.0792641,17.31619805,0.57,0.29998875,-0.002249958,0.15
20.10439876,17.33257583,0.585,0.29998875,-0.002249958,0.15
20.12928495,17.34932877,0.6,0.29998875,-0.002249958,0.15
20.15391704,17.36645311,0.615,0.29998875,-0.002249958,0.15
20.17828952,17.38394498,0.63,0.29998875,-0.002249958,0.15
20.20239688,17.40180047,0.645,0.29998875,-0.002249958,0.15
20.2262337,17.42001554,0.66,0.29998875,-0.002249958,0.15
20.24979463,17.4385861,0.675,0.29998875,-0.002249958,0.15
20.27307436,17.45750797,0.69,0.29998875,-0.002249958,0.15
20.29606766,17.4767769,0.705,0.29998875,-0.002249958,0.15
20.31876934,17.49638854,0.72,0.29998875,-0.002249958,0.15
20.34117431,17.51633849,0.735,0.29998875,-0.002249958,0.15
20.36327752,17.53662226,0.75,0.29998875,-0.002249958,0.15
20.385074,17.55723529,0.765,0.29998875,-0.002249958,0.15
20.40655884,17.57817292,0.78,0.29998875,-0.002249958,0.15
20.42772721,17.59943047,0.795,0.29998875,-0.002249958,0.15
20.44857435,17.62100313,0.81,0.29998875,-0.002249958,0.15
20.46909556,17.64288607,0.825,0.29998875,-0.002249958,0.15
20.48928624,17.66507435,0.84,0.29998875,-0.002249958,0.15
20.50914183,17.68756298,0.855,0.29998875,-0.002249958,0.15
20.52865787,17.71034691,0.87,0.29998875,-0.002249958,0.15
20.54782997,17.733421,0.885,0.29998875,-0.002249958,0.15
20.56665382,17.75678006,0.9,0.29998875,-0.002249958,0.15
20.58512517,17.78041885,0.915,0.29998875,-0.002249958,0.15
20.60323988,17.80433204,0.93,0.29998875,-0.002249958,0.15
20.62099387,17.82851424,0.945,0.29998875,-0.002249958,0.15
20.63838314,17.85296003,0.96,0.29998875,-0.002249958,0.15
20.65540378,17.87766389,0.975,0.29998875,-0.002249958,0.15
20.67205196,17.90262028,0.99,0.29998875,-0.002249958,0.15
20.68832393,17.92782357,1.005,0.29998875,-0.002249958,0.15
20.70421604,17.9532681,1.02,0.29998875,-0.002249958,0.15
20.71972471,17.97894813,1.035,0.29998875,-0.002249958,0.15
20.73484645,18.0048579,1.05,0.29998875,-0.002249958,0.15
20.74957786,18.03099158,1.065,0.29998875,-0.002249958,0.15
20.76391561,18.05734327,1.08,0.29998875,-0.002249958,0.15
20.7778565,18.08390706,1.095,0.29998875,-0.002249958,0.15
20.79139737,18.11067697,1.11,0.29998875,-0.002249958,0.15
20.80453519,18.13764697,1.125,0.29998875,-0.002249958,0.15
20.81726699,18.16481099,1.14,0.29998875,-0.002249958,0.15
20.82958992,18.19216293,1.155,0.29998875,-0.002249958,0.15
20.8415012,18.21969663,1.17,0.29998875,-0.002249958,0.15
20.85299814,18.2474059,1.185,0.29998875,-0.002249958,0.15
20.86407817,18.27528449,1.2,0.29998875,-0.002249958,0.15
20.87473879,18.30332614,1.215,0.29998875,-0.002249958,0.15
20.8849776,18.33152455,1.23,0.29998875,-0.002249958,0.15
20.8947923,18.35987335,1.245,0.29998875,-0.002249958,0.15
20.90418068,18.38836618,1.26,0.29998875,-0.002249958,0.15
20.91314063,18.41699663,1.275,0.29998875,-0.002249958,0.15
20.92167013,18.44575825,1.29,0.29998875,-0.002249958,0.15
20.92976726,18.47464457,1.305,0.29998875,-0.002249958,0.15
20.9374302,18.5036491,1.32,0.29998875,-0.002249958,0.15
20.94465723,18.5327653,1.335,0.29998875,-0.002249958,0.15
20.95144672,18.56198663,1.35,0.29998875,-0.002249958,0.15
20.95779714,18.5913065,1.365,0.29998875,-0.002249958,0.15
20.96370706,18.62071834,1.38,0.29998875,-0.002249958,0.15
20.96917516,18.65021551,1.395,0.29998875,-0.002249958,0.15
20.9742002,18.67979138,1.41,0.29998875,-0.002249958,0.15
20.97878106,18.70943929,1.425,0.29998875,-0.002249958,0.15
20.9829167,18.73915258,1.44,0.29998875,-0.002249958,0.15
20.98660619,18.76892456,1.455,0.29998875,-0.002249958,0.15
20.9898487,18.79874853,1.47,0.29998875,-0.002249958,0.15
20.9926435,18.82861778,1.485,0.29998875,-0.002249958,0.15
20.99498997,18.8585256,1.5,0.29998875,-0.002249958,0.15
20.99688758,18.88846524,1.515,0.29998875,-0.002249958,0.15
20.99833589,18.91842998,1.53,0.29998875,-0.002249958,0.15
20.99933459,18.94841307,1.545,0.29998875,-0.002249958,0.15
20.99988344,18.97840777,1.56,0.29998875,-0.002249958,0.15
20.99998233,19.00840732,1.575,0.29998875,-0.002249958,0.15
20.99963123,19.03840499,1.59,0.29998875,-0.002249958,0.15
20.99883022,19.06839401,1.605,0.29998875,-0.002249958,0.15
20.99757949,19.09836764,1.62,0.29998875,-0.002249958,0.15
20.9958793,19.12831915,1.635,0.29998875,-0.002249958,0.15
20.99373006,19.15824178,1.65,0.29998875,-0.002249958,0.15
20.99113223,19.18812881,1.665,0.29998875,-0.002249958,0.15
20.9880864,19.2179735,1.68,0.29998875,-0.002249958,0.15
20.98459327,19.24776916,1.695,0.29998875,-0.002249958,0.15
20.98065361,19.27750907,1.71,0.29998875,-0.002249958,0.15
20.97626831,19.30718654,1.725,0.29998875,-0.002249958,0.15
20.97143836,19.3367949,1.74,0.29998875,-0.002249958,0.15
20.96616484,19.36632747,1.755,0.29998875,-0.002249958,0.15
20.96044895,19.39577763,1.77,0.29998875,-0.002249958,0.15
20.95429196,19.42513874,1.785,0.29998875,-0.002249958,0.15
20.94769526,19.45440419,1.8,0.29998875,-0.002249958,0.15
20.94066034,19.4835674,1.815,0.29998875,-0.002249958,0.15
20.93318878,19.51262182,1.83,0.29998875,-0.002249958,0.15
20.92528227,19.54156089,1.845,0.29998875,-0.002249958,0.15
20.91694257,19.57037812,1.86,0.29998875,-0.002249958,0.15
20.90817156,19.59906701,1.875,0.29998875,-0.002249958,0.15
20.89897123,19.62762112,1.89,0.29998875,-0.002249958,0.15
20.88934364,19.65603401,1.905,0.29998875,-0.002249958,0.15
20.87929095,19.6842993,1.92,0.29998875,-0.002249958,0.15
20.86881543,19.71241063,1.935,0.29998875,-0.002249958,0.15
20.85791943,19.74036166,1.95,0.29998875,-0.002249958,0.15
20.84660541,19.76814612,1.965,0.29998875,-0.002249958,0.15
20.83487591,19.79575775,1.98,0.29998875,-0.002249958,0.15
20.82273357,19.82319033,1.995,0.29998875,-0.002249958,0.15
20.81018113,19.8504377,2.01,0.29998875,-0.002249958,0.15
20.7972214,19.87749373,2.025,0.29998875,-0.002249958,0.15
20.7838573,19.90435232,2.04,0.29998875,-0.002249958,0.15
20.77009185,19.93100744,2.055,0.29998875,-0.002249958,0.15
20.75592813,19.95745309,2.07,0.29998875,-0.002249958,0.15
20.74136933,19.98368331,2.085,0.29998875,-0.002249958,0.15
20.72641873,20.00969221,2.1,0.29998875,-0.002249958,0.15
20.7110797,20.03547393,2.115,0.29998875,-0.002249958,0.15
20.69535568,20.06102268,2.13,0.29998875,-0.002249958,0.15
20.67925021,20.08633269,2.145,0.29998875,-0.002249958,0.15
20.66276692,20.11139829,2.16,0.29998875,-0.002249958,0.15
20.64590951,20.13621383,2.175,0.29998875,-0.002249958,0.15
20.62868178,20.16077373,2.19,0.29998875,-0.002249958,0.15
20.61108761,20.18507245,2.205,0.29998875,-0.002249958,0.15
20.59313094,20.20910454,2.22,0.29998875,-0.002249958,0.15
20.57481583,20.23286459,2.235,0.29998875,-0.002249958,0.15
20.55614639,20.25634725,2.25,0.29998875,-0.002249958,0.15
20.53712683,20.27954723,2.265,0.29998875,-0.002249958,0.15
20.51776142,20.30245932,2.28,0.29998875,-0.002249958,0.15
20.49805451,20.32507836,2.295,0.29998875,-0.002249958,0.15
20.47801056,20.34739927,2.31,0.29998875,-0.002249958,0.15
20.45763405,20.36941702,2.325,0.29998875,-0.002249958,0.15
20.43692959,20.39112665,2.34,0.29998875,-0.002249958,0.15
20.41590182,20.41252329,2.355,0.29998875,-0.002249958,0.15
20.39455548,20.43360211,2.37,0.29998875,-0.002249958,0.15
20.37289537,20.45435839,2.385,0.29998875,-0.002249958,0.15
20.35092636,20.47478743,2.4,0.29998875,-0.002249958,0.15
20.3286534,20.49488466,2.415,0.29998875,-0.002249958,0.15
20.3060815,20.51464554,2.43,0.29998875,-0.002249958,0.15
20.28321574,20.53406563,2.445,0.29998875,-0.002249958,0.15
20.26006126,20.55314057,2.46,0.29998875,-0.002249958,0.15
20.23662327,20.57186605,2.475,0.29998875,-0.002249958,0.15
20.21290705,20.59023787,2.49,0.29998875,-0.002249958,0.15
20.18891792,20.6082519,2.505,0.29998875,-0.002249958,0.15
20.1646613,20.62590407,2.52,0.29998875,-0.002249958,0.15
20.14014263,20.64319043,2.535,0.29998875,-0.002249958,0.15
20.11536743,20.66010707,2.55,0.29998875,-0.002249958,0.15
20.09034129,20.6766502,2.565,0.29998875,-0.002249958,0.15
20.06506982,20.69281608,2.58,0.29998875,-0.002249958,0.15
20.03955871,20.70860109,2.595,0.29998875,-0.002249958,0.15
20.0138137,20.72400167,2.61,0.29998875,-0.002249958,0.15
19.9878406,20.73901436,2.625,0.29998875,-0.002249958,0.15
19.96164523,20.75363578,2.64,0.29998875,-0.002249958,0.15
19.9352335,20.76786264,2.655,0.29998875,-0.002249958,0.15
19.90861134,20.78169173,2.67,0.29998875,-0.002249958,0.15
19.88178475,20.79511996,2.685,0.29998875,-0.002249958,0.15
19.85475976,20.80814428,2.7,0.29998875,-0.002249958,0.15
19.82754245,20.82076179,2.715,0.29998875,-0.002249958,0.15
19.80013896,20.83296963,2.73,0.29998875,-0.002249958,0.15
19.77255543,20.84476506,2.745,0.29998875,-0.002249958,0.15
19.74479808,20.85614542,2.76,0.29998875,-0.002249958,0.15
19.71687315,20.86710816,2.775,0.29998875,-0.002249958,0.15
19.68878693,20.87765081,2.79,0.29998875,-0.002249958,0.15
19.66054574,20.88777099,2.805,0.29998875,-0.002249958,0.15
19.63215593,20.89746644,2.82,0.29998875,-0.002249958,0.15
19.60362388,20.90673496,2.835,0.29998875,-0.002249958,0.15
19.57495602,20.91557448,2.85,0.29998875,-0.002249958,0.15
19.5461588,20.92398299,2.865,0.29998875,-0.002249958,0.15
19.5172387,20.93195862,2.88,0.29998875,-0.002249958,0.15
19.48820222,20.93949957,2.895,0.29998875,-0.002249958,0.15
19.45905589,20.94660414,2.91,0.29998875,-0.002249958,0.15
19.42980628,20.95327073,2.925,0.29998875,-0.002249958,0.15
19.40045997,20.95949785,2.94,0.29998875,-0.002249958,0.15
19.37102355,20.96528408,2.955,0.29998875,-0.002249958,0.15
19.34150366,20.97062814,2.97,0.29998875,-0.002249958,0.15
19.31190693,20.97552881,2.985,0.29998875,-0.002249958,0.15
19.28224002,20.97998499,3,0.29998875,-0.002249958,0.15
19.2525096,20.98399569,3.015,0.29998875,-0.002249958,0.15
19.22272238,20.98756,3.03,0.29998875,-0.002249958,0.15
19.19288504,20.99067711,3.045,0.29998875,-0.002249958,0.15
19.1630043,20.99334633,3.06,0.29998875,-0.002249958,0.15
19.13308689,20.99556706,3.075,0.29998875,-0.002249958,0.15
19.10313954,20.99733879,3.09,0.29998875,-0.002249958,0.15
19.07316898,20.99866113,3.105,0.29998875,-0.002249958,0.15
19.04318195,20.99953378,3.12,0.29998875,-0.002249958,0.15
19.01318521,20.99995654,3.135,0.29998875,-0.002249958,0.15
18.98318521,20.99995654,3.141592654,0.3,3.67E-17,0.065926536
18.95318521,20.99995654,3.141592654,0.3,3.67E-17,0
18.92318521,20.99995654,3.141592654,0.3,3.67E-17,0
18.89318521,20.99995654,3.141592654,0.3,3.67E-17,0
18.86318521,20.99995654,3.141592654,0.3,3.67E-17,0
18.83318521,20.99995654,3.141592654,0.3,3.67E-17,0
18.80318521,20.99995654,3.141592654,0.3,3.67E-17,0
18.77318521,20.99995654,3.141592654,0.3,3.67E-17,0
18.74318521,20.99995654,3.141592654,0.3,3.67E-17,0
18.71318521,20.99995654,3.141592654,0.3,3.67E-17,0
18.68318521,20.99995654,3.141592654,0.3,3.67E-17,0
18.65318521,20.99995654,3.141592654,0.3,3.67E-17,0
18.62318521,20.99995654,3.141592654,0.3,3.67E-17,0
18.59318521,20.99995654,3.141592654,0.3,3.67E-17,0
18.56318521,20.99995654,3.141592654,0.3,3.67E-17,0
18.53318521,20.99995654,3.141592654,0.3,3.67E-17,0
18.50318521,20.99995654,3.141592654,0.3,3.67E-17,0
18.47318521,20.99995654,3.141592654,0.3,3.67E-17,0
18.44318521,20.99995654,3.141592654,0.3,3.67E-17,0
18.41318521,20.99995654,3.141592654,0.3,3.67E-17,0
18.38318521,20.99995654,3.141592654,0.3,3.67E-17,0
18.35318521,20.99995654,3.141592654,0.3,3.67E-17,0
18.32318521,20.99995654,3.141592654,0.3,3.67E-17,0
18.29318521,20.99995654,3.141592654,0.3,3.67E-17,0
18.26318521,20.99995654,3.141592654,0.3,3.67E-17,0
18.23318521,20.99995654,3.141592654,0.3,3.67E-17,0
18.20318521,20.99995654,3.141592654,0.3,3.67E-17,0
18.17318521,20.99995654,3.141592654,0.3,3.67E-17,0
18.14318521,20.99995654,3.141592654,0.3,3.67E-17,0
18.11318521,20.99995654,3.141592654,0.3,3.67E-17,0
18.08318521,20.99995654,3.141592654,0.3,3.67E-17,0
18.05318521,20.99995654,3.141592654,0.3,3.67E-17,0
18.02318521,20.99995654,3.141592654,0.3,3.67E-17,0
17.99318521,20.99995654,3.141592654,0.3,3.67E-17,0
17.96318521,20.99995654,3.141592654,0.3,3.67E-17,0
17.93318521,20.99995654,3.141592654,0.3,3.67E-17,0
17.90318521,20.99995654,3.141592654,0.3,3.67E-17,0
17.87318521,20.99995654,3.141592654,0.3,3.67E-17,0
17.84318521,20.99995654,3.141592654,0.3,3.67E-17,0
17.81318521,20.99995654,3.141592654,0.3,3.67E-17,0
17.78318521,20.99995654,3.141592654,0.3,3.67E-17,0
17.75318521,20.99995654,3.141592654,0.3,3.67E-17,0
17.72318521,20.99995654,3.141592654,0.3,3.67E-17,0
17.69318521,20.99995654,3.141592654,0.3,3.67E-17,0
17.66318521,20.99995654,3.141592654,0.3,3.67E-17,0
17.63318521,20.99995654,3.141592654,0.3,3.67E-17,0
17.60318521,20.99995654,3.141592654,0.3,3.67E-17,0
17.57318521,20.99995654,3.141592654,0.3,3.67E-17,0
17.54318521,20.99995654,3.141592654,0.3,3.67E-17,0
17.51318521,20.99995654,3.141592654,0.3,3.67E-17,0
17.48318521,20.99995654,3.141592654,0.3,3.67E-17,0
17.45318521,20.99995654,3.141592654,0.3,3.67E-17,0
17.42318521,20.99995654,3.141592654,0.3,3.67E-17,0
17.39318521,20.99995654,3.141592654,0.3,3.67E-17,0
17.36318521,20.99995654,3.141592654,0.3,3.67E-17,0
17.33318521,20.99995654,3.141592654,0.3,3.67E-17,0
17.30318521,20.99995654,3.141592654,0.3,3.67E-17,0
17.27318521,20.99995654,3.141592654,0.3,3.67E-17,0
17.24318521,20.99995654,3.141592654,0.3,3.67E-17,0
17.21318521,20.99995654,3.141592654,0.3,3.67E-17,0
17.18318521,20.99995654,3.141592654,0.3,3.67E-17,0
17.15318521,20.99995654,3.141592654,0.3,3.67E-17,0
17.12318521,20.99995654,3.141592654,0.3,3.67E-17,0
17.09318521,20.99995654,3.141592654,0.3,3.67E-17,0
17.06318521,20.99995654,3.141592654,0.3,3.67E-17,0
17.03318521,20.99995654,3.141592654,0.3,3.67E-17,0
17.00318521,20.99995654,3.141592654,0.3,3.67E-17,0
16.97318521,20.99995654,3.141592654,0.3,3.67E-17,0
16.94318521,20.99995654,3.141592654,0.3,3.67E-17,0
16.91318521,20.99995654,3.141592654,0.3,3.67E-17,0
16.88318521,20.99995654,3.141592654,0.3,3.67E-17,0
16.85318521,20.99995654,3.141592654,0.3,3.67E-17,0
16.82318521,20.99995654,3.141592654,0.3,3.67E-17,0
16.79318521,20.99995654,3.141592654,0.3,3.67E-17,0
16.76318521,20.99995654,3.141592654,0.3,3.67E-17,0
16.73318521,20.99995654,3.141592654,0.3,3.67E-17,0
16.70318521,20.99995654,3.141592654,0.3,3.67E-17,0
16.67318521,20.99995654,3.141592654,0.3,3.67E-17,0
16.64318521,20.99995654,3.141592654,0.3,3.67E-17,0
16.61318521,20.99995654,3.141592654,0.3,3.67E-17,0
16.58318521,20.99995654,3.141592654,0.3,3.67E-17,0
16.55318521,20.99995654,3.141592654,0.3,3.67E-17,0
16.52318521,20.99995654,3.141592654,0.3,3.67E-17,0
16.49318521,20.99995654,3.141592654,0.3,3.67E-17,0
16.46318521,20.99995654,3.141592654,0.3,3.67E-17,0
16.43318521,20.99995654,3.141592654,0.3,3.67E-17,0
16.40318521,20.99995654,3.141592654,0.3,3.67E-17,0
16.37318521,20.99995654,3.141592654,0.3,3.67E-17,0
16.34318521,20.99995654,3.141592654,0.3,3.67E-17,0
16.31318521,20.99995654,3.141592654,0.3,3.67E-17,0
16.28318521,20.99995654,3.141592654,0.3,3.67E-17,0
16.25318521,20.99995654,3.141592654,0.3,3.67E-17,0
16.22318521,20.99995654,3.141592654,0.3,3.67E-17,0
16.19318521,20.99995654,3.141592654,0.3,3.67E-17,0
16.16318521,20.99995654,3.141592654,0.3,3.67E-17,0
16.13318521,20.99995654,3.141592654,0.3,3.67E-17,0
16.10318521,20.99995654,3.141592654,0.3,3.67E-17,0
16.07318521,20.99995654,3.141592654,0.3,3.67E-17,0
16.04318521,20.99995654,3.141592654,0.3,3.67E-17,0
16.01318521,20.99995654,3.141592654,0.3,3.67E-17,0
15.98318521,20.99995654,3.141592654,0.3,3.67E-17,0
15.95318521,20.99995654,3.141592654,0.3,3.67E-17,0
15.92318521,20.99995654,3.141592654,0.3,3.67E-17,0
15.89318521,20.99995654,3.141592654,0.3,3.67E-17,0
15.86318521,20.99995654,3.141592654,0.3,3.67E-17,0
15.83318521,20.99995654,3.141592654,0.3,3.67E-17,0
15.80318521,20.99995654,3.141592654,0.3,3.67E-17,0
15.77318521,20.99995654,3.141592654,0.3,3.67E-17,0
15.74318521,20.99995654,3.141592654,0.3,3.67E-17,0
15.71318521,20.99995654,3.141592654,0.3,3.67E-17,0
15.68318521,20.99995654,3.141592654,0.3,3.67E-17,0
15.65318521,20.99995654,3.141592654,0.3,3.67E-17,0
15.62318521,20.99995654,3.141592654,0.3,3.67E-17,0
15.59318521,20.99995654,3.141592654,0.3,3.67E-17,0
15.56318521,20.99995654,3.141592654,0.3,3.67E-17,0
15.53318521,20.99995654,3.141592654,0.3,3.67E-17,0
15.50318521,20.99995654,3.141592654,0.3,3.67E-17,0
15.47318521,20.99995654,3.141592654,0.3,3.67E-17,0
15.44318521,20.99995654,3.141592654,0.3,3.67E-17,0
15.41318521,20.99995654,3.141592654,0.3,3.67E-17,0
15.38318521,20.99995654,3.141592654,0.3,3.67E-17,0
15.35318521,20.99995654,3.141592654,0.3,3.67E-17,0
15.32318521,20.99995654,3.141592654,0.3,3.67E-17,0
15.29318521,20.99995654,3.141592654,0.3,3.67E-17,0
15.26318521,20.99995654,3.141592654,0.3,3.67E-17,0
15.23318521,20.99995654,3.141592654,0.3,3.67E-17,0
15.20318521,20.99995654,3.141592654,0.3,3.67E-17,0
15.17318521,20.99995654,3.141592654,0.3,3.67E-17,0
15.14318521,20.99995654,3.141592654,0.3,3.67E-17,0
15.11318521,20.99995654,3.141592654,0.3,3.67E-17,0
15.08318521,20.99995654,3.141592654,0.3,3.67E-17,0
15.05318521,20.99995654,3.141592654,0.3,3.67E-17,0
15.02318521,20.99995654,3.141592654,0.3,3.67E-17,0
14.99318521,20.99995654,3.141592654,0.3,3.67E-17,0
14.96318521,20.99995654,3.141592654,0.3,3.67E-17,0
14.93318521,20.99995654,3.141592654,0.3,3.67E-17,0
14.90318521,20.99995654,3.141592654,0.3,3.67E-17,0
14.87318521,20.99995654,3.141592654,0.3,3.67E-17,0
14.84318521,20.99995654,3.141592654,0.3,3.67E-17,0
14.81318521,20.99995654,3.141592654,0.3,3.67E-17,0
14.78318521,20.99995654,3.141592654,0.3,3.67E-17,0
14.75318521,20.99995654,3.141592654,0.3,3.67E-17,0
14.72318521,20.99995654,3.141592654,0.3,3.67E-17,0
14.69318521,20.99995654,3.141592654,0.3,3.67E-17,0
14.66318521,20.99995654,3.141592654,0.3,3.67E-17,0
14.63318521,20.99995654,3.141592654,0.3,3.67E-17,0
14.60318521,20.99995654,3.141592654,0.3,3.67E-17,0
14.57318521,20.99995654,3.141592654,0.3,3.67E-17,0
14.54318521,20.99995654,3.141592654,0.3,3.67E-17,0
14.51318521,20.99995654,3.141592654,0.3,3.67E-17,0
14.48318521,20.99995654,3.141592654,0.3,3.67E-17,0
14.45318521,20.99995654,3.141592654,0.3,3.67E-17,0
14.42318521,20.99995654,3.141592654,0.3,3.67E-17,0
14.39318521,20.99995654,3.141592654,0.3,3.67E-17,0
14.36318521,20.99995654,3.141592654,0.3,3.67E-17,0
14.33318521,20.99995654,3.141592654,0.3,3.67E-17,0
14.30318521,20.99995654,3.141592654,0.3,3.67E-17,0
14.27318521,20.99995654,3.141592654,0.3,3.67E-17,0
14.24318521,20.99995654,3.141592654,0.3,3.67E-17,0
14.21318521,20.99995654,3.141592654,0.3,3.67E-17,0
14.18318521,20.99995654,3.141592654,0.3,3.67E-17,0
14.15318521,20.99995654,3.141592654,0.3,3.67E-17,0
14.12318521,20.99995654,3.141592654,0.3,3.67E-17,0
14.09318521,20.99995654,3.141592654,0.3,3.67E-17,0
14.06318521,20.99995654,3.141592654,0.3,3.67E-17,0
14.03318521,20.99995654,3.141592654,0.3,3.67E-17,0
14.00318521,20.99995654,3.141592654,0.3,3.67E-17,0
13.97318521,20.99995654,3.141592654,0.3,3.67E-17,0
13.94318521,20.99995654,3.141592654,0.3,3.67E-17,0
13.91318521,20.99995654,3.141592654,0.3,3.67E-17,0
13.88318521,20.99995654,3.141592654,0.3,3.67E-17,0
13.85318521,20.99995654,3.141592654,0.3,3.67E-17,0
13.82318521,20.99995654,3.141592654,0.3,3.67E-17,0
13.79318521,20.99995654,3.141592654,0.3,3.67E-17,0
13.76318521,20.99995654,3.141592654,0.3,3.67E-17,0
13.73318521,20.99995654,3.141592654,0.3,3.67E-17,0
13.70318521,20.99995654,3.141592654,0.3,3.67E-17,0
13.67318521,20.99995654,3.141592654,0.3,3.67E-17,0
13.64318521,20.99995654,3.141592654,0.3,3.67E-17,0
13.61318521,20.99995654,3.141592654,0.3,3.67E-17,0
13.58318521,20.99995654,3.141592654,0.3,3.67E-17,0
13.55318521,20.99995654,3.141592654,0.3,3.67E-17,0
13.52318521,20.99995654,3.141592654,0.3,3.67E-17,0
13.49318521,20.99995654,3.141592654,0.3,3.67E-17,0
13.46318521,20.99995654,3.141592654,0.3,3.67E-17,0
13.43318521,20.99995654,3.141592654,0.3,3.67E-17,0
13.40318521,20.99995654,3.141592654,0.3,3.67E-17,0
13.37318521,20.99995654,3.141592654,0.3,3.67E-17,0
13.34318521,20.99995654,3.141592654,0.3,3.67E-17,0
13.31318521,20.99995654,3.141592654,0.3,3.67E-17,0
13.28318521,20.99995654,3.141592654,0.3,3.67E-17,0
13.25318521,20.99995654,3.141592654,0.3,3.67E-17,0
13.22318521,20.99995654,3.141592654,0.3,3.67E-17,0
13.19318521,20.99995654,3.141592654,0.3,3.67E-17,0
13.16318521,20.99995654,3.141592654,0.3,3.67E-17,0
13.13318521,20.99995654,3.141592654,0.3,3.67E-17,0
13.10318521,20.99995654,3.141592654,0.3,3.67E-17,0
13.07318521,20.99995654,3.141592654,0.3,3.67E-17,0
13.04318521,20.99995654,3.141592654,0.3,3.67E-17,0
13.01318521,20.99995654,3.141592654,0.3,3.67E-17,0
12.98318521,20.99995654,3.141592654,0.3,3.67E-17,0
12.95318521,20.99995654,3.141592654,0.3,3.67E-17,0
12.92318521,20.99995654,3.141592654,0.3,3.67E-17,0
12.89318521,20.99995654,3.141592654,0.3,3.67E-17,0
12.86318521,20.99995654,3.141592654,0.3,3.67E-17,0
12.83318521,20.99995654,3.141592654,0.3,3.67E-17,0
12.80318521,20.99995654,3.141592654,0.3,3.67E-17,0
12.77318521,20.99995654,3.141592654,0.3,3.67E-17,0
12.74318521,20.99995654,3.141592654,0.3,3.67E-17,0
12.71318521,20.99995654,3.141592654,0.3,3.67E-17,0
12.68318521,20.99995654,3.141592654,0.3,3.67E-17,0
12.65318521,20.99995654,3.141592654,0.3,3.67E-17,0
12.62318521,20.99995654,3.141592654,0.3,3.67E-17,0
12.59318521,20.99995654,3.141592654,0.3,3.67E-17,0
12.56318521,20.99995654,3.141592654,0.3,3.67E-17,0
12.53318521,20.99995654,3.141592654,0.3,3.67E-17,0
12.50318521,20.99995654,3.141592654,0.3,3.67E-17,0
12.47318521,20.99995654,3.141592654,0.3,3.67E-17,0
12.44318521,20.99995654,3.141592654,0.3,3.67E-17,0
12.41318521,20.99995654,3.141592654,0.3,3.67E-17,0
12.38318521,20.99995654,3.141592654,0.3,3.67E-17,0
12.35318521,20.99995654,3.141592654,0.3,3.67E-17,0
12.32318521,20.99995654,3.141592654,0.3,3.67E-17,0
12.29318521,20.99995654,3.141592654,0.3,3.67E-17,0
12.26318521,20.99995654,3.141592654,0.3,3.67E-17,0
12.23318521,20.99995654,3.141592654,0.3,3.67E-17,0
12.20318521,20.99995654,3.141592654,0.3,3.67E-17,0
12.17318521,20.99995654,3.141592654,0.3,3.67E-17,0
12.14318521,20.99995654,3.141592654,0.3,3.67E-17,0
12.11318521,20.99995654,3.141592654,0.3,3.67E-17,0
12.08318521,20.99995654,3.141592654,0.3,3.67E-17,0
12.05318521,20.99995654,3.141592654,0.3,3.67E-17,0
12.02318521,20.99995654,3.141592654,0.3,3.67E-17,0
11.99318521,20.99995654,3.141592654,0.3,3.67E-17,0
11.96318521,20.99995654,3.141592654,0.3,3.67E-17,0
11.93318521,20.99995654,3.141592654,0.3,3.67E-17,0
11.90318521,20.99995654,3.141592654,0.3,3.67E-17,0
11.87318521,20.99995654,3.141592654,0.3,3.67E-17,0
11.84318521,20.99995654,3.141592654,0.3,3.67E-17,0
11.81318521,20.99995654,3.141592654,0.3,3.67E-17,0
11.78318521,20.99995654,3.141592654,0.3,3.67E-17,0
11.75318521,20.99995654,3.141592654,0.3,3.67E-17,0
11.72318521,20.99995654,3.141592654,0.3,3.67E-17,0
11.69318521,20.99995654,3.141592654,0.3,3.67E-17,0
11.66318521,20.99995654,3.141592654,0.3,3.67E-17,0
11.63318521,20.99995654,3.141592654,0.3,3.67E-17,0
11.60318521,20.99995654,3.141592654,0.3,3.67E-17,0
11.57318521,20.99995654,3.141592654,0.3,3.67E-17,0
11.54318521,20.99995654,3.141592654,0.3,3.67E-17,0
11.51318521,20.99995654,3.141592654,0.3,3.67E-17,0
11.48318521,20.99995654,3.141592654,0.3,3.67E-17,0
11.45318521,20.99995654,3.141592654,0.3,3.67E-17,0
11.42318521,20.99995654,3.141592654,0.3,3.67E-17,0
11.39318521,20.99995654,3.141592654,0.3,3.67E-17,0
11.36318521,20.99995654,3.141592654,0.3,3.67E-17,0
11.33318521,20.99995654,3.141592654,0.3,3.67E-17,0
11.30318521,20.99995654,3.141592654,0.3,3.67E-17,0
11.27318521,20.99995654,3.141592654,0.3,3.67E-17,0
11.24318521,20.99995654,3.141592654,0.3,3.67E-17,0
11.21318521,20.99995654,3.141592654,0.3,3.67E-17,0
11.18318521,20.99995654,3.141592654,0.3,3.67E-17,0
11.15318521,20.99995654,3.141592654,0.3,3.67E-17,0
11.12318521,20.99995654,3.141592654,0.3,3.67E-17,0
11.09318521,20.99995654,3.141592654,0.3,3.67E-17,0
11.06318521,20.99995654,3.141592654,0.3,3.67E-17,0
11.03318521,20.99995654,3.141592654,0.3,3.67E-17,0
11.00318521,20.99995654,3.141592654,0.3,3.67E-17,0
10.97318521,20.99995654,3.141592654,0.3,3.67E-17,0
10.94318521,20.99995654,3.141592654,0.3,3.67E-17,0
10.91318521,20.99995654,3.141592654,0.3,3.67E-17,0
10.88318521,20.99995654,3.141592654,0.3,3.67E-17,0
10.85318521,20.99995654,3.141592654,0.3,3.67E-17,0
10.82318521,20.99995654,3.141592654,0.3,3.67E-17,0
10.79318521,20.99995654,3.141592654,0.3,3.67E-17,0
10.76318521,20.99995654,3.141592654,0.3,3.67E-17,0
10.73318521,20.99995654,3.141592654,0.3,3.67E-17,0
10.70318521,20.99995654,3.141592654,0.3,3.67E-17,0
10.67318521,20.99995654,3.141592654,0.3,3.67E-17,0
10.64318521,20.99995654,3.141592654,0.3,3.67E-17,0
10.61318521,20.99995654,3.141592654,0.3,3.67E-17,0
10.58318521,20.99995654,3.141592654,0.3,3.67E-17,0
10.55318521,20.99995654,3.141592654,0.3,3.67E-17,0
10.52318521,20.99995654,3.141592654,0.3,3.67E-17,0
10.49318521,20.99995654,3.141592654,0.3,3.67E-17,0
10.46318521,20.99995654,3.141592654,0.3,3.67E-17,0
10.43318521,20.99995654,3.141592654,0.3,3.67E-17,0
10.40318521,20.99995654,3.141592654,0.3,3.67E-17,0
10.37318521,20.99995654,3.141592654,0.3,3.67E-17,0
10.34318521,20.99995654,3.141592654,0.3,3.67E-17,0
10.31318521,20.99995654,3.141592654,0.3,3.67E-17,0
10.28318521,20.99995654,3.141592654,0.3,3.67E-17,0
10.25318521,20.99995654,3.141592654,0.3,3.67E-17,0
10.22318521,20.99995654,3.141592654,0.3,3.67E-17,0
10.19318521,20.99995654,3.141592654,0.3,3.67E-17,0
10.16318521,20.99995654,3.141592654,0.3,3.67E-17,0
10.13318521,20.99995654,3.141592654,0.3,3.67E-17,0
10.10318521,20.99995654,3.141592654,0.3,3.67E-17,0
10.07318521,20.99995654,3.141592654,0.3,3.67E-17,0
10.04318521,20.99995654,3.141592654,0.3,3.67E-17,0
10.01318521,20.99995654,3.141592654,0.3,3.67E-17,0
9.983185212,20.99995654,3.141592654,0.3,3.67E-17,0
9.953185212,20.99995654,3.141592654,0.3,3.67E-17,0
9.923185212,20.99995654,3.141592654,0.3,3.67E-17,0
9.893185212,20.99995654,3.141592654,0.3,3.67E-17,0
9.863185212,20.99995654,3.141592654,0.3,3.67E-17,0
9.833185212,20.99995654,3.141592654,0.3,3.67E-17,0
9.803185212,20.99995654,3.141592654,0.3,3.67E-17,0
9.773185212,20.99995654,3.141592654,0.3,3.67E-17,0
9.743185212,20.99995654,3.141592654,0.3,3.67E-17,0
9.713185212,20.99995654,3.141592654,0.3,3.67E-17,0
9.683185212,20.99995654,3.141592654,0.3,3.67E-17,0
9.653185212,20.99995654,3.141592654,0.3,3.67E-17,0
9.623185212,20.99995654,3.141592654,0.3,3.67E-17,0
9.593185212,20.99995654,3.141592654,0.3,3.67E-17,0
9.563185212,20.99995654,3.141592654,0.3,3.67E-17,0
9.533185212,20.99995654,3.141592654,0.3,3.67E-17,0
9.503185212,20.99995654,3.141592654,0.3,3.67E-17,0
9.473185212,20.99995654,3.141592654,0.3,3.67E-17,0
9.443185212,20.99995654,3.141592654,0.3,3.67E-17,0
9.413185212,20.99995654,3.141592654,0.3,3.67E-17,0
9.383185212,20.99995654,3.141592654,0.3,3.67E-17,0
9.353185212,20.99995654,3.141592654,0.3,3.67E-17,0
9.323185212,20.99995654,3.141592654,0.3,3.67E-17,0
9.293185212,20.99995654,3.141592654,0.3,3.67E-17,0
9.263185212,20.99995654,3.141592654,0.3,3.67E-17,0
9.233185212,20.99995654,3.141592654,0.3,3.67E-17,0
9.203185212,20.99995654,3.141592654,0.3,3.67E-17,0
9.173185212,20.99995654,3.141592654,0.3,3.67E-17,0
9.143185212,20.99995654,3.141592654,0.3,3.67E-17,0
9.113185212,20.99995654,3.141592654,0.3,3.67E-17,0
9.083185212,20.99995654,3.141592654,0.3,3.67E-17,0
9.053185212,20.99995654,3.141592654,0.3,3.67E-17,0
9.023185212,20.99995654,3.141592654,0.3,3.67E-17,0
8.993185212,20.99995654,3.141592654,0.3,3.67E-17,0
8.963185212,20.99995654,3.141592654,0.3,3.67E-17,0
8.933185212,20.99995654,3.141592654,0.3,3.67E-17,0
8.903185212,20.99995654,3.141592654,0.3,3.67E-17,0
8.873185212,20.99995654,3.141592654,0.3,3.67E-17,0
8.843185212,20.99995654,3.141592654,0.3,3.67E-17,0
8.813185212,20.99995654,3.141592654,0.3,3.67E-17,0
8.783185212,20.99995654,3.141592654,0.3,3.67E-17,0
8.753185212,20.99995654,3.141592654,0.3,3.67E-17,0
8.723185212,20.99995654,3.141592654,0.3,3.67E-17,0
8.693185212,20.99995654,3.141592654,0.3,3.67E-17,0
8.663185212,20.99995654,3.141592654,0.3,3.67E-17,0
8.633185212,20.99995654,3.141592654,0.3,3.67E-17,0
8.603185212,20.99995654,3.141592654,0.3,3.67E-17,0
8.573185212,20.99995654,3.141592654,0.3,3.67E-17,0
8.543185212,20.99995654,3.141592654,0.3,3.67E-17,0
8.513185212,20.99995654,3.141592654,0.3,3.67E-17,0
8.483185212,20.99995654,3.141592654,0.3,3.67E-17,0
8.453185212,20.99995654,3.141592654,0.3,3.67E-17,0
8.423185212,20.99995654,3.141592654,0.3,3.67E-17,0
8.393185212,20.99995654,3.141592654,0.3,3.67E-17,0
8.363185212,20.99995654,3.141592654,0.3,3.67E-17,0
8.333185212,20.99995654,3.141592654,0.3,3.67E-17,0
8.303185212,20.99995654,3.141592654,0.3,3.67E-17,0
8.273185212,20.99995654,3.141592654,0.3,3.67E-17,0
8.243185212,20.99995654,3.141592654,0.3,3.67E-17,0
8.213185212,20.99995654,3.141592654,0.3,3.67E-17,0
8.183185212,20.99995654,3.141592654,0.3,3.67E-17,0
8.153185212,20.99995654,3.141592654,0.3,3.67E-17,0
8.123185212,20.99995654,3.141592654,0.3,3.67E-17,0
8.093185212,20.99995654,3.141592654,0.3,3.67E-17,0
8.063185212,20.99995654,3.141592654,0.3,3.67E-17,0
8.033185212,20.99995654,3.141592654,0.3,3.67E-17,0
8.003185212,20.99995654,3.141592654,0.3,3.67E-17,0
7.973185212,20.99995654,3.141592654,0.3,3.67E-17,0
7.943185212,20.99995654,3.141592654,0.3,3.67E-17,0
7.913185212,20.99995654,3.141592654,0.3,3.67E-17,0
7.883185212,20.99995654,3.141592654,0.3,3.67E-17,0
7.853185212,20.99995654,3.141592654,0.3,3.67E-17,0
7.823185212,20.99995654,3.141592654,0.3,3.67E-17,0
7.793185212,20.99995654,3.141592654,0.3,3.67E-17,0
7.763185212,20.99995654,3.141592654,0.3,3.67E-17,0
7.733185212,20.99995654,3.141592654,0.3,3.67E-17,0
7.703185212,20.99995654,3.141592654,0.3,3.67E-17,0
7.673185212,20.99995654,3.141592654,0.3,3.67E-17,0
7.643185212,20.99995654,3.141592654,0.3,3.67E-17,0
7.613185212,20.99995654,3.141592654,0.3,3.67E-17,0
7.583185212,20.99995654,3.141592654,0.3,3.67E-17,0
7.553185212,20.99995654,3.141592654,0.3,3.67E-17,0
7.523185212,20.99995654,3.141592654,0.3,3.67E-17,0
7.493185212,20.99995654,3.141592654,0.3,3.67E-17,0
7.463185212,20.99995654,3.141592654,0.3,3.67E-17,0
7.433185212,20.99995654,3.141592654,0.3,3.67E-17,0
7.403185212,20.99995654,3.141592654,0.3,3.67E-17,0
7.373185212,20.99995654,3.141592654,0.3,3.67E-17,0
7.343185212,20.99995654,3.141592654,0.3,3.67E-17,0
7.313185212,20.99995654,3.141592654,0.3,3.67E-17,0
7.283185212,20.99995654,3.141592654,0.3,3.67E-17,0
7.253185212,20.99995654,3.141592654,0.3,3.67E-17,0
7.223185212,20.99995654,3.141592654,0.3,3.67E-17,0
7.193185212,20.99995654,3.141592654,0.3,3.67E-17,0
7.163185212,20.99995654,3.141592654,0.3,3.67E-17,0
7.133185212,20.99995654,3.141592654,0.3,3.67E-17,0
7.103185212,20.99995654,3.141592654,0.3,3.67E-17,0
7.073185212,20.99995654,3.141592654,0.3,3.67E-17,0
7.043185212,20.99995654,3.141592654,0.3,3.67E-17,0
7.013185212,20.99995654,3.141592654,0.3,3.67E-17,0
6.983185212,20.99995654,3.141592654,0.3,3.67E-17,0
6.953185212,20.99995654,3.141592654,0.3,3.67E-17,0
6.923185212,20.99995654,3.141592654,0.3,3.67E-17,0
6.893185212,20.99995654,3.141592654,0.3,3.67E-17,0
6.863185212,20.99995654,3.141592654,0.3,3.67E-17,0
6.833185212,20.99995654,3.141592654,0.3,3.67E-17,0
6.803185212,20.99995654,3.141592654,0.3,3.67E-17,0
6.773185212,20.99995654,3.141592654,0.3,3.67E-17,0
6.743185212,20.99995654,3.141592654,0.3,3.67E-17,0
6.713185212,20.99995654,3.141592654,0.3,3.67E-17,0
6.683185212,20.99995654,3.141592654,0.3,3.67E-17,0
6.653185212,20.99995654,3.141592654,0.3,3.67E-17,0
6.623185212,20.99995654,3.141592654,0.3,3.67E-17,0
6.593185212,20.99995654,3.141592654,0.3,3.67E-17,0
6.563185212,20.99995654,3.141592654,0.3,3.67E-17,0
6.533185212,20.99995654,3.141592654,0.3,3.67E-17,0
6.503185212,20.99995654,3.141592654,0.3,3.67E-17,0
6.473185212,20.99995654,3.141592654,0.3,3.67E-17,0
6.443185212,20.99995654,3.141592654,0.3,3.67E-17,0
6.413185212,20.99995654,3.141592654,0.3,3.67E-17,0
6.383185212,20.99995654,3.141592654,0.3,3.67E-17,0
6.353185212,20.99995654,3.141592654,0.3,3.67E-17,0
6.323185212,20.99995654,3.141592654,0.3,3.67E-17,0
6.293185212,20.99995654,3.141592654,0.3,3.67E-17,0
6.263185212,20.99995654,3.141592654,0.3,3.67E-17,0
6.233185212,20.99995654,3.141592654,0.3,3.67E-17,0
6.203185212,20.99995654,3.141592654,0.3,3.67E-17,0
6.173185212,20.99995654,3.141592654,0.3,3.67E-17,0
6.143185212,20.99995654,3.141592654,0.3,3.67E-17,0
6.113185212,20.99995654,3.141592654,0.3,3.67E-17,0
6.083185212,20.99995654,3.141592654,0.3,3.67E-17,0
6.053185212,20.99995654,3.141592654,0.3,3.67E-17,0
6.023185212,20.99995654,3.141592654,0.3,3.67E-17,0
5.993185212,20.99995654,3.141592654,0.3,3.67E-17,0
5.963185212,20.99995654,3.141592654,0.3,3.67E-17,0
5.933185212,20.99995654,3.141592654,0.3,3.67E-17,0
5.903185212,20.99995654,3.141592654,0.3,3.67E-17,0
5.873185212,20.99995654,3.141592654,0.3,3.67E-17,0
5.843185212,20.99995654,3.141592654,0.3,3.67E-17,0
5.813185212,20.99995654,3.141592654,0.3,3.67E-17,0
5.783185212,20.99995654,3.141592654,0.3,3.67E-17,0
5.753185212,20.99995654,3.141592654,0.3,3.67E-17,0
5.723185212,20.99995654,3.141592654,0.3,3.67E-17,0
5.693185212,20.99995654,3.141592654,0.3,3.67E-17,0
5.663185212,20.99995654,3.141592654,0.3,3.67E-17,0
5.633185212,20.99995654,3.141592654,0.3,3.67E-17,0
5.603185212,20.99995654,3.141592654,0.3,3.67E-17,0
5.573185212,20.99995654,3.141592654,0.3,3.67E-17,0
5.543185212,20.99995654,3.141592654,0.3,3.67E-17,0
5.513185212,20.99995654,3.141592654,0.3,3.67E-17,0
5.483185212,20.99995654,3.141592654,0.3,3.67E-17,0
5.453185212,20.99995654,3.141592654,0.3,3.67E-17,0
5.423185212,20.99995654,3.141592654,0.3,3.67E-17,0
5.393185212,20.99995654,3.141592654,0.3,3.67E-17,0
5.363185212,20.99995654,3.141592654,0.3,3.67E-17,0
5.333185212,20.99995654,3.141592654,0.3,3.67E-17,0
5.303185212,20.99995654,3.141592654,0.3,3.67E-17,0
5.273185212,20.99995654,3.141592654,0.3,3.67E-17,0
5.243185212,20.99995654,3.141592654,0.3,3.67E-17,0
5.213185212,20.99995654,3.141592654,0.3,3.67E-17,0
5.183185212,20.99995654,3.141592654,0.3,3.67E-17,0
5.153185212,20.99995654,3.141592654,0.3,3.67E-17,0
5.123185212,20.99995654,3.141592654,0.3,3.67E-17,0
5.093185212,20.99995654,3.141592654,0.3,3.67E-17,0
5.063185212,20.99995654,3.141592654,0.3,3.67E-17,0
5.033185212,20.99995654,3.141592654,0.3,3.67E-17,0
5.003185212,20.99995654,3.141592654,0.3,3.67E-17,0
4.973185212,20.99995654,3.141592654,0.3,3.67E-17,0
4.943185212,20.99995654,3.141592654,0.3,3.67E-17,0
4.913185212,20.99995654,3.141592654,0.3,3.67E-17,0
4.883185212,20.99995654,3.141592654,0.3,3.67E-17,0
4.853185212,20.99995654,3.141592654,0.3,3.67E-17,0
4.823185212,20.99995654,3.141592654,0.3,3.67E-17,0
4.793185212,20.99995654,3.141592654,0.3,3.67E-17,0
4.763185212,20.99995654,3.141592654,0.3,3.67E-17,0
4.733185212,20.99995654,3.141592654,0.3,3.67E-17,0
4.703185212,20.99995654,3.141592654,0.3,3.67E-17,0
4.673185212,20.99995654,3.141592654,0.3,3.67E-17,0
4.643185212,20.99995654,3.141592654,0.3,3.67E-17,0
4.613185212,20.99995654,3.141592654,0.3,3.67E-17,0
4.583185212,20.99995654,3.141592654,0.3,3.67E-17,0
4.553185212,20.99995654,3.141592654,0.3,3.67E-17,0
4.523185212,20.99995654,3.141592654,0.3,3.67E-17,0
4.493185212,20.99995654,3.141592654,0.3,3.67E-17,0
4.463185212,20.99995654,3.141592654,0.3,3.67E-17,0
4.433185212,20.99995654,3.141592654,0.3,3.67E-17,0
4.403185212,20.99995654,3.141592654,0.3,3.67E-17,0
4.373185212,20.99995654,3.141592654,0.3,3.67E-17,0
4.343185212,20.99995654,3.141592654,0.3,3.67E-17,0
4.313185212,20.99995654,3.141592654,0.3,3.67E-17,0
4.283185212,20.99995654,3.141592654,0.3,3.67E-17,0
4.253185212,20.99995654,3.141592654,0.3,3.67E-17,0
4.223185212,20.99995654,3.141592654,0.3,3.67E-17,0
4.193185212,20.99995654,3.141592654,0.3,3.67E-17,0
4.163185212,20.99995654,3.141592654,0.3,3.67E-17,0
4.133185212,20.99995654,3.141592654,0.3,3.67E-17,0
4.103185212,20.99995654,3.141592654,0.3,3.67E-17,0
4.073185212,20.99995654,3.141592654,0.3,3.67E-17,0
4.043185212,20.99995654,3.141592654,0.3,3.67E-17,0
4.013185212,20.99995654,3.141592654,0.3,3.67E-17,0
3.983185212,20.99995654,3.141592654,0.3,3.67E-17,0
3.953185212,20.99995654,3.141592654,0.3,3.67E-17,0
3.923185212,20.99995654,3.141592654,0.3,3.67E-17,0
3.893185212,20.99995654,3.141592654,0.3,3.67E-17,0
3.863185212,20.99995654,3.141592654,0.3,3.67E-17,0
3.833185212,20.99995654,3.141592654,0.3,3.67E-17,0
3.803185212,20.99995654,3.141592654,0.3,3.67E-17,0
3.773185212,20.99995654,3.141592654,0.3,3.67E-17,0
3.743185212,20.99995654,3.141592654,0.3,3.67E-17,0
3.713185212,20.99995654,3.141592654,0.3,3.67E-17,0
3.683185212,20.99995654,3.141592654,0.3,3.67E-17,0
3.653185212,20.99995654,3.141592654,0.3,3.67E-17,0
3.623185212,20.99995654,3.141592654,0.3,3.67E-17,0
3.593185212,20.99995654,3.141592654,0.3,3.67E-17,0
3.563185212,20.99995654,3.141592654,0.3,3.67E-17,0
3.533185212,20.99995654,3.141592654,0.3,3.67E-17,0
3.503185212,20.99995654,3.141592654,0.3,3.67E-17,0
3.473185212,20.99995654,3.141592654,0.3,3.67E-17,0
3.443185212,20.99995654,3.141592654,0.3,3.67E-17,0
3.413185212,20.99995654,3.141592654,0.3,3.67E-17,0
3.383185212,20.99995654,3.141592654,0.3,3.67E-17,0
3.353185212,20.99995654,3.141592654,0.3,3.67E-17,0
3.323185212,20.99995654,3.141592654,0.3,3.67E-17,0
3.293185212,20.99995654,3.141592654,0.3,3.67E-17,0
3.263185212,20.99995654,3.141592654,0.3,3.67E-17,0
3.233185212,20.99995654,3.141592654,0.3,3.67E-17,0
3.203185212,20.99995654,3.141592654,0.3,3.67E-17,0
3.173185212,20.99995654,3.141592654,0.3,3.67E-17,0
3.143185212,20.99995654,3.141592654,0.3,3.67E-17,0
3.113185212,20.99995654,3.141592654,0.3,3.67E-17,0
3.083185212,20.99995654,3.141592654,0.3,3.67E-17,0
3.053185212,20.99995654,3.141592654,0.3,3.67E-17,0
3.023185212,20.99995654,3.141592654,0.3,3.67E-17,0
2.993185212,20.99995654,3.141592654,0.3,3.67E-17,0
2.963185212,20.99995654,3.141592654,0.3,3.67E-17,0
2.933185212,20.99995654,3.141592654,0.3,3.67E-17,0
2.903185212,20.99995654,3.141592654,0.3,3.67E-17,0
2.873185212,20.99995654,3.141592654,0.3,3.67E-17,0
2.843185212,20.99995654,3.141592654,0.3,3.67E-17,0
2.813185212,20.99995654,3.141592654,0.3,3.67E-17,0
2.783185212,20.99995654,3.141592654,0.3,3.67E-17,0
2.753185212,20.99995654,3.141592654,0.3,3.67E-17,0
2.723185212,20.99995654,3.141592654,0.3,3.67E-17,0
2.693185212,20.99995654,3.141592654,0.3,3.67E-17,0
2.663185212,20.99995654,3.141592654,0.3,3.67E-17,0
2.633185212,20.99995654,3.141592654,0.3,3.67E-17,0
2.603185212,20.99995654,3.141592654,0.3,3.67E-17,0
2.573185212,20.99995654,3.141592654,0.3,3.67E-17,0
2.543185212,20.99995654,3.141592654,0.3,3.67E-17,0
2.513185212,20.99995654,3.141592654,0.3,3.67E-17,0
2.483185212,20.99995654,3.141592654,0.3,3.67E-17,0
2.453185212,20.99995654,3.141592654,0.3,3.67E-17,0
2.423185212,20.99995654,3.141592654,0.3,3.67E-17,0
2.393185212,20.99995654,3.141592654,0.3,3.67E-17,0
2.363185212,20.99995654,3.141592654,0.3,3.67E-17,0
2.333185212,20.99995654,3.141592654,0.3,3.67E-17,0
2.303185212,20.99995654,3.141592654,0.3,3.67E-17,0
2.273185212,20.99995654,3.141592654,0.3,3.67E-17,0
2.243185212,20.99995654,3.141592654,0.3,3.67E-17,0
2.213185212,20.99995654,3.141592654,0.3,3.67E-17,0
2.183185212,20.99995654,3.141592654,0.3,3.67E-17,0
2.153185212,20.99995654,3.141592654,0.3,3.67E-17,0
2.123185212,20.99995654,3.141592654,0.3,3.67E-17,0
2.093185212,20.99995654,3.141592654,0.3,3.67E-17,0
2.063185212,20.99995654,3.141592654,0.3,3.67E-17,0
2.033185212,20.99995654,3.141592654,0.3,3.67E-17,0
2.003185212,20.99995654,3.141592654,0.3,3.67E-17,0
1.973185212,20.99995654,3.141592654,0.3,3.67E-17,0
1.943185212,20.99995654,3.141592654,0.3,3.67E-17,0
1.913185212,20.99995654,3.141592654,0.3,3.67E-17,0
1.883185212,20.99995654,3.141592654,0.3,3.67E-17,0
1.853185212,20.99995654,3.141592654,0.3,3.67E-17,0
1.823185212,20.99995654,3.141592654,0.3,3.67E-17,0
1.793185212,20.99995654,3.141592654,0.3,3.67E-17,0
1.763185212,20.99995654,3.141592654,0.3,3.67E-17,0
1.733185212,20.99995654,3.141592654,0.3,3.67E-17,0
1.703185212,20.99995654,3.141592654,0.3,3.67E-17,0
1.673185212,20.99995654,3.141592654,0.3,3.67E-17,0
1.643185212,20.99995654,3.141592654,0.3,3.67E-17,0
1.613185212,20.99995654,3.141592654,0.3,3.67E-17,0
1.583185212,20.99995654,3.141592654,0.3,3.67E-17,0
1.553185212,20.99995654,3.141592654,0.3,3.67E-17,0
1.523185212,20.99995654,3.141592654,0.3,3.67E-17,0
1.493185212,20.99995654,3.141592654,0.3,3.67E-17,0
1.463185212,20.99995654,3.141592654,0.3,3.67E-17,0
1.433185212,20.99995654,3.141592654,0.3,3.67E-17,0
1.403185212,20.99995654,3.141592654,0.3,3.67E-17,0
1.373185212,20.99995654,3.141592654,0.3,3.67E-17,0
1.343185212,20.99995654,3.141592654,0.3,3.67E-17,0
1.313185212,20.99995654,3.141592654,0.3,3.67E-17,0
1.283185212,20.99995654,3.141592654,0.3,3.67E-17,0
1.253185212,20.99995654,3.141592654,0.3,3.67E-17,0
1.223185212,20.99995654,3.141592654,0.3,3.67E-17,0
1.193185212,20.99995654,3.141592654,0.3,3.67E-17,0
1.163185212,20.99995654,3.141592654,0.3,3.67E-17,0
1.133185212,20.99995654,3.141592654,0.3,3.67E-17,0
1.103185212,20.99995654,3.141592654,0.3,3.67E-17,0
1.073185212,20.99995654,3.141592654,0.3,3.67E-17,0
1.043185212,20.99995654,3.141592654,0.3,3.67E-17,0
1.013185212,20.99995654,3.141592654,0.3,3.67E-17,0
1.013185212,20.99995654,3.141592654,0,0,0
1.013185212,20.99995654,3.141592654,0,0,0
1.013185212,20.99995654,3.141592654,0,0,0
1.013185212,20.99995654,3.141592654,0,0,0
1.013185212,20.99995654,3.141592654,0,0,0
1.013185212,20.99995654,3.141592654,0,0,0
1.013185212,20.99995654,3.141592654,0,0,0
1.013185212,20.99995654,3.141592654,0,0,0
1.013185212,20.99995654,3.141592654,0,0,0
1.013185212,20.99995654,3.141592654,0,0,0
1.013185212,20.99995654,3.141592654,0,0,0
1.013185212,20.99995654,3.141592654,0,0,0
1.013185212,20.99995654,3.141592654,0,0,0
1.013185212,20.99995654,3.141592654,0,0,0
1.013185212,20.99995654,3.141592654,0,0,0
1.013185212,20.99995654,3.141592654,0,0,0
1.013185212,20.99995654,3.141592654,0,0,0
1.013185212,20.99995654,3.141592654,0,0,0
1.013185212,20.99995654,3.141592654,0,0,0
1.013185212,20.99995654,3.141592654,0,0,0
1.013185212,20.99995654,3.141592654,0,0,0
1.013185212,20.99995654,3.141592654,0,0,0
1.013185212,20.99995654,3.141592654,0,0,0
1.013185212,20.99995654,3.141592654,0,0,0
1.013185212,20.99995654,3.141592654,0,0,0
1.013185212,20.99995654,3.141592654,0,0,0
1.013185212,20.99995654,3.141592654,0,0,0
1.013185212,20.99995654,3.141592654,0,0,0
1.013185212,20.99995654,3.141592654,0,0,0
1.013185212,20.99995654,3.141592654,0,0,0
1.013185212,20.99995654,3.141592654,0,0,0
1.013185212,20.99995654,3.141592654,0,0,0
1.013185212,20.99995654,3.141592654,0,0,0
1.013185212,20.99995654,3.141592654,0,0,0
1.013185212,20.99995654,3.141592654,0,0,0
1.013185212,20.99995654,3.141592654,0,0,0
1.013185212,20.99995654,3.141592654,0,0,0
1.013185212,20.99995654,3.141592654,0,0,0
1.013185212,20.99995654,3.141592654,0,0,0
1.013185212,20.99995654,3.141592654,0,0,0
1.013185212,20.99995654,3.141592654,0,0,0
1.013185212,20.99995654,3.141592654,0,0,0
1.013185212,20.99995654,3.141592654,0,0,0
1.013185212,20.99995654,3.141592654,0,0,0
1.013185212,20.99995654,3.141592654,0,0,0
1.013185212,20.99995654,3.141592654,0,0,0
1.013185212,20.99995654,3.141592654,0,0,0
1.013185212,20.99995654,3.141592654,0,0,0
1.013185212,20.99995654,3.141592654,0,0,0
1.013185212,20.99995654,3.141592654,0,0,0
1.013185212,20.99995654,3.141592654,0,0,0
1.013185212,20.99995654,3.141592654,0,0,0
1.013185212,20.99995654,3.141592654,0,0,0
1.013185212,20.99995654,3.141592654,0,0,0
1.013185212,20.99995654,3.141592654,0,0,0
1.013185212,20.99995654,3.141592654,0,0,0
1.013185212,20.99995654,3.141592654,0,0,0
1.013185212,20.99995654,3.141592654,0,0,0
1.013185212,20.99995654,3.141592654,0,0,0
1.013185212,20.99995654,3.141592654,0,0,0
1.013185212,20.99995654,3.141592654,0,0,0
1.013185212,20.99995654,3.141592654,0,0,0
1.013185212,20.99995654,3.141592654,0,0,0
1.013185212,20.99995654,3.141592654,0,0,0
1.013185212,20.99995654,3.141592654,0,0,0
1.013185212,20.99995654,3.141592654,0,0,0
1.013185212,20.99995654,3.141592654,0,0,0
1.013185212,20.99995654,3.141592654,0,0,0
1.013185212,20.99995654,3.141592654,0,0,0
1.013185212,20.99995654,3.141592654,0,0,0
1.013185212,20.99995654,3.141592654,0,0,0
1.013185212,20.99995654,3.141592654,0,0,0
1.013185212,20.99995654,3.141592654,0,0,0
1.013185212,20.99995654,3.141592654,0,0,0
1.013185212,20.99995654,3.141592654,0,0,0
1.013185212,20.99995654,3.141592654,0,0,0
1.013185212,20.99995654,3.141592654,0,0,0
1.013185212,20.99995654,3.141592654,0,0,0
1.013185212,20.99995654,3.141592654,0,0,0
1.013185212,20.99995654,3.141592654,0,0,0
1.013185212,20.99995654,3.141592654,0,0,0
1.013185212,20.99995654,3.141592654,0,0,0
1.013185212,20.99995654,3.141592654,0,0,0
1.013185212,20.99995654,3.141592654,0,0,0
1.013185212,20.99995654,3.141592654,0,0,0
1.013185212,20.99995654,3.141592654,0,0,0
1.013185212,20.99995654,3.141592654,0,0,0
1.013185212,20.99995654,3.141592654,0,0,0
1.013185212,20.99995654,3.141592654,0,0,0
1.013185212,20.99995654,3.141592654,0,0,0
1.013185212,20.99995654,3.141592654,0,0,0
1.013185212,20.99995654,3.141592654,0,0,0
1.013185212,20.99995654,3.141592654,0,0,0
1.013185212,20.99995654,3.141592654,0,0,0
1.013185212,20.99995654,3.141592654,0,0,0
1.013185212,20.99995654,3.141592654,0,0,0
1.013185212,20.99995654,3.141592654,0,0,0
1.013185212,20.99995654,3.141592654,0,0,0
1.013185212,20.99995654,3.141592654,0,0,0
1.013185212,20.99995654,3.141592654,0,0,0
1.013185212,20.99995654,3.141592654,0,0,0
1.013185212,20.99995654,3.141592654,0,0,0
1.013185212,20.99995654,3.141592654,0,0,0
1.013185212,20.99995654,3.141592654,0,0,0
1.013185212,20.99995654,3.141592654,0,0,0
1.013185212,20.99995654,3.141592654,0,0,0
1.013185212,20.99995654,3.141592654,0,0,0
1.013185212,20.99995654,3.141592654,0,0,0
1.013185212,20.99995654,3.141592654,0,0,0
1.013185212,20.99995654,3.141592654,0,0,0
1.013185212,20.99995654,3.141592654,0,0,0
1.013185212,20.99995654,3.141592654,0,0,0
1.013185212,20.99995654,3.141592654,0,0,0
1.013185212,20.99995654,3.141592654,0,0,0
1.013185212,20.99995654,3.141592654,0,0,0
1.013185212,20.99995654,3.141592654,0,0,0
1.013185212,20.99995654,3.141592654,0,0,0
1.013185212,20.99995654,3.141592654,0,0,0
1.013185212,20.99995654,3.141592654,0,0,0
1.013185212,20.99995654,3.141592654,0,0,0
1.013185212,20.99995654,3.141592654,0,0,0
1.013185212,20.99995654,3.141592654,0,0,0
1.013185212,20.99995654,3.141592654,0,0,0
1.013185212,20.99995654,3.141592654,0,0,0
1.013185212,20.99995654,3.141592654,0,0,0
1.013185212,20.99995654,3.141592654,0,0,0
1.013185212,20.99995654,3.141592654,0,0,0
1.013185212,20.99995654,3.141592654,0,0,0
1.013185212,20.99995654,3.141592654,0,0,0
1.013185212,20.99995654,3.141592654,0,0,0
1.013185212,20.99995654,3.141592654,0,0,0
1.013185212,20.99995654,3.141592654,0,0,0
1.013185212,20.99995654,3.141592654,0,0,0
1.013185212,20.99995654,3.141592654,0,0,0
1.013185212,20.99995654,3.141592654,0,0,0
1.013185212,20.99995654,3.141592654,0,0,0
1.013185212,20.99995654,3.141592654,0,0,0
1.013185212,20.99995654,3.141592654,0,0,0
1.013185212,20.99995654,3.141592654,0,0,0
1.013185212,20.99995654,3.141592654,0,0,0
