x,y,theta,u,v,r
1.5,5,0,0.1,0,0
1.51,5,0,0.1,0,0
1.52,5,0,0.1,0,0
1.53,5,0,0.1,0,0
1.54,5,0,0.1,0,0
1.55,5,0,0.1,0,0
1.56,5,0,0.1,0,0
1.57,5,0,0.1,0,0
1.58,5,0,0.1,0,0
1.59,5,0,0.1,0,0
1.6,5,0,0.1,0,0
1.61,5,0,0.1,0,0
1.62,5,0,0.1,0,0
1.63,5,0,0.1,0,0
1.64,5,0,0.1,0,0
1.65,5,0,0.1,0,0
1.66,5,0,0.1,0,0
1.67,5,0,0.1,0,0
1.68,5,0,0.1,0,0
1.69,5,0,0.1,0,0
1.7,5,0,0.1,0,0
1.71,5,0,0.1,0,0
1.72,5,0,0.1,0,0
1.73,5,0,0.1,0,0
1.74,5,0,0.1,0,0
1.75,5,0,0.1,0,0
1.76,5,0,0.1,0,0
1.77,5,0,0.1,0,0
1.78,5,0,0.1,0,0
1.79,5,0,0.1,0,0
1.8,5,0,0.1,0,0
1.81,5,0,0.1,0,0
1.82,5,0,0.1,0,0
1.83,5,0,0.1,0,0
1.84,5,0,0.1,0,0
1.85,5,0,0.1,0,0
1.86,5,0,0.1,0,0
1.87,5,0,0.1,0,0
1.88,5,0,0.1,0,0
1.89,5,0,0.1,0,0
1.9,5,0,0.1,0,0
1.91,5,0,0.1,0,0
1.92,5,0,0.1,0,0
1.93,5,0,0.1,0,0
1.94,5,0,0.1,0,0
1.95,5,0,0.1,0,0
1.96,5,0,0.1,0,0
1.97,5,0,0.1,0,0
1.98,5,0,0.1,0,0
1.99,5,0,0.1,0,0
2,5,0,0.1,0,0
2.01,5,0,0.1,0,0
2.02,5,0,0.1,0,0
2.03,5,0,0.1,0,0
2.04,5,0,0.1,0,0
2.05,5,0,0.1,0,0
2.06,5,0,0.1,0,0
2.07,5,0,0.1,0,0
2.08,5,0,0.1,0,0
2.09,5,0,0.1,0,0
2.1,5,0,0.1,0,0
2.11,5,0,0.1,0,0
2.12,5,0,0.1,0,0
2.13,5,0,0.1,0,0
2.14,5,0,0.1,0,0
2.15,5,0,0.1,0,0
2.16,5,0,0.1,0,0
2.17,5,0,0.1,0,0
2.18,5,0,0.1,0,0
2.19,5,0,0.1,0,0
2.2,5,0,0.1,0,0
2.21,5,0,0.1,0,0
2.22,5,0,0.1,0,0
2.23,5,0,0.1,0,0
2.24,5,0,0.1,0,0
2.25,5,0,0.1,0,0
2.26,5,0,0.1,0,0
2.27,5,0,0.1,0,0
2.28,5,0,0.1,0,0
2.29,5,0,0.1,0,0
2.3,5,0,0.1,0,0
2.31,5,0,0.1,0,0
2.32,5,0,0.1,0,0
2.33,5,0,0.1,0,0
2.34,5,0,0.1,0,0
2.35,5,0,0.1,0,0
2.36,5,0,0.1,0,0
2.37,5,0,0.1,0,0
2.38,5,0,0.1,0,0
2.39,5,0,0.1,0,0
2.4,5,0,0.1,0,0
2.41,5,0,0.1,0,0
2.42,5,0,0.1,0,0
2.43,5,0,0.1,0,0
2.44,5,0,0.1,0,0
2.45,5,0,0.1,0,0
2.46,5,0,0.1,0,0
2.47,5,0,0.1,0,0
2.48,5,0,0.1,0,0
2.49,5,0,0.1,0,0
2.5,5,0,0.1,0,0
2.51,5,0,0.1,0,0
2.52,5,0,0.1,0,0
2.53,5,0,0.1,0,0
2.54,5,0,0.1,0,0
2.55,5,0,0.1,0,0
2.56,5,0,0.1,0,0
2.57,5,0,0.1,0,0
2.58,5,0,0.1,0,0
2.59,5,0,0.1,0,0
2.6,5,0,0.1,0,0
2.61,5,0,0.1,0,0
2.62,5,0,0.1,0,0
2.63,5,0,0.1,0,0
2.64,5,0,0.1,0,0
2.65,5,0,0.1,0,0
2.66,5,0,0.1,0,0
2.67,5,0,0.1,0,0
2.68,5,0,0.1,0,0
2.69,5,0,0.1,0,0
2.7,5,0,0.1,0,0
2.71,5,0,0.1,0,0
2.72,5,0,0.1,0,0
2.73,5,0,0.1,0,0
2.74,5,0,0.1,0,0
2.75,5,0,0.1,0,0
2.76,5,0,0.1,0,0
2.77,5,0,0.1,0,0
2.78,5,0,0.1,0,0
2.79,5,0,0.1,0,0
2.8,5,0,0.1,0,0
2.81,5,0,0.1,0,0
2.82,5,0,0.1,0,0
2.83,5,0,0.1,0,0
2.84,5,0,0.1,0,0
2.85,5,0,0.1,0,0
2.86,5,0,0.1,0,0
2.87,5,0,0.1,0,0
2.88,5,0,0.1,0,0
2.89,5,0,0.1,0,0
2.9,5,0,0.1,0,0
2.91,5,0,0.1,0,0
2.92,5,0,0.1,0,0
2.93,5,0,0.1,0,0
2.94,5,0,0.1,0,0
2.95,5,0,0.1,0,0
2.96,5,0,0.1,0,0
2.97,5,0,0.1,0,0
2.98,5,0,0.1,0,0
2.99,5,0,0.1,0,0
3,5,0,0.1,0,0
3.01,5,0,0.1,0,0
3.02,5,0,0.1,0,0
3.03,5,0,0.1,0,0
3.04,5,0,0.1,0,0
3.05,5,0,0.1,0,0
3.06,5,0,0.1,0,0
3.07,5,0,0.1,0,0
3.08,5,0,0.1,0,0
3.09,5,0,0.1,0,0
3.1,5,0,0.1,0,0
3.11,5,0,0.1,0,0
3.12,5,0,0.1,0,0
3.13,5,0,0.1,0,0
3.14,5,0,0.1,0,0
3.15,5,0,0.1,0,0
3.16,5,0,0.1,0,0
3.17,5,0,0.1,0,0
3.18,5,0,0.1,0,0
3.19,5,0,0.1,0,0
3.2,5,0,0.1,0,0
3.21,5,0,0.1,0,0
3.22,5,0,0.1,0,0
3.23,5,0,0.1,0,0
3.24,5,0,0.1,0,0
3.25,5,0,0.1,0,0
3.26,5,0,0.1,0,0
3.27,5,0,0.1,0,0
3.28,5,0,0.1,0,0
3.29,5,0,0.1,0,0
3.3,5,0,0.1,0,0
3.31,5,0,0.1,0,0
3.32,5,0,0.1,0,0
3.33,5,0,0.1,0,0
3.34,5,0,0.1,0,0
3.35,5,0,0.1,0,0
3.36,5,0,0.1,0,0
3.37,5,0,0.1,0,0
3.38,5,0,0.1,0,0
3.39,5,0,0.1,0,0
3.4,5,0,0.1,0,0
3.41,5,0,0.1,0,0
3.42,5,0,0.1,0,0
3.43,5,0,0.1,0,0
3.44,5,0,0.1,0,0
3.45,5,0,0.1,0,0
3.46,5,0,0.1,0,0
3.47,5,0,0.1,0,0
3.48,5,0,0.1,0,0
3.49,5,0,0.1,0,0
3.5,5,0,0.1,0,0
3.51,5,0,0.1,0,0
3.52,5,0,0.1,0,0
3.53,5,0,0.1,0,0
3.54,5,0,0.1,0,0
3.55,5,0,0.1,0,0
3.56,5,0,0.1,0,0
3.57,5,0,0.1,0,0
3.58,5,0,0.1,0,0
3.59,5,0,0.1,0,0
3.6,5,0,0.1,0,0
3.61,5,0,0.1,0,0
3.62,5,0,0.1,0,0
3.63,5,0,0.1,0,0
3.64,5,0,0.1,0,0
3.65,5,0,0.1,0,0
3.66,5,0,0.1,0,0
3.67,5,0,0.1,0,0
3.68,5,0,0.1,0,0
3.69,5,0,0.1,0,0
3.7,5,0,0.1,0,0
3.71,5,0,0.1,0,0
3.72,5,0,0.1,0,0
3.73,5,0,0.1,0,0
3.74,5,0,0.1,0,0
3.75,5,0,0.1,0,0
3.76,5,0,0.1,0,0
3.77,5,0,0.1,0,0
3.78,5,0,0.1,0,0
3.79,5,0,0.1,0,0
3.8,5,0,0.1,0,0
3.81,5,0,0.1,0,0
3.82,5,0,0.1,0,0
3.83,5,0,0.1,0,0
3.84,5,0,0.1,0,0
3.85,5,0,0.1,0,0
3.86,5,0,0.1,0,0
3.87,5,0,0.1,0,0
3.88,5,0,0.1,0,0
3.89,5,0,0.1,0,0
3.9,5,0,0.1,0,0
3.91,5,0,0.1,0,0
3.92,5,0,0.1,0,0
3.93,5,0,0.1,0,0
3.94,5,0,0.1,0,0
3.95,5,0,0.1,0,0
3.96,5,0,0.1,0,0
3.97,5,0,0.1,0,0
3.98,5,0,0.1,0,0
3.99,5,0,0.1,0,0
4,5,0,0.1,0,0
4.01,5,0,0.1,0,0
4.02,5,0,0.1,0,0
4.03,5,0,0.1,0,0
4.04,5,0,0.1,0,0
4.05,5,0,0.1,0,0
4.06,5,0,0.1,0,0
4.07,5,0,0.1,0,0
4.08,5,0,0.1,0,0
4.09,5,0,0.1,0,0
4.1,5,0,0.1,0,0
4.11,5,0,0.1,0,0
4.12,5,0,0.1,0,0
4.13,5,0,0.1,0,0
4.14,5,0,0.1,0,0
4.15,5,0,0.1,0,0
4.16,5,0,0.1,0,0
4.17,5,0,0.1,0,0
4.18,5,0,0.1,0,0
4.19,5,0,0.1,0,0
4.2,5,0,0.1,0,0
4.21,5,0,0.1,0,0
4.22,5,0,0.1,0,0
4.23,5,0,0.1,0,0
4.24,5,0,0.1,0,0
4.25,5,0,0.1,0,0
4.26,5,0,0.1,0,0
4.27,5,0,0.1,0,0
4.28,5,0,0.1,0,0
4.29,5,0,0.1,0,0
4.3,5,0,0.1,0,0
4.31,5,0,0.1,0,0
4.32,5,0,0.1,0,0
4.33,5,0,0.1,0,0
4.34,5,0,0.1,0,0
4.35,5,0,0.1,0,0
4.36,5,0,0.1,0,0
4.37,5,0,0.1,0,0
4.38,5,0,0.1,0,0
4.39,5,0,0.1,0,0
4.4,5,0,0.1,0,0
4.41,5,0,0.1,0,0
4.42,5,0,0.1,0,0
4.43,5,0,0.1,0,0
4.44,5,0,0.1,0,0
4.45,5,0,0.1,0,0
4.46,5,0,0.1,0,0
4.47,5,0,0.1,0,0
4.48,5,0,0.1,0,0
4.49,5,0,0.1,0,0
4.5,5,0,0.1,0,0
4.51,5,0,0.1,0,0
4.52,5,0,0.1,0,0
4.53,5,0,0.1,0,0
4.54,5,0,0.1,0,0
4.55,5,0,0.1,0,0
4.56,5,0,0.1,0,0
4.57,5,0,0.1,0,0
4.58,5,0,0.1,0,0
4.59,5,0,0.1,0,0
4.6,5,0,0.1,0,0
4.61,5,0,0.1,0,0
4.62,5,0,0.1,0,0
4.63,5,0,0.1,0,0
4.64,5,0,0.1,0,0
4.65,5,0,0.1,0,0
4.66,5,0,0.1,0,0
4.67,5,0,0.1,0,0
4.68,5,0,0.1,0,0
4.69,5,0,0.1,0,0
4.7,5,0,0.1,0,0
4.71,5,0,0.1,0,0
4.72,5,0,0.1,0,0
4.73,5,0,0.1,0,0
4.74,5,0,0.1,0,0
4.75,5,0,0.1,0,0
4.76,5,0,0.1,0,0
4.77,5,0,0.1,0,0
4.78,5,0,0.1,0,0
4.79,5,0,0.1,0,0
4.8,5,0,0.1,0,0
4.81,5,0,0.1,0,0
4.82,5,0,0.1,0,0
4.83,5,0,0.1,0,0
4.84,5,0,0.1,0,0
4.85,5,0,0.1,0,0
4.86,5,0,0.1,0,0
4.87,5,0,0.1,0,0
4.88,5,0,0.1,0,0
4.89,5,0,0.1,0,0
4.9,5,0,0.1,0,0
4.91,5,0,0.1,0,0
4.92,5,0,0.1,0,0
4.93,5,0,0.1,0,0
4.94,5,0,0.1,0,0
4.95,5,0,0.1,0,0
4.96,5,0,0.1,0,0
4.97,5,0,0.1,0,0
4.98,5,0,0.1,0,0
4.99,5,0,0.1,0,0
5,5,0,0.1,0,0
5.01,5,0,0.1,0,0
5.02,5,0,0.1,0,0
5.03,5,0,0.1,0,0
5.04,5,0,0.1,0,0
5.05,5,0,0.1,0,0
5.06,5,0,0.1,0,0
5.07,5,0,0.1,0,0
5.08,5,0,0.1,0,0
5.09,5,0,0.1,0,0
5.1,5,0,0.1,0,0
5.11,5,0,0.1,0,0
5.12,5,0,0.1,0,0
5.13,5,0,0.1,0,0
5.14,5,0,0.1,0,0
5.15,5,0,0.1,0,0
5.16,5,0,0.1,0,0
5.17,5,0,0.1,0,0
5.18,5,0,0.1,0,0
5.19,5,0,0.1,0,0
5.2,5,0,0.1,0,0
5.21,5,0,0.1,0,0
5.22,5,0,0.1,0,0
5.23,5,0,0.1,0,0
5.24,5,0,0.1,0,0
5.25,5,0,0.1,0,0
5.26,5,0,0.1,0,0
5.27,5,0,0.1,0,0
5.28,5,0,0.1,0,0
5.29,5,0,0.1,0,0
5.3,5,0,0.1,0,0
5.31,5,0,0.1,0,0
5.32,5,0,0.1,0,0
5.33,5,0,0.1,0,0
5.34,5,0,0.1,0,0
5.35,5,0,0.1,0,0
5.36,5,0,0.1,0,0
5.37,5,0,0.1,0,0
5.38,5,0,0.1,0,0
5.39,5,0,0.1,0,0
5.4,5,0,0.1,0,0
5.41,5,0,0.1,0,0
5.42,5,0,0.1,0,0
5.43,5,0,0.1,0,0
5.44,5,0,0.1,0,0
5.45,5,0,0.1,0,0
5.46,5,0,0.1,0,0
5.47,5,0,0.1,0,0
5.48,5,0,0.1,0,0
5.49,5,0,0.1,0,0
5.5,5,0,0.1,0,0
5.51,5,0,0.1,0,0
5.52,5,0,0.1,0,0
5.53,5,0,0.1,0,0
5.54,5,0,0.1,0,0
5.55,5,0,0.1,0,0
5.56,5,0,0.1,0,0
5.57,5,0,0.1,0,0
5.58,5,0,0.1,0,0
5.59,5,0,0.1,0,0
5.6,5,0,0.1,0,0
5.61,5,0,0.1,0,0
5.62,5,0,0.1,0,0
5.63,5,0,0.1,0,0
5.64,5,0,0.1,0,0
5.65,5,0,0.1,0,0
5.66,5,0,0.1,0,0
5.67,5,0,0.1,0,0
5.68,5,0,0.1,0,0
5.69,5,0,0.1,0,0
5.7,5,0,0.1,0,0
5.71,5,0,0.1,0,0
5.72,5,0,0.1,0,0
5.73,5,0,0.1,0,0
5.74,5,0,0.1,0,0
5.75,5,0,0.1,0,0
5.76,5,0,0.1,0,0
5.77,5,0,0.1,0,0
5.78,5,0,0.1,0,0
5.79,5,0,0.1,0,0
5.8,5,0,0.1,0,0
5.81,5,0,0.1,0,0
5.82,5,0,0.1,0,0
5.83,5,0,0.1,0,0
5.84,5,0,0.1,0,0
5.85,5,0,0.1,0,0
5.86,5,0,0.1,0,0
5.87,5,0,0.1,0,0
5.88,5,0,0.1,0,0
5.89,5,0,0.1,0,0
5.9,5,0,0.1,0,0
5.91,5,0,0.1,0,0
5.92,5,0,0.1,0,0
5.93,5,0,0.1,0,0
5.94,5,0,0.1,0,0
5.95,5,0,0.1,0,0
5.96,5,0,0.1,0,0
5.97,5,0,0.1,0,0
5.98,5,0,0.1,0,0
5.99,5,0,0.1,0,0
6,5,0,0.1,0,0
6.01,5,0,0.1,0,0
6.02,5,0,0.1,0,0
6.03,5,0,0.1,0,0
6.04,5,0,0.1,0,0
6.05,5,0,0.1,0,0
6.06,5,0,0.1,0,0
6.07,5,0,0.1,0,0
6.08,5,0,0.1,0,0
6.09,5,0,0.1,0,0
6.1,5,0,0.1,0,0
6.11,5,0,0.1,0,0
6.12,5,0,0.1,0,0
6.13,5,0,0.1,0,0
6.14,5,0,0.1,0,0
6.15,5,0,0.1,0,0
6.16,5,0,0.1,0,0
6.17,5,0,0.1,0,0
6.18,5,0,0.1,0,0
6.19,5,0,0.1,0,0
6.2,5,0,0.1,0,0
6.21,5,0,0.1,0,0
6.22,5,0,0.1,0,0
6.23,5,0,0.1,0,0
6.24,5,0,0.1,0,0
6.25,5,0,0.1,0,0
6.26,5,0,0.1,0,0
6.27,5,0,0.1,0,0
6.28,5,0,0.1,0,0
6.29,5,0,0.1,0,0
6.3,5,0,0.1,0,0
6.31,5,0,0.1,0,0
6.32,5,0,0.1,0,0
6.33,5,0,0.1,0,0
6.34,5,0,0.1,0,0
6.35,5,0,0.1,0,0
6.36,5,0,0.1,0,0
6.37,5,0,0.1,0,0
6.38,5,0,0.1,0,0
6.39,5,0,0.1,0,0
6.4,5,0,0.1,0,0
6.41,5,0,0.1,0,0
6.42,5,0,0.1,0,0
6.43,5,0,0.1,0,0
6.44,5,0,0.1,0,0
6.45,5,0,0.1,0,0
6.46,5,0,0.1,0,0
6.47,5,0,0.1,0,0
6.48,5,0,0.1,0,0
6.49,5,0,0.1,0,0
6.5,5,0,0.1,0,0
6.51,5,0,0.1,0,0
6.52,5,0,0.1,0,0
6.53,5,0,0.1,0,0
6.54,5,0,0.1,0,0
6.55,5,0,0.1,0,0
6.56,5,0,0.1,0,0
6.57,5,0,0.1,0,0
6.58,5,0,0.1,0,0
6.59,5,0,0.1,0,0
6.6,5,0,0.1,0,0
6.61,5,0,0.1,0,0
6.62,5,0,0.1,0,0
6.63,5,0,0.1,0,0
6.64,5,0,0.1,0,0
6.65,5,0,0.1,0,0
6.66,5,0,0.1,0,0
6.67,5,0,0.1,0,0
6.68,5,0,0.1,0,0
6.69,5,0,0.1,0,0
6.7,5,0,0.1,0,0
6.71,5,0,0.1,0,0
6.72,5,0,0.1,0,0
6.73,5,0,0.1,0,0
6.74,5,0,0.1,0,0
6.75,5,0,0.1,0,0
6.76,5,0,0.1,0,0
6.77,5,0,0.1,0,0
6.78,5,0,0.1,0,0
6.79,5,0,0.1,0,0
6.8,5,0,0.1,0,0
6.81,5,0,0.1,0,0
6.82,5,0,0.1,0,0
6.83,5,0,0.1,0,0
6.84,5,0,0.1,0,0
6.85,5,0,0.1,0,0
6.86,5,0,0.1,0,0
6.87,5,0,0.1,0,0
6.88,5,0,0.1,0,0
6.89,5,0,0.1,0,0
6.9,5,0,0.1,0,0
6.91,5,0,0.1,0,0
6.92,5,0,0.1,0,0
6.93,5,0,0.1,0,0
6.94,5,0,0.1,0,0
6.95,5,0,0.1,0,0
6.96,5,0,0.1,0,0
6.97,5,0,0.1,0,0
6.98,5,0,0.1,0,0
6.99,5,0,0.1,0,0
7,5,0,0.1,0,0
7.01,5,0,0.1,0,0
7.02,5,0,0.1,0,0
7.03,5,0,0.1,0,0
7.04,5,0,0.1,0,0
7.05,5,0,0.1,0,0
7.06,5,0,0.1,0,0
7.07,5,0,0.1,0,0
7.08,5,0,0.1,0,0
7.09,5,0,0.1,0,0
7.1,5,0,0.1,0,0
7.11,5,0,0.1,0,0
7.12,5,0,0.1,0,0
7.13,5,0,0.1,0,0
7.14,5,0,0.1,0,0
7.15,5,0,0.1,0,0
7.16,5,0,0.1,0,0
7.17,5,0,0.1,0,0
7.18,5,0,0.1,0,0
7.19,5,0,0.1,0,0
7.2,5,0,0.1,0,0
7.21,5,0,0.1,0,0
7.22,5,0,0.1,0,0
7.23,5,0,0.1,0,0
7.24,5,0,0.1,0,0
7.25,5,0,0.1,0,0
7.26,5,0,0.1,0,0
7.27,5,0,0.1,0,0
7.28,5,0,0.1,0,0
7.29,5,0,0.1,0,0
7.3,5,0,0.1,0,0
7.31,5,0,0.1,0,0
7.32,5,0,0.1,0,0
7.33,5,0,0.1,0,0
7.34,5,0,0.1,0,0
7.35,5,0,0.1,0,0
7.36,5,0,0.1,0,0
7.37,5,0,0.1,0,0
7.38,5,0,0.1,0,0
7.39,5,0,0.1,0,0
7.4,5,0,0.1,0,0
7.41,5,0,0.1,0,0
7.42,5,0,0.1,0,0
7.43,5,0,0.1,0,0
7.44,5,0,0.1,0,0
7.45,5,0,0.1,0,0
7.46,5,0,0.1,0,0
7.47,5,0,0.1,0,0
7.48,5,0,0.1,0,0
7.49,5,0,0.1,0,0
7.5,5,0,0.1,0,0
7.51,5,0,0.1,0,0
7.52,5,0,0.1,0,0
7.53,5,0,0.1,0,0
7.54,5,0,0.1,0,0
7.55,5,0,0.1,0,0
7.56,5,0,0.1,0,0
7.57,5,0,0.1,0,0
7.58,5,0,0.1,0,0
7.59,5,0,0.1,0,0
7.6,5,0,0.1,0,0
7.61,5,0,0.1,0,0
7.62,5,0,0.1,0,0
7.63,5,0,0.1,0,0
7.64,5,0,0.1,0,0
7.65,5,0,0.1,0,0
7.66,5,0,0.1,0,0
7.67,5,0,0.1,0,0
7.68,5,0,0.1,0,0
7.69,5,0,0.1,0,0
7.7,5,0,0.1,0,0
7.71,5,0,0.1,0,0
7.72,5,0,0.1,0,0
7.73,5,0,0.1,0,0
7.74,5,0,0.1,0,0
7.75,5,0,0.1,0,0
7.76,5,0,0.1,0,0
7.77,5,0,0.1,0,0
7.78,5,0,0.1,0,0
7.79,5,0,0.1,0,0
7.8,5,0,0.1,0,0
7.81,5,0,0.1,0,0
7.82,5,0,0.1,0,0
7.83,5,0,0.1,0,0
7.84,5,0,0.1,0,0
7.85,5,0,0.1,0,0
7.86,5,0,0.1,0,0
7.87,5,0,0.1,0,0
7.88,5,0,0.1,0,0
7.89,5,0,0.1,0,0
7.9,5,0,0.1,0,0
7.91,5,0,0.1,0,0
7.92,5,0,0.1,0,0
7.93,5,0,0.1,0,0
7.94,5,0,0.1,0,0
7.95,5,0,0.1,0,0
7.96,5,0,0.1,0,0
7.97,5,0,0.1,0,0
7.98,5,0,0.1,0,0
7.99,5,0,0.1,0,0
8,5,0,0.1,0,0
8.01,5,0,0.1,0,0
8.02,5,0,0.1,0,0
8.03,5,0,0.1,0,0
8.04,5,0,0.1,0,0
8.05,5,0,0.1,0,0
8.06,5,0,0.1,0,0
8.07,5,0,0.1,0,0
8.08,5,0,0.1,0,0
8.09,5,0,0.1,0,0
8.1,5,0,0.1,0,0
8.11,5,0,0.1,0,0
8.12,5,0,0.1,0,0
8.13,5,0,0.1,0,0
8.14,5,0,0.1,0,0
8.15,5,0,0.1,0,0
8.16,5,0,0.1,0,0
8.17,5,0,0.1,0,0
8.18,5,0,0.1,0,0
8.19,5,0,0.1,0,0
8.2,5,0,0.1,0,0
8.21,5,0,0.1,0,0
8.22,5,0,0.1,0,0
8.23,5,0,0.1,0,0
8.24,5,0,0.1,0,0
8.25,5,0,0.1,0,0
8.26,5,0,0.1,0,0
8.27,5,0,0.1,0,0
8.28,5,0,0.1,0,0
8.29,5,0,0.1,0,0
8.3,5,0,0.1,0,0
8.31,5,0,0.1,0,0
8.32,5,0,0.1,0,0
8.33,5,0,0.1,0,0
8.34,5,0,0.1,0,0
8.35,5,0,0.1,0,0
8.36,5,0,0.1,0,0
8.37,5,0,0.1,0,0
8.38,5,0,0.1,0,0
8.39,5,0,0.1,0,0
8.4,5,0,0.1,0,0
8.41,5,0,0.1,0,0
8.42,5,0,0.1,0,0
8.43,5,0,0.1,0,0
8.44,5,0,0.1,0,0
8.45,5,0,0.1,0,0
8.46,5,0,0.1,0,0
8.47,5,0,0.1,0,0
8.48,5,0,0.1,0,0
8.49,5,0,0.1,0,0
8.5,5,0,0.1,0,0
8.51,5,0,0.1,0,0
8.52,5,0,0.1,0,0
8.53,5,0,0.1,0,0
8.54,5,0,0.1,0,0
8.55,5,0,0.1,0,0
8.56,5,0,0.1,0,0
8.57,5,0,0.1,0,0
8.58,5,0,0.1,0,0
8.59,5,0,0.1,0,0
8.6,5,0,0.1,0,0
8.61,5,0,0.1,0,0
8.62,5,0,0.1,0,0
8.63,5,0,0.1,0,0
8.64,5,0,0.1,0,0
8.65,5,0,0.1,0,0
8.66,5,0,0.1,0,0
8.67,5,0,0.1,0,0
8.68,5,0,0.1,0,0
8.69,5,0,0.1,0,0
8.7,5,0,0.1,0,0
8.71,5,0,0.1,0,0
8.72,5,0,0.1,0,0
8.73,5,0,0.1,0,0
8.74,5,0,0.1,0,0
8.75,5,0,0.1,0,0
8.76,5,0,0.1,0,0
8.77,5,0,0.1,0,0
8.78,5,0,0.1,0,0
8.79,5,0,0.1,0,0
8.8,5,0,0.1,0,0
8.81,5,0,0.1,0,0
8.82,5,0,0.1,0,0
8.83,5,0,0.1,0,0
8.84,5,0,0.1,0,0
8.85,5,0,0.1,0,0
8.86,5,0,0.1,0,0
8.87,5,0,0.1,0,0
8.88,5,0,0.1,0,0
8.89,5,0,0.1,0,0
8.9,5,0,0.1,0,0
8.91,5,0,0.1,0,0
8.92,5,0,0.1,0,0
8.93,5,0,0.1,0,0
8.94,5,0,0.1,0,0
8.95,5,0,0.1,0,0
8.96,5,0,0.1,0,0
8.97,5,0,0.1,0,0
8.98,5,0,0.1,0,0
8.99,5,0,0.1,0,0
9,5,0,0.1,0,0
9.01,5,0,0.1,0,0
9.02,5,0,0.1,0,0
9.03,5,0,0.1,0,0
9.04,5,0,0.1,0,0
9.05,5,0,0.1,0,0
9.06,5,0,0.1,0,0
9.07,5,0,0.1,0,0
9.08,5,0,0.1,0,0
9.09,5,0,0.1,0,0
9.1,5,0,0.1,0,0
9.11,5,0,0.1,0,0
9.12,5,0,0.1,0,0
9.13,5,0,0.1,0,0
9.14,5,0,0.1,0,0
9.15,5,0,0.1,0,0
9.16,5,0,0.1,0,0
9.17,5,0,0.1,0,0
9.18,5,0,0.1,0,0
9.19,5,0,0.1,0,0
9.2,5,0,0.1,0,0
9.21,5,0,0.1,0,0
9.22,5,0,0.1,0,0
9.23,5,0,0.1,0,0
9.24,5,0,0.1,0,0
9.25,5,0,0.1,0,0
9.26,5,0,0.1,0,0
9.27,5,0,0.1,0,0
9.28,5,0,0.1,0,0
9.29,5,0,0.1,0,0
9.3,5,0,0.1,0,0
9.31,5,0,0.1,0,0
9.32,5,0,0.1,0,0
9.33,5,0,0.1,0,0
9.34,5,0,0.1,0,0
9.35,5,0,0.1,0,0
9.36,5,0,0.1,0,0
9.37,5,0,0.1,0,0
9.38,5,0,0.1,0,0
9.39,5,0,0.1,0,0
9.4,5,0,0.1,0,0
9.41,5,0,0.1,0,0
9.42,5,0,0.1,0,0
9.43,5,0,0.1,0,0
9.44,5,0,0.1,0,0
9.45,5,0,0.1,0,0
9.46,5,0,0.1,0,0
9.47,5,0,0.1,0,0
9.48,5,0,0.1,0,0
9.49,5,0,0.1,0,0
9.5,5,0,0.1,0,0
9.509999946,4.999971429,-0.005714286,0.099999456,0.000285714,-0.057142857
9.519999565,4.999885716,-0.011428571,0.099999456,0.000285714,-0.057142857
9.529998531,4.999742863,-0.017142857,0.099999456,0.000285714,-0.057142857
9.539996517,4.999542877,-0.022857143,0.099999456,0.000285714,-0.057142857
9.549993198,4.999285763,-0.028571429,0.099999456,0.000285714,-0.057142857
9.559988246,4.998971529,-0.034285714,0.099999456,0.000285714,-0.057142857
9.569981335,4.998600187,-0.04,0.099999456,0.000285714,-0.057142857
9.579972139,4.998171747,-0.045714286,0.099999456,0.000285714,-0.057142857
9.589960332,4.997686224,-0.051428571,0.099999456,0.000285714,-0.057142857
9.599945587,4.997143635,-0.057142857,0.099999456,0.000285714,-0.057142857
9.609927579,4.996543995,-0.062857143,0.099999456,0.000285714,-0.057142857
9.619905981,4.995887326,-0.068571429,0.099999456,0.000285714,-0.057142857
9.629880468,4.995173649,-0.074285714,0.099999456,0.000285714,-0.057142857
9.639850714,4.994402986,-0.08,0.099999456,0.000285714,-0.057142857
9.649816394,4.993575363,-0.085714286,0.099999456,0.000285714,-0.057142857
9.659777182,4.992690808,-0.091428571,0.099999456,0.000285714,-0.057142857
9.669732752,4.991749348,-0.097142857,0.099999456,0.000285714,-0.057142857
9.67968278,4.990751016,-0.102857143,0.099999456,0.000285714,-0.057142857
9.689626941,4.989695842,-0.108571429,0.099999456,0.000285714,-0.057142857
9.69956491,4.988583862,-0.114285714,0.099999456,0.000285714,-0.057142857
9.709496363,4.987415113,-0.12,0.099999456,0.000285714,-0.057142857
9.719420975,4.986189631,-0.125714286,0.099999456,0.000285714,-0.057142857
9.729338422,4.984907458,-0.131428571,0.099999456,0.000285714,-0.057142857
9.739248381,4.983568635,-0.137142857,0.099999456,0.000285714,-0.057142857
9.749150527,4.982173206,-0.142857143,0.099999456,0.000285714,-0.057142857
9.759044538,4.980721216,-0.148571429,0.099999456,0.000285714,-0.057142857
9.768930091,4.979212713,-0.154285714,0.099999456,0.000285714,-0.057142857
9.778806862,4.977647746,-0.16,0.099999456,0.000285714,-0.057142857
9.788674529,4.976026366,-0.165714286,0.099999456,0.000285714,-0.057142857
9.79853277,4.974348626,-0.171428571,0.099999456,0.000285714,-0.057142857
9.808381263,4.972614582,-0.177142857,0.099999456,0.000285714,-0.057142857
9.818219686,4.970824288,-0.182857143,0.099999456,0.000285714,-0.057142857
9.828047719,4.968977805,-0.188571429,0.099999456,0.000285714,-0.057142857
9.83786504,4.967075192,-0.194285714,0.099999456,0.000285714,-0.057142857
9.847671329,4.965116511,-0.2,0.099999456,0.000285714,-0.057142857
9.857466265,4.963101827,-0.205714286,0.099999456,0.000285714,-0.057142857
9.867249529,4.961031205,-0.211428571,0.099999456,0.000285714,-0.057142857
9.877020801,4.958904712,-0.217142857,0.099999456,0.000285714,-0.057142857
9.886779762,4.956722419,-0.222857143,0.099999456,0.000285714,-0.057142857
9.896526094,4.954484396,-0.228571429,0.099999456,0.000285714,-0.057142857
9.906259478,4.952190717,-0.234285714,0.099999456,0.000285714,-0.057142857
9.915979596,4.949841456,-0.24,0.099999456,0.000285714,-0.057142857
9.925686132,4.94743669,-0.245714286,0.099999456,0.000285714,-0.057142857
9.935378767,4.944976498,-0.251428571,0.099999456,0.000285714,-0.057142857
9.945057186,4.94246096,-0.257142857,0.099999456,0.000285714,-0.057142857
9.954721073,4.939890158,-0.262857143,0.099999456,0.000285714,-0.057142857
9.964370111,4.937264176,-0.268571429,0.099999456,0.000285714,-0.057142857
9.974003987,4.9345831,-0.274285714,0.099999456,0.000285714,-0.057142857
9.983622385,4.931847017,-0.28,0.099999456,0.000285714,-0.057142857
9.993224991,4.929056017,-0.285714286,0.099999456,0.000285714,-0.057142857
10.00281149,4.926210191,-0.291428571,0.099999456,0.000285714,-0.057142857
10.01238157,4.923309631,-0.297142857,0.099999456,0.000285714,-0.057142857
10.02193493,4.920354433,-0.302857143,0.099999456,0.000285714,-0.057142857
10.03147124,4.917344693,-0.308571429,0.099999456,0.000285714,-0.057142857
10.04099019,4.914280509,-0.314285714,0.099999456,0.000285714,-0.057142857
10.05049148,4.911161982,-0.32,0.099999456,0.000285714,-0.057142857
10.0599748,4.907989212,-0.325714286,0.099999456,0.000285714,-0.057142857
10.06943983,4.904762305,-0.331428571,0.099999456,0.000285714,-0.057142857
10.07888626,4.901481364,-0.337142857,0.099999456,0.000285714,-0.057142857
10.0883138,4.898146498,-0.342857143,0.099999456,0.000285714,-0.057142857
10.09772212,4.894757814,-0.348571429,0.099999456,0.000285714,-0.057142857
10.10711093,4.891315425,-0.354285714,0.099999456,0.000285714,-0.057142857
10.11647991,4.887819441,-0.36,0.099999456,0.000285714,-0.057142857
10.12582876,4.884269978,-0.365714286,0.099999456,0.000285714,-0.057142857
10.13515718,4.880667152,-0.371428571,0.099999456,0.000285714,-0.057142857
10.14446486,4.877011079,-0.377142857,0.099999456,0.000285714,-0.057142857
10.15375149,4.873301879,-0.382857143,0.099999456,0.000285714,-0.057142857
10.16301678,4.869539674,-0.388571429,0.099999456,0.000285714,-0.057142857
10.17226041,4.865724586,-0.394285714,0.099999456,0.000285714,-0.057142857
10.1814821,4.86185674,-0.4,0.099999456,0.000285714,-0.057142857
10.19068153,4.857936261,-0.405714286,0.099999456,0.000285714,-0.057142857
10.19985841,4.853963279,-0.411428571,0.099999456,0.000285714,-0.057142857
10.20901244,4.849937923,-0.417142857,0.099999456,0.000285714,-0.057142857
10.21814332,4.845860324,-0.422857143,0.099999456,0.000285714,-0.057142857
10.22725075,4.841730615,-0.428571429,0.099999456,0.000285714,-0.057142857
10.23633443,4.837548932,-0.434285714,0.099999456,0.000285714,-0.057142857
10.24539406,4.833315411,-0.44,0.099999456,0.000285714,-0.057142857
10.25442936,4.829030189,-0.445714286,0.099999456,0.000285714,-0.057142857
10.26344002,4.824693408,-0.451428571,0.099999456,0.000285714,-0.057142857
10.27242576,4.820305208,-0.457142857,0.099999456,0.000285714,-0.057142857
10.28138627,4.815865733,-0.462857143,0.099999456,0.000285714,-0.057142857
10.29032127,4.811375128,-0.468571429,0.099999456,0.000285714,-0.057142857
10.29923046,4.806833539,-0.474285714,0.099999456,0.000285714,-0.057142857
10.30811356,4.802241115,-0.48,0.099999456,0.000285714,-0.057142857
10.31697026,4.797598006,-0.485714286,0.099999456,0.000285714,-0.057142857
10.3258003,4.792904363,-0.491428571,0.099999456,0.000285714,-0.057142857
10.33460336,4.788160339,-0.497142857,0.099999456,0.000285714,-0.057142857
10.34337917,4.78336609,-0.502857143,0.099999456,0.000285714,-0.057142857
10.35212745,4.778521773,-0.508571429,0.099999456,0.000285714,-0.057142857
10.3608479,4.773627544,-0.514285714,0.099999456,0.000285714,-0.057142857
10.36954024,4.768683564,-0.52,0.099999456,0.000285714,-0.057142857
10.37820419,4.763689995,-0.525714286,0.099999456,0.000285714,-0.057142857
10.38683946,4.758647,-0.531428571,0.099999456,0.000285714,-0.057142857
10.39544578,4.753554742,-0.537142857,0.099999456,0.000285714,-0.057142857
10.40402285,4.748413389,-0.542857143,0.099999456,0.000285714,-0.057142857
10.41257041,4.743223109,-0.548571429,0.099999456,0.000285714,-0.057142857
10.42108816,4.73798407,-0.554285714,0.099999456,0.000285714,-0.057142857
10.42957585,4.732696444,-0.56,0.099999456,0.000285714,-0.057142857
10.43803317,4.727360404,-0.565714286,0.099999456,0.000285714,-0.057142857
10.44645987,4.721976123,-0.571428571,0.099999456,0.000285714,-0.057142857
10.45485567,4.716543779,-0.577142857,0.099999456,0.000285714,-0.057142857
10.46322028,4.711063547,-0.582857143,0.099999456,0.000285714,-0.057142857
10.47155345,4.705535607,-0.588571429,0.099999456,0.000285714,-0.057142857
10.47985488,4.699960139,-0.594285714,0.099999456,0.000285714,-0.057142857
10.48812433,4.694337326,-0.6,0.099999456,0.000285714,-0.057142857
10.49636151,4.688667351,-0.605714286,0.099999456,0.000285714,-0.057142857
10.50456615,4.682950399,-0.611428571,0.099999456,0.000285714,-0.057142857
10.51273799,4.677186658,-0.617142857,0.099999456,0.000285714,-0.057142857
10.52087677,4.671376314,-0.622857143,0.099999456,0.000285714,-0.057142857
10.52898221,4.665519558,-0.628571429,0.099999456,0.000285714,-0.057142857
10.53705405,4.659616581,-0.634285714,0.099999456,0.000285714,-0.057142857
10.54509202,4.653667576,-0.64,0.099999456,0.000285714,-0.057142857
10.55309587,4.647672737,-0.645714286,0.099999456,0.000285714,-0.057142857
10.56106534,4.64163226,-0.651428571,0.099999456,0.000285714,-0.057142857
10.56900016,4.635546342,-0.657142857,0.099999456,0.000285714,-0.057142857
10.57690007,4.629415182,-0.662857143,0.099999456,0.000285714,-0.057142857
10.58476481,4.62323898,-0.668571429,0.099999456,0.000285714,-0.057142857
10.59259414,4.617017938,-0.674285714,0.099999456,0.000285714,-0.057142857
10.60038779,4.610752258,-0.68,0.099999456,0.000285714,-0.057142857
10.60814551,4.604442145,-0.685714286,0.099999456,0.000285714,-0.057142857
10.61586705,4.598087807,-0.691428571,0.099999456,0.000285714,-0.057142857
10.62355215,4.591689449,-0.697142857,0.099999456,0.000285714,-0.057142857
10.63120056,4.585247281,-0.702857143,0.099999456,0.000285714,-0.057142857
10.63881203,4.578761513,-0.708571429,0.099999456,0.000285714,-0.057142857
10.64638632,4.572232357,-0.714285714,0.099999456,0.000285714,-0.057142857
10.65392318,4.565660026,-0.72,0.099999456,0.000285714,-0.057142857
10.66142235,4.559044735,-0.725714286,0.099999456,0.000285714,-0.057142857
10.66888361,4.5523867,-0.731428571,0.099999456,0.000285714,-0.057142857
10.67630669,4.545686138,-0.737142857,0.099999456,0.000285714,-0.057142857
10.68369137,4.538943268,-0.742857143,0.099999456,0.000285714,-0.057142857
10.69103739,4.53215831,-0.748571429,0.099999456,0.000285714,-0.057142857
10.69834452,4.525331486,-0.754285714,0.099999456,0.000285714,-0.057142857
10.70561253,4.518463019,-0.76,0.099999456,0.000285714,-0.057142857
10.71284117,4.511553132,-0.765714286,0.099999456,0.000285714,-0.057142857
10.7200302,4.504602052,-0.771428571,0.099999456,0.000285714,-0.057142857
10.7271794,4.497610006,-0.777142857,0.099999456,0.000285714,-0.057142857
10.73428852,4.490577221,-0.782857143,0.099999456,0.000285714,-0.057142857
10.74135735,4.483503928,-0.788571429,0.099999456,0.000285714,-0.057142857
10.74838563,4.476390357,-0.794285714,0.099999456,0.000285714,-0.057142857
10.75537316,4.469236741,-0.8,0.099999456,0.000285714,-0.057142857
10.76231969,4.462043314,-0.805714286,0.099999456,0.000285714,-0.057142857
10.76922501,4.454810309,-0.811428571,0.099999456,0.000285714,-0.057142857
10.77608888,4.447537964,-0.817142857,0.099999456,0.000285714,-0.057142857
10.78291108,4.440226516,-0.822857143,0.099999456,0.000285714,-0.057142857
10.78969139,4.432876203,-0.828571429,0.099999456,0.000285714,-0.057142857
10.79642959,4.425487266,-0.834285714,0.099999456,0.000285714,-0.057142857
10.80312546,4.418059945,-0.84,0.099999456,0.000285714,-0.057142857
10.80977878,4.410594484,-0.845714286,0.099999456,0.000285714,-0.057142857
10.81638932,4.403091126,-0.851428571,0.099999456,0.000285714,-0.057142857
10.82295689,4.395550117,-0.857142857,0.099999456,0.000285714,-0.057142857
10.82948125,4.387971701,-0.862857143,0.099999456,0.000285714,-0.057142857
10.83596221,4.380356128,-0.868571429,0.099999456,0.000285714,-0.057142857
10.84239954,4.372703645,-0.874285714,0.099999456,0.000285714,-0.057142857
10.84879304,4.365014502,-0.88,0.099999456,0.000285714,-0.057142857
10.85514249,4.357288951,-0.885714286,0.099999456,0.000285714,-0.057142857
10.8614477,4.349527244,-0.891428571,0.099999456,0.000285714,-0.057142857
10.86770845,4.341729634,-0.897142857,0.099999456,0.000285714,-0.057142857
10.87392454,4.333896375,-0.902857143,0.099999456,0.000285714,-0.057142857
10.88009577,4.326027724,-0.908571429,0.099999456,0.000285714,-0.057142857
10.88622194,4.318123938,-0.914285714,0.099999456,0.000285714,-0.057142857
10.89230284,4.310185274,-0.92,0.099999456,0.000285714,-0.057142857
10.89833827,4.302211992,-0.925714286,0.099999456,0.000285714,-0.057142857
10.90432805,4.294204352,-0.931428571,0.099999456,0.000285714,-0.057142857
10.91027197,4.286162616,-0.937142857,0.099999456,0.000285714,-0.057142857
10.91616984,4.278087046,-0.942857143,0.099999456,0.000285714,-0.057142857
10.92202147,4.269977906,-0.948571429,0.099999456,0.000285714,-0.057142857
10.92782667,4.26183546,-0.954285714,0.099999456,0.000285714,-0.057142857
10.93358524,4.253659976,-0.96,0.099999456,0.000285714,-0.057142857
10.93929701,4.245451718,-0.965714286,0.099999456,0.000285714,-0.057142857
10.94496177,4.237210956,-0.971428571,0.099999456,0.000285714,-0.057142857
10.95057936,4.228937959,-0.977142857,0.099999456,0.000285714,-0.057142857
10.95614958,4.220632997,-0.982857143,0.099999456,0.000285714,-0.057142857
10.96167225,4.21229634,-0.988571429,0.099999456,0.000285714,-0.057142857
10.96714719,4.203928262,-0.994285714,0.099999456,0.000285714,-0.057142857
10.97257422,4.195529035,-1,0.099999456,0.000285714,-0.057142857
10.97795318,4.187098934,-1.005714286,0.099999456,0.000285714,-0.057142857
10.98328387,4.178638234,-1.011428571,0.099999456,0.000285714,-0.057142857
10.98856613,4.170147211,-1.017142857,0.099999456,0.000285714,-0.057142857
10.99379978,4.161626142,-1.022857143,0.099999456,0.000285714,-0.057142857
10.99898465,4.153075306,-1.028571429,0.099999456,0.000285714,-0.057142857
11.00412058,4.144494982,-1.034285714,0.099999456,0.000285714,-0.057142857
11.0092074,4.13588545,-1.04,0.099999456,0.000285714,-0.057142857
11.01424493,4.127246991,-1.045714286,0.099999456,0.000285714,-0.057142857
11.01923302,4.118579888,-1.051428571,0.099999456,0.000285714,-0.057142857
11.02417151,4.109884423,-1.057142857,0.099999456,0.000285714,-0.057142857
11.02906022,4.10116088,-1.062857143,0.099999456,0.000285714,-0.057142857
11.03389901,4.092409544,-1.068571429,0.099999456,0.000285714,-0.057142857
11.03868771,4.083630701,-1.074285714,0.099999456,0.000285714,-0.057142857
11.04342616,4.074824637,-1.08,0.099999456,0.000285714,-0.057142857
11.04811422,4.065991641,-1.085714286,0.099999456,0.000285714,-0.057142857
11.05275173,4.057132,-1.091428571,0.099999456,0.000285714,-0.057142857
11.05733854,4.048246003,-1.097142857,0.099999456,0.000285714,-0.057142857
11.06187449,4.039333942,-1.102857143,0.099999456,0.000285714,-0.057142857
11.06635945,4.030396106,-1.108571429,0.099999456,0.000285714,-0.057142857
11.07079326,4.021432788,-1.114285714,0.099999456,0.000285714,-0.057142857
11.07517577,4.012444281,-1.12,0.099999456,0.000285714,-0.057142857
11.07950686,4.003430878,-1.125714286,0.099999456,0.000285714,-0.057142857
11.08378637,3.994392872,-1.131428571,0.099999456,0.000285714,-0.057142857
11.08801416,3.98533056,-1.137142857,0.099999456,0.000285714,-0.057142857
11.0921901,3.976244238,-1.142857143,0.099999456,0.000285714,-0.057142857
11.09631405,3.967134201,-1.148571429,0.099999456,0.000285714,-0.057142857
11.10038587,3.958000748,-1.154285714,0.099999456,0.000285714,-0.057142857
11.10440544,3.948844176,-1.16,0.099999456,0.000285714,-0.057142857
11.10837262,3.939664786,-1.165714286,0.099999456,0.000285714,-0.057142857
11.11228728,3.930462875,-1.171428571,0.099999456,0.000285714,-0.057142857
11.1161493,3.921238746,-1.177142857,0.099999456,0.000285714,-0.057142857
11.11995854,3.911992698,-1.182857143,0.099999456,0.000285714,-0.057142857
11.12371489,3.902725034,-1.188571429,0.099999456,0.000285714,-0.057142857
11.12741821,3.893436057,-1.194285714,0.099999456,0.000285714,-0.057142857
11.1310684,3.88412607,-1.2,0.099999456,0.000285714,-0.057142857
11.13466533,3.874795377,-1.205714286,0.099999456,0.000285714,-0.057142857
11.13820888,3.865444283,-1.211428571,0.099999456,0.000285714,-0.057142857
11.14169894,3.856073092,-1.217142857,0.099999456,0.000285714,-0.057142857
11.14513539,3.846682111,-1.222857143,0.099999456,0.000285714,-0.057142857
11.14851813,3.837271647,-1.228571429,0.099999456,0.000285714,-0.057142857
11.15184703,3.827842006,-1.234285714,0.099999456,0.000285714,-0.057142857
11.155122,3.818393498,-1.24,0.099999456,0.000285714,-0.057142857
11.15834292,3.808926429,-1.245714286,0.099999456,0.000285714,-0.057142857
11.16150969,3.79944111,-1.251428571,0.099999456,0.000285714,-0.057142857
11.16462221,3.78993785,-1.257142857,0.099999456,0.000285714,-0.057142857
11.16768038,3.78041696,-1.262857143,0.099999456,0.000285714,-0.057142857
11.17068409,3.77087875,-1.268571429,0.099999456,0.000285714,-0.057142857
11.17363325,3.761323531,-1.274285714,0.099999456,0.000285714,-0.057142857
11.17652776,3.751751617,-1.28,0.099999456,0.000285714,-0.057142857
11.17936752,3.742163319,-1.285714286,0.099999456,0.000285714,-0.057142857
11.18215245,3.73255895,-1.291428571,0.099999456,0.000285714,-0.057142857
11.18488245,3.722938824,-1.297142857,0.099999456,0.000285714,-0.057142857
11.18755743,3.713303255,-1.302857143,0.099999456,0.000285714,-0.057142857
11.19017732,3.703652558,-1.308571429,0.099999456,0.000285714,-0.057142857
11.19274201,3.693987048,-1.314285714,0.099999456,0.000285714,-0.057142857
11.19525143,3.68430704,-1.32,0.099999456,0.000285714,-0.057142857
11.19770549,3.674612851,-1.325714286,0.099999456,0.000285714,-0.057142857
11.20010412,3.664904798,-1.331428571,0.099999456,0.000285714,-0.057142857
11.20244723,3.655183196,-1.337142857,0.099999456,0.000285714,-0.057142857
11.20473476,3.645448364,-1.342857143,0.099999456,0.000285714,-0.057142857
11.20696662,3.635700619,-1.348571429,0.099999456,0.000285714,-0.057142857
11.20914274,3.62594028,-1.354285714,0.099999456,0.000285714,-0.057142857
11.21126305,3.616167665,-1.36,0.099999456,0.000285714,-0.057142857
11.21332749,3.606383094,-1.365714286,0.099999456,0.000285714,-0.057142857
11.21533598,3.596586886,-1.371428571,0.099999456,0.000285714,-0.057142857
11.21728846,3.586779361,-1.377142857,0.099999456,0.000285714,-0.057142857
11.21918487,3.576960839,-1.382857143,0.099999456,0.000285714,-0.057142857
11.22102514,3.567131641,-1.388571429,0.099999456,0.000285714,-0.057142857
11.22280921,3.557292088,-1.394285714,0.099999456,0.000285714,-0.057142857
11.22453703,3.5474425,-1.4,0.099999456,0.000285714,-0.057142857
11.22620853,3.5375832,-1.405714286,0.099999456,0.000285714,-0.057142857
11.22782367,3.52771451,-1.411428571,0.099999456,0.000285714,-0.057142857
11.2293824,3.517836751,-1.417142857,0.099999456,0.000285714,-0.057142857
11.23088465,3.507950247,-1.422857143,0.099999456,0.000285714,-0.057142857
11.23233038,3.49805532,-1.428571429,0.099999456,0.000285714,-0.057142857
11.23371955,3.488152293,-1.434285714,0.099999456,0.000285714,-0.057142857
11.23505211,3.47824149,-1.44,0.099999456,0.000285714,-0.057142857
11.23632801,3.468323234,-1.445714286,0.099999456,0.000285714,-0.057142857
11.23754722,3.45839785,-1.451428571,0.099999456,0.000285714,-0.057142857
11.23870969,3.44846566,-1.457142857,0.099999456,0.000285714,-0.057142857
11.23981539,3.43852699,-1.462857143,0.099999456,0.000285714,-0.057142857
11.24086427,3.428582164,-1.468571429,0.099999456,0.000285714,-0.057142857
11.24185631,3.418631506,-1.474285714,0.099999456,0.000285714,-0.057142857
11.24279148,3.408675343,-1.48,0.099999456,0.000285714,-0.057142857
11.24366974,3.398713998,-1.485714286,0.099999456,0.000285714,-0.057142857
11.24449106,3.388747797,-1.491428571,0.099999456,0.000285714,-0.057142857
11.24525542,3.378777066,-1.497142857,0.099999456,0.000285714,-0.057142857
11.24596279,3.36880213,-1.502857143,0.099999456,0.000285714,-0.057142857
11.24661315,3.358823314,-1.508571429,0.099999456,0.000285714,-0.057142857
11.24720648,3.348840945,-1.514285714,0.099999456,0.000285714,-0.057142857
11.24774275,3.338855349,-1.52,0.099999456,0.000285714,-0.057142857
11.24822196,3.328866851,-1.525714286,0.099999456,0.000285714,-0.057142857
11.24864408,3.318875778,-1.531428571,0.099999456,0.000285714,-0.057142857
11.24900911,3.308882456,-1.537142857,0.099999456,0.000285714,-0.057142857
11.24931702,3.298887211,-1.542857143,0.099999456,0.000285714,-0.057142857
11.24956781,3.28889037,-1.548571429,0.099999456,0.000285714,-0.057142857
11.24976148,3.278892259,-1.554285714,0.099999456,0.000285714,-0.057142857
11.24989801,3.268893205,-1.56,0.099999456,0.000285714,-0.057142857
11.2499774,3.258893534,-1.565714286,0.099999456,0.000285714,-0.057142857
11.24999965,3.248893572,-1.571428571,0.099999456,0.000285714,-0.057142857
11.24996476,3.238893646,-1.577142857,0.099999456,0.000285714,-0.057142857
11.24987272,3.228894084,-1.582857143,0.099999456,0.000285714,-0.057142857
11.24972355,3.21889521,-1.588571429,0.099999456,0.000285714,-0.057142857
11.24951724,3.208897352,-1.594285714,0.099999456,0.000285714,-0.057142857
11.24925381,3.198900836,-1.6,0.099999456,0.000285714,-0.057142857
11.24893325,3.188905989,-1.605714286,0.099999456,0.000285714,-0.057142857
11.24855559,3.178913136,-1.611428571,0.099999456,0.000285714,-0.057142857
11.24812084,3.168922605,-1.617142857,0.099999456,0.000285714,-0.057142857
11.247629,3.158934721,-1.622857143,0.099999456,0.000285714,-0.057142857
11.2470801,3.148949811,-1.628571429,0.099999456,0.000285714,-0.057142857
11.24647415,3.1389682,-1.634285714,0.099999456,0.000285714,-0.057142857
11.24581117,3.128990215,-1.64,0.099999456,0.000285714,-0.057142857
11.24509118,3.119016181,-1.645714286,0.099999456,0.000285714,-0.057142857
11.24431422,3.109046424,-1.651428571,0.099999456,0.000285714,-0.057142857
11.24348029,3.09908127,-1.657142857,0.099999456,0.000285714,-0.057142857
11.24258944,3.089121044,-1.662857143,0.099999456,0.000285714,-0.057142857
11.24164169,3.07916607,-1.668571429,0.099999456,0.000285714,-0.057142857
11.24063706,3.069216675,-1.674285714,0.099999456,0.000285714,-0.057142857
11.2395756,3.059273184,-1.68,0.099999456,0.000285714,-0.057142857
11.23845734,3.04933592,-1.685714286,0.099999456,0.000285714,-0.057142857
11.23728231,3.039405208,-1.691428571,0.099999456,0.000285714,-0.057142857
11.23605056,3.029481373,-1.697142857,0.099999456,0.000285714,-0.057142857
11.23476211,3.019564738,-1.702857143,0.099999456,0.000285714,-0.057142857
11.23341703,3.009655628,-1.708571429,0.099999456,0.000285714,-0.057142857
11.23201534,2.999754366,-1.714285714,0.099999456,0.000285714,-0.057142857
11.23055709,2.989861275,-1.72,0.099999456,0.000285714,-0.057142857
11.22904234,2.979976678,-1.725714286,0.099999456,0.000285714,-0.057142857
11.22747113,2.970100898,-1.731428571,0.099999456,0.000285714,-0.057142857
11.22584351,2.960234258,-1.737142857,0.099999456,0.000285714,-0.057142857
11.22415954,2.95037708,-1.742857143,0.099999456,0.000285714,-0.057142857
11.22241926,2.940529685,-1.748571429,0.099999456,0.000285714,-0.057142857
11.22062275,2.930692395,-1.754285714,0.099999456,0.000285714,-0.057142857
11.21877005,2.920865532,-1.76,0.099999456,0.000285714,-0.057142857
11.21686124,2.911049416,-1.765714286,0.099999456,0.000285714,-0.057142857
11.21489636,2.901244367,-1.771428571,0.099999456,0.000285714,-0.057142857
11.21287548,2.891450707,-1.777142857,0.099999456,0.000285714,-0.057142857
11.21079867,2.881668754,-1.782857143,0.099999456,0.000285714,-0.057142857
11.208666,2.871898829,-1.788571429,0.099999456,0.000285714,-0.057142857
11.20647754,2.862141249,-1.794285714,0.099999456,0.000285714,-0.057142857
11.20423335,2.852396334,-1.8,0.099999456,0.000285714,-0.057142857
11.20193352,2.842664402,-1.805714286,0.099999456,0.000285714,-0.057142857
11.19957812,2.832945771,-1.811428571,0.099999456,0.000285714,-0.057142857
11.19716721,2.823240758,-1.817142857,0.099999456,0.000285714,-0.057142857
11.19470089,2.81354968,-1.822857143,0.099999456,0.000285714,-0.057142857
11.19217924,2.803872853,-1.828571429,0.099999456,0.000285714,-0.057142857
11.18960233,2.794210594,-1.834285714,0.099999456,0.000285714,-0.057142857
11.18697024,2.784563218,-1.84,0.099999456,0.000285714,-0.057142857
11.18428308,2.774931039,-1.845714286,0.099999456,0.000285714,-0.057142857
11.18154091,2.765314373,-1.851428571,0.099999456,0.000285714,-0.057142857
11.17874384,2.755713533,-1.857142857,0.099999456,0.000285714,-0.057142857
11.17589196,2.746128833,-1.862857143,0.099999456,0.000285714,-0.057142857
11.17298535,2.736560587,-1.868571429,0.099999456,0.000285714,-0.057142857
11.17002411,2.727009105,-1.874285714,0.099999456,0.000285714,-0.057142857
11.16700834,2.717474701,-1.88,0.099999456,0.000285714,-0.057142857
11.16393814,2.707957685,-1.885714286,0.099999456,0.000285714,-0.057142857
11.1608136,2.698458368,-1.891428571,0.099999456,0.000285714,-0.057142857
11.15763484,2.688977061,-1.897142857,0.099999456,0.000285714,-0.057142857
11.15440195,2.679514073,-1.902857143,0.099999456,0.000285714,-0.057142857
11.15111504,2.670069713,-1.908571429,0.099999456,0.000285714,-0.057142857
11.14777421,2.66064429,-1.914285714,0.099999456,0.000285714,-0.057142857
11.14437958,2.65123811,-1.92,0.099999456,0.000285714,-0.057142857
11.14093125,2.641851483,-1.925714286,0.099999456,0.000285714,-0.057142857
11.13742935,2.632484712,-1.931428571,0.099999456,0.000285714,-0.057142857
11.13387397,2.623138106,-1.937142857,0.099999456,0.000285714,-0.057142857
11.13026525,2.613811969,-1.942857143,0.099999456,0.000285714,-0.057142857
11.12660329,2.604506605,-1.948571429,0.099999456,0.000285714,-0.057142857
11.12288822,2.595222318,-1.954285714,0.099999456,0.000285714,-0.057142857
11.11912016,2.585959412,-1.96,0.099999456,0.000285714,-0.057142857
11.11529923,2.576718188,-1.965714286,0.099999456,0.000285714,-0.057142857
11.11142555,2.567498949,-1.971428571,0.099999456,0.000285714,-0.057142857
11.10749926,2.558301996,-1.977142857,0.099999456,0.000285714,-0.057142857
11.10352048,2.549127629,-1.982857143,0.099999456,0.000285714,-0.057142857
11.09948933,2.539976148,-1.988571429,0.099999456,0.000285714,-0.057142857
11.09540596,2.530847851,-1.994285714,0.099999456,0.000285714,-0.057142857
11.0912705,2.521743036,-2,0.099999456,0.000285714,-0.057142857
11.08708307,2.512662001,-2.005714286,0.099999456,0.000285714,-0.057142857
11.08284382,2.503605043,-2.011428571,0.099999456,0.000285714,-0.057142857
11.07855289,2.494572456,-2.017142857,0.099999456,0.000285714,-0.057142857
11.07421041,2.485564536,-2.022857143,0.099999456,0.000285714,-0.057142857
11.06981653,2.476581578,-2.028571429,0.099999456,0.000285714,-0.057142857
11.06537139,2.467623874,-2.034285714,0.099999456,0.000285714,-0.057142857
11.06087514,2.458691716,-2.04,0.099999456,0.000285714,-0.057142857
11.05632792,2.449785398,-2.045714286,0.099999456,0.000285714,-0.057142857
11.05172988,2.440905208,-2.051428571,0.099999456,0.000285714,-0.057142857
11.04708117,2.432051438,-2.057142857,0.099999456,0.000285714,-0.057142857
11.04238195,2.423224377,-2.062857143,0.099999456,0.000285714,-0.057142857
11.03763236,2.414424312,-2.068571429,0.099999456,0.000285714,-0.057142857
11.03283256,2.405651531,-2.074285714,0.099999456,0.000285714,-0.057142857
11.02798271,2.396906321,-2.08,0.099999456,0.000285714,-0.057142857
11.02308297,2.388188967,-2.085714286,0.099999456,0.000285714,-0.057142857
11.0181335,2.379499753,-2.091428571,0.099999456,0.000285714,-0.057142857
11.01313445,2.370838964,-2.097142857,0.099999456,0.000285714,-0.057142857
11.008086,2.362206882,-2.102857143,0.099999456,0.000285714,-0.057142857
11.0029883,2.353603789,-2.108571429,0.099999456,0.000285714,-0.057142857
10.99784153,2.345029966,-2.114285714,0.099999456,0.000285714,-0.057142857
10.99264584,2.336485693,-2.12,0.099999456,0.000285714,-0.057142857
10.98740142,2.32797125,-2.125714286,0.099999456,0.000285714,-0.057142857
10.98210843,2.319486913,-2.131428571,0.099999456,0.000285714,-0.057142857
10.97676704,2.31103296,-2.137142857,0.099999456,0.000285714,-0.057142857
10.97137744,2.302609667,-2.142857143,0.099999456,0.000285714,-0.057142857
10.96593978,2.294217309,-2.148571429,0.099999456,0.000285714,-0.057142857
10.96045426,2.28585616,-2.154285714,0.099999456,0.000285714,-0.057142857
10.95492106,2.277526494,-2.16,0.099999456,0.000285714,-0.057142857
10.94934034,2.269228582,-2.165714286,0.099999456,0.000285714,-0.057142857
10.9437123,2.260962695,-2.171428571,0.099999456,0.000285714,-0.057142857
10.93803712,2.252729102,-2.177142857,0.099999456,0.000285714,-0.057142857
10.93231498,2.244528074,-2.182857143,0.099999456,0.000285714,-0.057142857
10.92654607,2.236359877,-2.188571429,0.099999456,0.000285714,-0.057142857
10.92073059,2.228224779,-2.194285714,0.099999456,0.000285714,-0.057142857
10.91486871,2.220123045,-2.2,0.099999456,0.000285714,-0.057142857
10.90896063,2.212054939,-2.205714286,0.099999456,0.000285714,-0.057142857
10.90300654,2.204020725,-2.211428571,0.099999456,0.000285714,-0.057142857
10.89700664,2.196020666,-2.217142857,0.099999456,0.000285714,-0.057142857
10.89096113,2.188055022,-2.222857143,0.099999456,0.000285714,-0.057142857
10.8848702,2.180124054,-2.228571429,0.099999456,0.000285714,-0.057142857
10.87873404,2.17222802,-2.234285714,0.099999456,0.000285714,-0.057142857
10.87255287,2.164367179,-2.24,0.099999456,0.000285714,-0.057142857
10.86632688,2.156541787,-2.245714286,0.099999456,0.000285714,-0.057142857
10.86005627,2.1487521,-2.251428571,0.099999456,0.000285714,-0.057142857
10.85374126,2.140998371,-2.257142857,0.099999456,0.000285714,-0.057142857
10.84738204,2.133280855,-2.262857143,0.099999456,0.000285714,-0.057142857
10.84097882,2.125599803,-2.268571429,0.099999456,0.000285714,-0.057142857
10.83453182,2.117955466,-2.274285714,0.099999456,0.000285714,-0.057142857
10.82804124,2.110348094,-2.28,0.099999456,0.000285714,-0.057142857
10.8215073,2.102777935,-2.285714286,0.099999456,0.000285714,-0.057142857
10.8149302,2.095245236,-2.291428571,0.099999456,0.000285714,-0.057142857
10.80831017,2.087750243,-2.297142857,0.099999456,0.000285714,-0.057142857
10.80164742,2.080293201,-2.302857143,0.099999456,0.000285714,-0.057142857
10.79494217,2.072874353,-2.308571429,0.099999456,0.000285714,-0.057142857
10.78819463,2.065493942,-2.314285714,0.099999456,0.000285714,-0.057142857
10.78140503,2.058152209,-2.32,0.099999456,0.000285714,-0.057142857
10.77457358,2.050849393,-2.325714286,0.099999456,0.000285714,-0.057142857
10.76770052,2.043585733,-2.331428571,0.099999456,0.000285714,-0.057142857
10.76078607,2.036361466,-2.337142857,0.099999456,0.000285714,-0.057142857
10.75383044,2.029176828,-2.342857143,0.099999456,0.000285714,-0.057142857
10.74683388,2.022032053,-2.348571429,0.099999456,0.000285714,-0.057142857
10.7397966,2.014927375,-2.354285714,0.099999456,0.000285714,-0.057142857
10.73271884,2.007863026,-2.36,0.099999456,0.000285714,-0.057142857
10.72560083,2.000839237,-2.365714286,0.099999456,0.000285714,-0.057142857
10.71844279,1.993856236,-2.371428571,0.099999456,0.000285714,-0.057142857
10.71124498,1.986914252,-2.377142857,0.099999456,0.000285714,-0.057142857
10.70400761,1.980013512,-2.382857143,0.099999456,0.000285714,-0.057142857
10.69673092,1.97315424,-2.388571429,0.099999456,0.000285714,-0.057142857
10.68941516,1.966336661,-2.394285714,0.099999456,0.000285714,-0.057142857
10.68206057,1.959560998,-2.4,0.099999456,0.000285714,-0.057142857
10.67466737,1.952827471,-2.405714286,0.099999456,0.000285714,-0.057142857
10.66723582,1.946136301,-2.411428571,0.099999456,0.000285714,-0.057142857
10.65976615,1.939487706,-2.417142857,0.099999456,0.000285714,-0.057142857
10.65225862,1.932881903,-2.422857143,0.099999456,0.000285714,-0.057142857
10.64471346,1.926319108,-2.428571429,0.099999456,0.000285714,-0.057142857
10.63713092,1.919799534,-2.434285714,0.099999456,0.000285714,-0.057142857
10.62951125,1.913323396,-2.44,0.099999456,0.000285714,-0.057142857
10.6218547,1.906890905,-2.445714286,0.099999456,0.000285714,-0.057142857
10.61416151,1.90050227,-2.451428571,0.099999456,0.000285714,-0.057142857
10.60643195,1.8941577,-2.457142857,0.099999456,0.000285714,-0.057142857
10.59866626,1.887857402,-2.462857143,0.099999456,0.000285714,-0.057142857
10.59086469,1.881601582,-2.468571429,0.099999456,0.000285714,-0.057142857
10.5830275,1.875390445,-2.474285714,0.099999456,0.000285714,-0.057142857
10.57515495,1.869224192,-2.48,0.099999456,0.000285714,-0.057142857
10.56724729,1.863103026,-2.485714286,0.099999456,0.000285714,-0.057142857
10.55930479,1.857027147,-2.491428571,0.099999456,0.000285714,-0.057142857
10.55132769,1.850996752,-2.497142857,0.099999456,0.000285714,-0.057142857
10.54331626,1.845012039,-2.502857143,0.099999456,0.000285714,-0.057142857
10.53527077,1.839073202,-2.508571429,0.099999456,0.000285714,-0.057142857
10.52719147,1.833180437,-2.514285714,0.099999456,0.000285714,-0.057142857
10.51907864,1.827333935,-2.52,0.099999456,0.000285714,-0.057142857
10.51093252,1.821533887,-2.525714286,0.099999456,0.000285714,-0.057142857
10.5027534,1.815780483,-2.531428571,0.099999456,0.000285714,-0.057142857
10.49454153,1.810073911,-2.537142857,0.099999456,0.000285714,-0.057142857
10.48629719,1.804414356,-2.542857143,0.099999456,0.000285714,-0.057142857
10.47802064,1.798802004,-2.548571429,0.099999456,0.000285714,-0.057142857
10.46971216,1.793237038,-2.554285714,0.099999456,0.000285714,-0.057142857
10.46137201,1.78771964,-2.56,0.099999456,0.000285714,-0.057142857
10.45300048,1.782249989,-2.565714286,0.099999456,0.000285714,-0.057142857
10.44459782,1.776828265,-2.571428571,0.099999456,0.000285714,-0.057142857
10.43616432,1.771454645,-2.577142857,0.099999456,0.000285714,-0.057142857
10.42770025,1.766129303,-2.582857143,0.099999456,0.000285714,-0.057142857
10.41920589,1.760852414,-2.588571429,0.099999456,0.000285714,-0.057142857
10.41068151,1.75562415,-2.594285714,0.099999456,0.000285714,-0.057142857
10.4021274,1.750444682,-2.6,0.099999456,0.000285714,-0.057142857
10.39354383,1.745314178,-2.605714286,0.099999456,0.000285714,-0.057142857
10.38493108,1.740232808,-2.611428571,0.099999456,0.000285714,-0.057142857
10.37628944,1.735200735,-2.617142857,0.099999456,0.000285714,-0.057142857
10.36761919,1.730218126,-2.622857143,0.099999456,0.000285714,-0.057142857
10.3589206,1.725285141,-2.628571429,0.099999456,0.000285714,-0.057142857
10.35019397,1.720401944,-2.634285714,0.099999456,0.000285714,-0.057142857
10.34143958,1.715568692,-2.64,0.099999456,0.000285714,-0.057142857
10.33265771,1.710785544,-2.645714286,0.099999456,0.000285714,-0.057142857
10.32384865,1.706052656,-2.651428571,0.099999456,0.000285714,-0.057142857
10.31501269,1.701370182,-2.657142857,0.099999456,0.000285714,-0.057142857
10.30615012,1.696738275,-2.662857143,0.099999456,0.000285714,-0.057142857
10.29726122,1.692157088,-2.668571429,0.099999456,0.000285714,-0.057142857
10.2883463,1.687626768,-2.674285714,0.099999456,0.000285714,-0.057142857
10.27940563,1.683147465,-2.68,0.099999456,0.000285714,-0.057142857
10.27043951,1.678719324,-2.685714286,0.099999456,0.000285714,-0.057142857
10.26144823,1.67434249,-2.691428571,0.099999456,0.000285714,-0.057142857
10.25243209,1.670017106,-2.697142857,0.099999456,0.000285714,-0.057142857
10.24339138,1.665743313,-2.702857143,0.099999456,0.000285714,-0.057142857
10.2343264,1.66152125,-2.708571429,0.099999456,0.000285714,-0.057142857
10.22523744,1.657351057,-2.714285714,0.099999456,0.000285714,-0.057142857
10.2161248,1.653232868,-2.72,0.099999456,0.000285714,-0.057142857
10.20698877,1.649166818,-2.725714286,0.099999456,0.000285714,-0.057142857
10.19782966,1.64515304,-2.731428571,0.099999456,0.000285714,-0.057142857
10.18864776,1.641191665,-2.737142857,0.099999456,0.000285714,-0.057142857
10.17944338,1.637282823,-2.742857143,0.099999456,0.000285714,-0.057142857
10.17021681,1.63342664,-2.748571429,0.099999456,0.000285714,-0.057142857
10.16096836,1.629623244,-2.754285714,0.099999456,0.000285714,-0.057142857
10.15169832,1.625872757,-2.76,0.099999456,0.000285714,-0.057142857
10.142407,1.622175303,-2.765714286,0.099999456,0.000285714,-0.057142857
10.13309471,1.618531003,-2.771428571,0.099999456,0.000285714,-0.057142857
10.12376174,1.614939975,-2.777142857,0.099999456,0.000285714,-0.057142857
10.11440841,1.611402336,-2.782857143,0.099999456,0.000285714,-0.057142857
10.10503502,1.607918202,-2.788571429,0.099999456,0.000285714,-0.057142857
10.09564186,1.604487688,-2.794285714,0.099999456,0.000285714,-0.057142857
10.08622926,1.601110904,-2.8,0.099999456,0.000285714,-0.057142857
10.07679752,1.597787961,-2.805714286,0.099999456,0.000285714,-0.057142857
10.06734694,1.594518968,-2.811428571,0.099999456,0.000285714,-0.057142857
10.05787784,1.591304031,-2.817142857,0.099999456,0.000285714,-0.057142857
10.04839052,1.588143256,-2.822857143,0.099999456,0.000285714,-0.057142857
10.03888529,1.585036745,-2.828571429,0.099999456,0.000285714,-0.057142857
10.02936247,1.5819846,-2.834285714,0.099999456,0.000285714,-0.057142857
10.01982236,1.578986921,-2.84,0.099999456,0.000285714,-0.057142857
10.01026528,1.576043806,-2.845714286,0.099999456,0.000285714,-0.057142857
10.00069154,1.57315535,-2.851428571,0.099999456,0.000285714,-0.057142857
9.991101449,1.570321648,-2.857142857,0.099999456,0.000285714,-0.057142857
9.981495321,1.567542792,-2.862857143,0.099999456,0.000285714,-0.057142857
9.971873471,1.564818874,-2.868571429,0.099999456,0.000285714,-0.057142857
9.962236213,1.562149982,-2.874285714,0.099999456,0.000285714,-0.057142857
9.952583862,1.559536203,-2.88,0.099999456,0.000285714,-0.057142857
9.942916732,1.556977623,-2.885714286,0.099999456,0.000285714,-0.057142857
9.93323514,1.554474325,-2.891428571,0.099999456,0.000285714,-0.057142857
9.923539401,1.552026391,-2.897142857,0.099999456,0.000285714,-0.057142857
9.913829833,1.549633901,-2.902857143,0.099999456,0.000285714,-0.057142857
9.904106752,1.547296933,-2.908571429,0.099999456,0.000285714,-0.057142857
9.894370475,1.545015564,-2.914285714,0.099999456,0.000285714,-0.057142857
9.884621321,1.542789867,-2.92,0.099999456,0.000285714,-0.057142857
9.874859608,1.540619915,-2.925714286,0.099999456,0.000285714,-0.057142857
9.865085655,1.53850578,-2.931428571,0.099999456,0.000285714,-0.057142857
9.855299781,1.536447531,-2.937142857,0.099999456,0.000285714,-0.057142857
9.845502305,1.534445233,-2.942857143,0.099999456,0.000285714,-0.057142857
9.835693548,1.532498954,-2.948571429,0.099999456,0.000285714,-0.057142857
9.825873829,1.530608757,-2.954285714,0.099999456,0.000285714,-0.057142857
9.816043469,1.528774702,-2.96,0.099999456,0.000285714,-0.057142857
9.806202789,1.526996851,-2.965714286,0.099999456,0.000285714,-0.057142857
9.796352111,1.525275261,-2.971428571,0.099999456,0.000285714,-0.057142857
9.786491757,1.523609988,-2.977142857,0.099999456,0.000285714,-0.057142857
9.776622047,1.522001087,-2.982857143,0.099999456,0.000285714,-0.057142857
9.766743305,1.52044861,-2.988571429,0.099999456,0.000285714,-0.057142857
9.756855853,1.518952609,-2.994285714,0.099999456,0.000285714,-0.057142857
9.746960014,1.517513131,-3,0.099999456,0.000285714,-0.057142857
9.737056111,1.516130224,-3.005714286,0.099999456,0.000285714,-0.057142857
9.727144467,1.514803933,-3.011428571,0.099999456,0.000285714,-0.057142857
9.717225407,1.513534301,-3.017142857,0.099999456,0.000285714,-0.057142857
9.707299253,1.51232137,-3.022857143,0.099999456,0.000285714,-0.057142857
9.69736633,1.51116518,-3.028571429,0.099999456,0.000285714,-0.057142857
9.687426963,1.510065767,-3.034285714,0.099999456,0.000285714,-0.057142857
9.677481476,1.509023169,-3.04,0.099999456,0.000285714,-0.057142857
9.667530194,1.508037419,-3.045714286,0.099999456,0.000285714,-0.057142857
9.657573441,1.507108549,-3.051428571,0.099999456,0.000285714,-0.057142857
9.647611542,1.506236589,-3.057142857,0.099999456,0.000285714,-0.057142857
9.637644824,1.505421569,-3.062857143,0.099999456,0.000285714,-0.057142857
9.627673612,1.504663514,-3.068571429,0.099999456,0.000285714,-0.057142857
9.61769823,1.50396245,-3.074285714,0.099999456,0.000285714,-0.057142857
9.607719006,1.503318399,-3.08,0.099999456,0.000285714,-0.057142857
9.597736263,1.502731382,-3.085714286,0.099999456,0.000285714,-0.057142857
9.58775033,1.502201419,-3.091428571,0.099999456,0.000285714,-0.057142857
9.577761531,1.501728527,-3.097142857,0.099999456,0.000285714,-0.057142857
9.567770193,1.501312721,-3.102857143,0.099999456,0.000285714,-0.057142857
9.557776642,1.500954014,-3.108571429,0.099999456,0.000285714,-0.057142857
9.547781205,1.50065242,-3.114285714,0.099999456,0.000285714,-0.057142857
9.537784208,1.500407947,-3.12,0.099999456,0.000285714,-0.057142857
9.527785976,1.500220603,-3.125714286,0.099999456,0.000285714,-0.057142857
9.517786838,1.500090394,-3.131428571,0.099999456,0.000285714,-0.057142857
9.507787118,1.500017326,-3.137142857,0.099999456,0.000285714,-0.057142857
9.497787118,1.500017326,-3.141592654,0.1,-1.22465E-17,-0.044497964
9.487787118,1.500017326,-3.141592654,0.1,-1.22465E-17,0
9.477787118,1.500017326,-3.141592654,0.1,-1.22465E-17,0
9.467787118,1.500017326,-3.141592654,0.1,-1.22465E-17,0
9.457787118,1.500017326,-3.141592654,0.1,-1.22465E-17,0
9.447787118,1.500017326,-3.141592654,0.1,-1.22465E-17,0
9.437787118,1.500017326,-3.141592654,0.1,-1.22465E-17,0
9.427787118,1.500017326,-3.141592654,0.1,-1.22465E-17,0
9.417787118,1.500017326,-3.141592654,0.1,-1.22465E-17,0
9.407787118,1.500017326,-3.141592654,0.1,-1.22465E-17,0
9.397787118,1.500017326,-3.141592654,0.1,-1.22465E-17,0
9.387787118,1.500017326,-3.141592654,0.1,-1.22465E-17,0
9.377787118,1.500017326,-3.141592654,0.1,-1.22465E-17,0
9.367787118,1.500017326,-3.141592654,0.1,-1.22465E-17,0
9.357787118,1.500017326,-3.141592654,0.1,-1.22465E-17,0
9.347787118,1.500017326,-3.141592654,0.1,-1.22465E-17,0
9.337787118,1.500017326,-3.141592654,0.1,-1.22465E-17,0
9.327787118,1.500017326,-3.141592654,0.1,-1.22465E-17,0
9.317787118,1.500017326,-3.141592654,0.1,-1.22465E-17,0
9.307787118,1.500017326,-3.141592654,0.1,-1.22465E-17,0
9.297787118,1.500017326,-3.141592654,0.1,-1.22465E-17,0
9.287787118,1.500017326,-3.141592654,0.1,-1.22465E-17,0
9.277787118,1.500017326,-3.141592654,0.1,-1.22465E-17,0
9.267787118,1.500017326,-3.141592654,0.1,-1.22465E-17,0
9.257787118,1.500017326,-3.141592654,0.1,-1.22465E-17,0
9.247787118,1.500017326,-3.141592654,0.1,-1.22465E-17,0
9.237787118,1.500017326,-3.141592654,0.1,-1.22465E-17,0
9.227787118,1.500017326,-3.141592654,0.1,-1.22465E-17,0
9.217787118,1.500017326,-3.141592654,0.1,-1.22465E-17,0
9.207787118,1.500017326,-3.141592654,0.1,-1.22465E-17,0
9.197787118,1.500017326,-3.141592654,0.1,-1.22465E-17,0
9.187787118,1.500017326,-3.141592654,0.1,-1.22465E-17,0
9.177787118,1.500017326,-3.141592654,0.1,-1.22465E-17,0
9.167787118,1.500017326,-3.141592654,0.1,-1.22465E-17,0
9.157787118,1.500017326,-3.141592654,0.1,-1.22465E-17,0
9.147787118,1.500017326,-3.141592654,0.1,-1.22465E-17,0
9.137787118,1.500017326,-3.141592654,0.1,-1.22465E-17,0
9.127787118,1.500017326,-3.141592654,0.1,-1.22465E-17,0
9.117787118,1.500017326,-3.141592654,0.1,-1.22465E-17,0
9.107787118,1.500017326,-3.141592654,0.1,-1.22465E-17,0
9.097787118,1.500017326,-3.141592654,0.1,-1.22465E-17,0
9.087787118,1.500017326,-3.141592654,0.1,-1.22465E-17,0
9.077787118,1.500017326,-3.141592654,0.1,-1.22465E-17,0
9.067787118,1.500017326,-3.141592654,0.1,-1.22465E-17,0
9.057787118,1.500017326,-3.141592654,0.1,-1.22465E-17,0
9.047787118,1.500017326,-3.141592654,0.1,-1.22465E-17,0
9.037787118,1.500017326,-3.141592654,0.1,-1.22465E-17,0
9.027787118,1.500017326,-3.141592654,0.1,-1.22465E-17,0
9.017787118,1.500017326,-3.141592654,0.1,-1.22465E-17,0
9.007787118,1.500017326,-3.141592654,0.1,-1.22465E-17,0
8.997787118,1.500017326,-3.141592654,0.1,-1.22465E-17,0
8.987787118,1.500017326,-3.141592654,0.1,-1.22465E-17,0
8.977787118,1.500017326,-3.141592654,0.1,-1.22465E-17,0
8.967787118,1.500017326,-3.141592654,0.1,-1.22465E-17,0
8.957787118,1.500017326,-3.141592654,0.1,-1.22465E-17,0
8.947787118,1.500017326,-3.141592654,0.1,-1.22465E-17,0
8.937787118,1.500017326,-3.141592654,0.1,-1.22465E-17,0
8.927787118,1.500017326,-3.141592654,0.1,-1.22465E-17,0
8.917787118,1.500017326,-3.141592654,0.1,-1.22465E-17,0
8.907787118,1.500017326,-3.141592654,0.1,-1.22465E-17,0
8.897787118,1.500017326,-3.141592654,0.1,-1.22465E-17,0
8.887787118,1.500017326,-3.141592654,0.1,-1.22465E-17,0
8.877787118,1.500017326,-3.141592654,0.1,-1.22465E-17,0
8.867787118,1.500017326,-3.141592654,0.1,-1.22465E-17,0
8.857787118,1.500017326,-3.141592654,0.1,-1.22465E-17,0
8.847787118,1.500017326,-3.141592654,0.1,-1.22465E-17,0
8.837787118,1.500017326,-3.141592654,0.1,-1.22465E-17,0
8.827787118,1.500017326,-3.141592654,0.1,-1.22465E-17,0
8.817787118,1.500017326,-3.141592654,0.1,-1.22465E-17,0
8.807787118,1.500017326,-3.141592654,0.1,-1.22465E-17,0
8.797787118,1.500017326,-3.141592654,0.1,-1.22465E-17,0
8.787787118,1.500017326,-3.141592654,0.1,-1.22465E-17,0
8.777787118,1.500017326,-3.141592654,0.1,-1.22465E-17,0
8.767787118,1.500017326,-3.141592654,0.1,-1.22465E-17,0
8.757787118,1.500017326,-3.141592654,0.1,-1.22465E-17,0
8.747787118,1.500017326,-3.141592654,0.1,-1.22465E-17,0
8.737787118,1.500017326,-3.141592654,0.1,-1.22465E-17,0
8.727787118,1.500017326,-3.141592654,0.1,-1.22465E-17,0
8.717787118,1.500017326,-3.141592654,0.1,-1.22465E-17,0
8.707787118,1.500017326,-3.141592654,0.1,-1.22465E-17,0
8.697787118,1.500017326,-3.141592654,0.1,-1.22465E-17,0
8.687787118,1.500017326,-3.141592654,0.1,-1.22465E-17,0
8.677787118,1.500017326,-3.141592654,0.1,-1.22465E-17,0
8.667787118,1.500017326,-3.141592654,0.1,-1.22465E-17,0
8.657787118,1.500017326,-3.141592654,0.1,-1.22465E-17,0
8.647787118,1.500017326,-3.141592654,0.1,-1.22465E-17,0
8.637787118,1.500017326,-3.141592654,0.1,-1.22465E-17,0
8.627787118,1.500017326,-3.141592654,0.1,-1.22465E-17,0
8.617787118,1.500017326,-3.141592654,0.1,-1.22465E-17,0
8.607787118,1.500017326,-3.141592654,0.1,-1.22465E-17,0
8.597787118,1.500017326,-3.141592654,0.1,-1.22465E-17,0
8.587787118,1.500017326,-3.141592654,0.1,-1.22465E-17,0
8.577787118,1.500017326,-3.141592654,0.1,-1.22465E-17,0
8.567787118,1.500017326,-3.141592654,0.1,-1.22465E-17,0
8.557787118,1.500017326,-3.141592654,0.1,-1.22465E-17,0
8.547787118,1.500017326,-3.141592654,0.1,-1.22465E-17,0
8.537787118,1.500017326,-3.141592654,0.1,-1.22465E-17,0
8.527787118,1.500017326,-3.141592654,0.1,-1.22465E-17,0
8.517787118,1.500017326,-3.141592654,0.1,-1.22465E-17,0
8.507787118,1.500017326,-3.141592654,0.1,-1.22465E-17,0
8.497787118,1.500017326,-3.141592654,0.1,-1.22465E-17,0
8.487787118,1.500017326,-3.141592654,0.1,-1.22465E-17,0
8.477787118,1.500017326,-3.141592654,0.1,-1.22465E-17,0
8.467787118,1.500017326,-3.141592654,0.1,-1.22465E-17,0
8.457787118,1.500017326,-3.141592654,0.1,-1.22465E-17,0
8.447787118,1.500017326,-3.141592654,0.1,-1.22465E-17,0
8.437787118,1.500017326,-3.141592654,0.1,-1.22465E-17,0
8.427787118,1.500017326,-3.141592654,0.1,-1.22465E-17,0
8.417787118,1.500017326,-3.141592654,0.1,-1.22465E-17,0
8.407787118,1.500017326,-3.141592654,0.1,-1.22465E-17,0
8.397787118,1.500017326,-3.141592654,0.1,-1.22465E-17,0
8.387787118,1.500017326,-3.141592654,0.1,-1.22465E-17,0
8.377787118,1.500017326,-3.141592654,0.1,-1.22465E-17,0
8.367787118,1.500017326,-3.141592654,0.1,-1.22465E-17,0
8.357787118,1.500017326,-3.141592654,0.1,-1.22465E-17,0
8.347787118,1.500017326,-3.141592654,0.1,-1.22465E-17,0
8.337787118,1.500017326,-3.141592654,0.1,-1.22465E-17,0
8.327787118,1.500017326,-3.141592654,0.1,-1.22465E-17,0
8.317787118,1.500017326,-3.141592654,0.1,-1.22465E-17,0
8.307787118,1.500017326,-3.141592654,0.1,-1.22465E-17,0
8.297787118,1.500017326,-3.141592654,0.1,-1.22465E-17,0
8.287787118,1.500017326,-3.141592654,0.1,-1.22465E-17,0
8.277787118,1.500017326,-3.141592654,0.1,-1.22465E-17,0
8.267787118,1.500017326,-3.141592654,0.1,-1.22465E-17,0
8.257787118,1.500017326,-3.141592654,0.1,-1.22465E-17,0
8.247787118,1.500017326,-3.141592654,0.1,-1.22465E-17,0
8.237787118,1.500017326,-3.141592654,0.1,-1.22465E-17,0
8.227787118,1.500017326,-3.141592654,0.1,-1.22465E-17,0
8.217787118,1.500017326,-3.141592654,0.1,-1.22465E-17,0
8.207787118,1.500017326,-3.141592654,0.1,-1.22465E-17,0
8.197787118,1.500017326,-3.141592654,0.1,-1.22465E-17,0
8.187787118,1.500017326,-3.141592654,0.1,-1.22465E-17,0
8.177787118,1.500017326,-3.141592654,0.1,-1.22465E-17,0
8.167787118,1.500017326,-3.141592654,0.1,-1.22465E-17,0
8.157787118,1.500017326,-3.141592654,0.1,-1.22465E-17,0
8.147787118,1.500017326,-3.141592654,0.1,-1.22465E-17,0
8.137787118,1.500017326,-3.141592654,0.1,-1.22465E-17,0
8.127787118,1.500017326,-3.141592654,0.1,-1.22465E-17,0
8.117787118,1.500017326,-3.141592654,0.1,-1.22465E-17,0
8.107787118,1.500017326,-3.141592654,0.1,-1.22465E-17,0
8.097787118,1.500017326,-3.141592654,0.1,-1.22465E-17,0
8.087787118,1.500017326,-3.141592654,0.1,-1.22465E-17,0
8.077787118,1.500017326,-3.141592654,0.1,-1.22465E-17,0
8.067787118,1.500017326,-3.141592654,0.1,-1.22465E-17,0
8.057787118,1.500017326,-3.141592654,0.1,-1.22465E-17,0
8.047787118,1.500017326,-3.141592654,0.1,-1.22465E-17,0
8.037787118,1.500017326,-3.141592654,0.1,-1.22465E-17,0
8.027787118,1.500017326,-3.141592654,0.1,-1.22465E-17,0
8.017787118,1.500017326,-3.141592654,0.1,-1.22465E-17,0
8.007787118,1.500017326,-3.141592654,0.1,-1.22465E-17,0
7.997787118,1.500017326,-3.141592654,0.1,-1.22465E-17,0
7.987787118,1.500017326,-3.141592654,0.1,-1.22465E-17,0
7.977787118,1.500017326,-3.141592654,0.1,-1.22465E-17,0
7.967787118,1.500017326,-3.141592654,0.1,-1.22465E-17,0
7.957787118,1.500017326,-3.141592654,0.1,-1.22465E-17,0
7.947787118,1.500017326,-3.141592654,0.1,-1.22465E-17,0
7.937787118,1.500017326,-3.141592654,0.1,-1.22465E-17,0
7.927787118,1.500017326,-3.141592654,0.1,-1.22465E-17,0
7.917787118,1.500017326,-3.141592654,0.1,-1.22465E-17,0
7.907787118,1.500017326,-3.141592654,0.1,-1.22465E-17,0
7.897787118,1.500017326,-3.141592654,0.1,-1.22465E-17,0
7.887787118,1.500017326,-3.141592654,0.1,-1.22465E-17,0
7.877787118,1.500017326,-3.141592654,0.1,-1.22465E-17,0
7.867787118,1.500017326,-3.141592654,0.1,-1.22465E-17,0
7.857787118,1.500017326,-3.141592654,0.1,-1.22465E-17,0
7.847787118,1.500017326,-3.141592654,0.1,-1.22465E-17,0
7.837787118,1.500017326,-3.141592654,0.1,-1.22465E-17,0
7.827787118,1.500017326,-3.141592654,0.1,-1.22465E-17,0
7.817787118,1.500017326,-3.141592654,0.1,-1.22465E-17,0
7.807787118,1.500017326,-3.141592654,0.1,-1.22465E-17,0
7.797787118,1.500017326,-3.141592654,0.1,-1.22465E-17,0
7.787787118,1.500017326,-3.141592654,0.1,-1.22465E-17,0
7.777787118,1.500017326,-3.141592654,0.1,-1.22465E-17,0
7.767787118,1.500017326,-3.141592654,0.1,-1.22465E-17,0
7.757787118,1.500017326,-3.141592654,0.1,-1.22465E-17,0
7.747787118,1.500017326,-3.141592654,0.1,-1.22465E-17,0
7.737787118,1.500017326,-3.141592654,0.1,-1.22465E-17,0
7.727787118,1.500017326,-3.141592654,0.1,-1.22465E-17,0
7.717787118,1.500017326,-3.141592654,0.1,-1.22465E-17,0
7.707787118,1.500017326,-3.141592654,0.1,-1.22465E-17,0
7.697787118,1.500017326,-3.141592654,0.1,-1.22465E-17,0
7.687787118,1.500017326,-3.141592654,0.1,-1.22465E-17,0
7.677787118,1.500017326,-3.141592654,0.1,-1.22465E-17,0
7.667787118,1.500017326,-3.141592654,0.1,-1.22465E-17,0
7.657787118,1.500017326,-3.141592654,0.1,-1.22465E-17,0
7.647787118,1.500017326,-3.141592654,0.1,-1.22465E-17,0
7.637787118,1.500017326,-3.141592654,0.1,-1.22465E-17,0
7.627787118,1.500017326,-3.141592654,0.1,-1.22465E-17,0
7.617787118,1.500017326,-3.141592654,0.1,-1.22465E-17,0
7.607787118,1.500017326,-3.141592654,0.1,-1.22465E-17,0
7.597787118,1.500017326,-3.141592654,0.1,-1.22465E-17,0
7.587787118,1.500017326,-3.141592654,0.1,-1.22465E-17,0
7.577787118,1.500017326,-3.141592654,0.1,-1.22465E-17,0
7.567787118,1.500017326,-3.141592654,0.1,-1.22465E-17,0
7.557787118,1.500017326,-3.141592654,0.1,-1.22465E-17,0
7.547787118,1.500017326,-3.141592654,0.1,-1.22465E-17,0
7.537787118,1.500017326,-3.141592654,0.1,-1.22465E-17,0
7.527787118,1.500017326,-3.141592654,0.1,-1.22465E-17,0
7.517787118,1.500017326,-3.141592654,0.1,-1.22465E-17,0
7.507787118,1.500017326,-3.141592654,0.1,-1.22465E-17,0
7.497787118,1.500017326,-3.141592654,0.1,-1.22465E-17,0
7.487787118,1.500017326,-3.141592654,0.1,-1.22465E-17,0
7.477787118,1.500017326,-3.141592654,0.1,-1.22465E-17,0
7.467787118,1.500017326,-3.141592654,0.1,-1.22465E-17,0
7.457787118,1.500017326,-3.141592654,0.1,-1.22465E-17,0
7.447787118,1.500017326,-3.141592654,0.1,-1.22465E-17,0
7.437787118,1.500017326,-3.141592654,0.1,-1.22465E-17,0
7.427787118,1.500017326,-3.141592654,0.1,-1.22465E-17,0
7.417787118,1.500017326,-3.141592654,0.1,-1.22465E-17,0
7.407787118,1.500017326,-3.141592654,0.1,-1.22465E-17,0
7.397787118,1.500017326,-3.141592654,0.1,-1.22465E-17,0
7.387787118,1.500017326,-3.141592654,0.1,-1.22465E-17,0
7.377787118,1.500017326,-3.141592654,0.1,-1.22465E-17,0
7.367787118,1.500017326,-3.141592654,0.1,-1.22465E-17,0
7.357787118,1.500017326,-3.141592654,0.1,-1.22465E-17,0
7.347787118,1.500017326,-3.141592654,0.1,-1.22465E-17,0
7.337787118,1.500017326,-3.141592654,0.1,-1.22465E-17,0
7.327787118,1.500017326,-3.141592654,0.1,-1.22465E-17,0
7.317787118,1.500017326,-3.141592654,0.1,-1.22465E-17,0
7.307787118,1.500017326,-3.141592654,0.1,-1.22465E-17,0
7.297787118,1.500017326,-3.141592654,0.1,-1.22465E-17,0
7.287787118,1.500017326,-3.141592654,0.1,-1.22465E-17,0
7.277787118,1.500017326,-3.141592654,0.1,-1.22465E-17,0
7.267787118,1.500017326,-3.141592654,0.1,-1.22465E-17,0
7.257787118,1.500017326,-3.141592654,0.1,-1.22465E-17,0
7.247787118,1.500017326,-3.141592654,0.1,-1.22465E-17,0
7.237787118,1.500017326,-3.141592654,0.1,-1.22465E-17,0
7.227787118,1.500017326,-3.141592654,0.1,-1.22465E-17,0
7.217787118,1.500017326,-3.141592654,0.1,-1.22465E-17,0
7.207787118,1.500017326,-3.141592654,0.1,-1.22465E-17,0
7.197787118,1.500017326,-3.141592654,0.1,-1.22465E-17,0
7.187787118,1.500017326,-3.141592654,0.1,-1.22465E-17,0
7.177787118,1.500017326,-3.141592654,0.1,-1.22465E-17,0
7.167787118,1.500017326,-3.141592654,0.1,-1.22465E-17,0
7.157787118,1.500017326,-3.141592654,0.1,-1.22465E-17,0
7.147787118,1.500017326,-3.141592654,0.1,-1.22465E-17,0
7.137787118,1.500017326,-3.141592654,0.1,-1.22465E-17,0
7.127787118,1.500017326,-3.141592654,0.1,-1.22465E-17,0
7.117787118,1.500017326,-3.141592654,0.1,-1.22465E-17,0
7.107787118,1.500017326,-3.141592654,0.1,-1.22465E-17,0
7.097787118,1.500017326,-3.141592654,0.1,-1.22465E-17,0
7.087787118,1.500017326,-3.141592654,0.1,-1.22465E-17,0
7.077787118,1.500017326,-3.141592654,0.1,-1.22465E-17,0
7.067787118,1.500017326,-3.141592654,0.1,-1.22465E-17,0
7.057787118,1.500017326,-3.141592654,0.1,-1.22465E-17,0
7.047787118,1.500017326,-3.141592654,0.1,-1.22465E-17,0
7.037787118,1.500017326,-3.141592654,0.1,-1.22465E-17,0
7.027787118,1.500017326,-3.141592654,0.1,-1.22465E-17,0
7.017787118,1.500017326,-3.141592654,0.1,-1.22465E-17,0
7.007787118,1.500017326,-3.141592654,0.1,-1.22465E-17,0
6.997787118,1.500017326,-3.141592654,0.1,-1.22465E-17,0
6.987787118,1.500017326,-3.141592654,0.1,-1.22465E-17,0
6.977787118,1.500017326,-3.141592654,0.1,-1.22465E-17,0
6.967787118,1.500017326,-3.141592654,0.1,-1.22465E-17,0
6.957787118,1.500017326,-3.141592654,0.1,-1.22465E-17,0
6.947787118,1.500017326,-3.141592654,0.1,-1.22465E-17,0
6.937787118,1.500017326,-3.141592654,0.1,-1.22465E-17,0
6.927787118,1.500017326,-3.141592654,0.1,-1.22465E-17,0
6.917787118,1.500017326,-3.141592654,0.1,-1.22465E-17,0
6.907787118,1.500017326,-3.141592654,0.1,-1.22465E-17,0
6.897787118,1.500017326,-3.141592654,0.1,-1.22465E-17,0
6.887787118,1.500017326,-3.141592654,0.1,-1.22465E-17,0
6.877787118,1.500017326,-3.141592654,0.1,-1.22465E-17,0
6.867787118,1.500017326,-3.141592654,0.1,-1.22465E-17,0
6.857787118,1.500017326,-3.141592654,0.1,-1.22465E-17,0
6.847787118,1.500017326,-3.141592654,0.1,-1.22465E-17,0
6.837787118,1.500017326,-3.141592654,0.1,-1.22465E-17,0
6.827787118,1.500017326,-3.141592654,0.1,-1.22465E-17,0
6.817787118,1.500017326,-3.141592654,0.1,-1.22465E-17,0
6.807787118,1.500017326,-3.141592654,0.1,-1.22465E-17,0
6.797787118,1.500017326,-3.141592654,0.1,-1.22465E-17,0
6.787787118,1.500017326,-3.141592654,0.1,-1.22465E-17,0
6.777787118,1.500017326,-3.141592654,0.1,-1.22465E-17,0
6.767787118,1.500017326,-3.141592654,0.1,-1.22465E-17,0
6.757787118,1.500017326,-3.141592654,0.1,-1.22465E-17,0
6.747787118,1.500017326,-3.141592654,0.1,-1.22465E-17,0
6.737787118,1.500017326,-3.141592654,0.1,-1.22465E-17,0
6.727787118,1.500017326,-3.141592654,0.1,-1.22465E-17,0
6.717787118,1.500017326,-3.141592654,0.1,-1.22465E-17,0
6.707787118,1.500017326,-3.141592654,0.1,-1.22465E-17,0
6.697787118,1.500017326,-3.141592654,0.1,-1.22465E-17,0
6.687787118,1.500017326,-3.141592654,0.1,-1.22465E-17,0
6.677787118,1.500017326,-3.141592654,0.1,-1.22465E-17,0
6.667787118,1.500017326,-3.141592654,0.1,-1.22465E-17,0
6.657787118,1.500017326,-3.141592654,0.1,-1.22465E-17,0
6.647787118,1.500017326,-3.141592654,0.1,-1.22465E-17,0
6.637787118,1.500017326,-3.141592654,0.1,-1.22465E-17,0
6.627787118,1.500017326,-3.141592654,0.1,-1.22465E-17,0
6.617787118,1.500017326,-3.141592654,0.1,-1.22465E-17,0
6.607787118,1.500017326,-3.141592654,0.1,-1.22465E-17,0
6.597787118,1.500017326,-3.141592654,0.1,-1.22465E-17,0
6.587787118,1.500017326,-3.141592654,0.1,-1.22465E-17,0
6.577787118,1.500017326,-3.141592654,0.1,-1.22465E-17,0
6.567787118,1.500017326,-3.141592654,0.1,-1.22465E-17,0
6.557787118,1.500017326,-3.141592654,0.1,-1.22465E-17,0
6.547787118,1.500017326,-3.141592654,0.1,-1.22465E-17,0
6.537787118,1.500017326,-3.141592654,0.1,-1.22465E-17,0
6.527787118,1.500017326,-3.141592654,0.1,-1.22465E-17,0
6.517787118,1.500017326,-3.141592654,0.1,-1.22465E-17,0
6.507787118,1.500017326,-3.141592654,0.1,-1.22465E-17,0
6.497787118,1.500017326,-3.141592654,0.1,-1.22465E-17,0
6.487787118,1.500017326,-3.141592654,0.1,-1.22465E-17,0
6.477787118,1.500017326,-3.141592654,0.1,-1.22465E-17,0
6.467787118,1.500017326,-3.141592654,0.1,-1.22465E-17,0
6.457787118,1.500017326,-3.141592654,0.1,-1.22465E-17,0
6.447787118,1.500017326,-3.141592654,0.1,-1.22465E-17,0
6.437787118,1.500017326,-3.141592654,0.1,-1.22465E-17,0
6.427787118,1.500017326,-3.141592654,0.1,-1.22465E-17,0
6.417787118,1.500017326,-3.141592654,0.1,-1.22465E-17,0
6.407787118,1.500017326,-3.141592654,0.1,-1.22465E-17,0
6.397787118,1.500017326,-3.141592654,0.1,-1.22465E-17,0
6.387787118,1.500017326,-3.141592654,0.1,-1.22465E-17,0
6.377787118,1.500017326,-3.141592654,0.1,-1.22465E-17,0
6.367787118,1.500017326,-3.141592654,0.1,-1.22465E-17,0
6.357787118,1.500017326,-3.141592654,0.1,-1.22465E-17,0
6.347787118,1.500017326,-3.141592654,0.1,-1.22465E-17,0
6.337787118,1.500017326,-3.141592654,0.1,-1.22465E-17,0
6.327787118,1.500017326,-3.141592654,0.1,-1.22465E-17,0
6.317787118,1.500017326,-3.141592654,0.1,-1.22465E-17,0
6.307787118,1.500017326,-3.141592654,0.1,-1.22465E-17,0
6.297787118,1.500017326,-3.141592654,0.1,-1.22465E-17,0
6.287787118,1.500017326,-3.141592654,0.1,-1.22465E-17,0
6.277787118,1.500017326,-3.141592654,0.1,-1.22465E-17,0
6.267787118,1.500017326,-3.141592654,0.1,-1.22465E-17,0
6.257787118,1.500017326,-3.141592654,0.1,-1.22465E-17,0
6.247787118,1.500017326,-3.141592654,0.1,-1.22465E-17,0
6.237787118,1.500017326,-3.141592654,0.1,-1.22465E-17,0
6.227787118,1.500017326,-3.141592654,0.1,-1.22465E-17,0
6.217787118,1.500017326,-3.141592654,0.1,-1.22465E-17,0
6.207787118,1.500017326,-3.141592654,0.1,-1.22465E-17,0
6.197787118,1.500017326,-3.141592654,0.1,-1.22465E-17,0
6.187787118,1.500017326,-3.141592654,0.1,-1.22465E-17,0
6.177787118,1.500017326,-3.141592654,0.1,-1.22465E-17,0
6.167787118,1.500017326,-3.141592654,0.1,-1.22465E-17,0
6.157787118,1.500017326,-3.141592654,0.1,-1.22465E-17,0
6.147787118,1.500017326,-3.141592654,0.1,-1.22465E-17,0
6.137787118,1.500017326,-3.141592654,0.1,-1.22465E-17,0
6.127787118,1.500017326,-3.141592654,0.1,-1.22465E-17,0
6.117787118,1.500017326,-3.141592654,0.1,-1.22465E-17,0
6.107787118,1.500017326,-3.141592654,0.1,-1.22465E-17,0
6.097787118,1.500017326,-3.141592654,0.1,-1.22465E-17,0
6.087787118,1.500017326,-3.141592654,0.1,-1.22465E-17,0
6.077787118,1.500017326,-3.141592654,0.1,-1.22465E-17,0
6.067787118,1.500017326,-3.141592654,0.1,-1.22465E-17,0
6.057787118,1.500017326,-3.141592654,0.1,-1.22465E-17,0
6.047787118,1.500017326,-3.141592654,0.1,-1.22465E-17,0
6.037787118,1.500017326,-3.141592654,0.1,-1.22465E-17,0
6.027787118,1.500017326,-3.141592654,0.1,-1.22465E-17,0
6.017787118,1.500017326,-3.141592654,0.1,-1.22465E-17,0
6.007787118,1.500017326,-3.141592654,0.1,-1.22465E-17,0
5.997787118,1.500017326,-3.141592654,0.1,-1.22465E-17,0
5.987787118,1.500017326,-3.141592654,0.1,-1.22465E-17,0
5.977787118,1.500017326,-3.141592654,0.1,-1.22465E-17,0
5.967787118,1.500017326,-3.141592654,0.1,-1.22465E-17,0
5.957787118,1.500017326,-3.141592654,0.1,-1.22465E-17,0
5.947787118,1.500017326,-3.141592654,0.1,-1.22465E-17,0
5.937787118,1.500017326,-3.141592654,0.1,-1.22465E-17,0
5.927787118,1.500017326,-3.141592654,0.1,-1.22465E-17,0
5.917787118,1.500017326,-3.141592654,0.1,-1.22465E-17,0
5.907787118,1.500017326,-3.141592654,0.1,-1.22465E-17,0
5.897787118,1.500017326,-3.141592654,0.1,-1.22465E-17,0
5.887787118,1.500017326,-3.141592654,0.1,-1.22465E-17,0
5.877787118,1.500017326,-3.141592654,0.1,-1.22465E-17,0
5.867787118,1.500017326,-3.141592654,0.1,-1.22465E-17,0
5.857787118,1.500017326,-3.141592654,0.1,-1.22465E-17,0
5.847787118,1.500017326,-3.141592654,0.1,-1.22465E-17,0
5.837787118,1.500017326,-3.141592654,0.1,-1.22465E-17,0
5.827787118,1.500017326,-3.141592654,0.1,-1.22465E-17,0
5.817787118,1.500017326,-3.141592654,0.1,-1.22465E-17,0
5.807787118,1.500017326,-3.141592654,0.1,-1.22465E-17,0
5.797787118,1.500017326,-3.141592654,0.1,-1.22465E-17,0
5.787787118,1.500017326,-3.141592654,0.1,-1.22465E-17,0
5.777787118,1.500017326,-3.141592654,0.1,-1.22465E-17,0
5.767787118,1.500017326,-3.141592654,0.1,-1.22465E-17,0
5.757787118,1.500017326,-3.141592654,0.1,-1.22465E-17,0
5.747787118,1.500017326,-3.141592654,0.1,-1.22465E-17,0
5.737787118,1.500017326,-3.141592654,0.1,-1.22465E-17,0
5.727787118,1.500017326,-3.141592654,0.1,-1.22465E-17,0
5.717787118,1.500017326,-3.141592654,0.1,-1.22465E-17,0
5.707787118,1.500017326,-3.141592654,0.1,-1.22465E-17,0
5.697787118,1.500017326,-3.141592654,0.1,-1.22465E-17,0
5.687787118,1.500017326,-3.141592654,0.1,-1.22465E-17,0
5.677787118,1.500017326,-3.141592654,0.1,-1.22465E-17,0
5.667787118,1.500017326,-3.141592654,0.1,-1.22465E-17,0
5.657787118,1.500017326,-3.141592654,0.1,-1.22465E-17,0
5.647787118,1.500017326,-3.141592654,0.1,-1.22465E-17,0
5.637787118,1.500017326,-3.141592654,0.1,-1.22465E-17,0
5.627787118,1.500017326,-3.141592654,0.1,-1.22465E-17,0
5.617787118,1.500017326,-3.141592654,0.1,-1.22465E-17,0
5.607787118,1.500017326,-3.141592654,0.1,-1.22465E-17,0
5.597787118,1.500017326,-3.141592654,0.1,-1.22465E-17,0
5.587787118,1.500017326,-3.141592654,0.1,-1.22465E-17,0
5.577787118,1.500017326,-3.141592654,0.1,-1.22465E-17,0
5.567787118,1.500017326,-3.141592654,0.1,-1.22465E-17,0
5.557787118,1.500017326,-3.141592654,0.1,-1.22465E-17,0
5.547787118,1.500017326,-3.141592654,0.1,-1.22465E-17,0
5.537787118,1.500017326,-3.141592654,0.1,-1.22465E-17,0
5.527787118,1.500017326,-3.141592654,0.1,-1.22465E-17,0
5.517787118,1.500017326,-3.141592654,0.1,-1.22465E-17,0
5.507787118,1.500017326,-3.141592654,0.1,-1.22465E-17,0
5.497787118,1.500017326,-3.141592654,0.1,-1.22465E-17,0
5.487787118,1.500017326,-3.141592654,0.1,-1.22465E-17,0
5.477787118,1.500017326,-3.141592654,0.1,-1.22465E-17,0
5.467787118,1.500017326,-3.141592654,0.1,-1.22465E-17,0
5.457787118,1.500017326,-3.141592654,0.1,-1.22465E-17,0
5.447787118,1.500017326,-3.141592654,0.1,-1.22465E-17,0
5.437787118,1.500017326,-3.141592654,0.1,-1.22465E-17,0
5.427787118,1.500017326,-3.141592654,0.1,-1.22465E-17,0
5.417787118,1.500017326,-3.141592654,0.1,-1.22465E-17,0
5.407787118,1.500017326,-3.141592654,0.1,-1.22465E-17,0
5.397787118,1.500017326,-3.141592654,0.1,-1.22465E-17,0
5.387787118,1.500017326,-3.141592654,0.1,-1.22465E-17,0
5.377787118,1.500017326,-3.141592654,0.1,-1.22465E-17,0
5.367787118,1.500017326,-3.141592654,0.1,-1.22465E-17,0
5.357787118,1.500017326,-3.141592654,0.1,-1.22465E-17,0
5.347787118,1.500017326,-3.141592654,0.1,-1.22465E-17,0
5.337787118,1.500017326,-3.141592654,0.1,-1.22465E-17,0
5.327787118,1.500017326,-3.141592654,0.1,-1.22465E-17,0
5.317787118,1.500017326,-3.141592654,0.1,-1.22465E-17,0
5.307787118,1.500017326,-3.141592654,0.1,-1.22465E-17,0
5.297787118,1.500017326,-3.141592654,0.1,-1.22465E-17,0
5.287787118,1.500017326,-3.141592654,0.1,-1.22465E-17,0
5.277787118,1.500017326,-3.141592654,0.1,-1.22465E-17,0
5.267787118,1.500017326,-3.141592654,0.1,-1.22465E-17,0
5.257787118,1.500017326,-3.141592654,0.1,-1.22465E-17,0
5.247787118,1.500017326,-3.141592654,0.1,-1.22465E-17,0
5.237787118,1.500017326,-3.141592654,0.1,-1.22465E-17,0
5.227787118,1.500017326,-3.141592654,0.1,-1.22465E-17,0
5.217787118,1.500017326,-3.141592654,0.1,-1.22465E-17,0
5.207787118,1.500017326,-3.141592654,0.1,-1.22465E-17,0
5.197787118,1.500017326,-3.141592654,0.1,-1.22465E-17,0
5.187787118,1.500017326,-3.141592654,0.1,-1.22465E-17,0
5.177787118,1.500017326,-3.141592654,0.1,-1.22465E-17,0
5.167787118,1.500017326,-3.141592654,0.1,-1.22465E-17,0
5.157787118,1.500017326,-3.141592654,0.1,-1.22465E-17,0
5.147787118,1.500017326,-3.141592654,0.1,-1.22465E-17,0
5.137787118,1.500017326,-3.141592654,0.1,-1.22465E-17,0
5.127787118,1.500017326,-3.141592654,0.1,-1.22465E-17,0
5.117787118,1.500017326,-3.141592654,0.1,-1.22465E-17,0
5.107787118,1.500017326,-3.141592654,0.1,-1.22465E-17,0
5.097787118,1.500017326,-3.141592654,0.1,-1.22465E-17,0
5.087787118,1.500017326,-3.141592654,0.1,-1.22465E-17,0
5.077787118,1.500017326,-3.141592654,0.1,-1.22465E-17,0
5.067787118,1.500017326,-3.141592654,0.1,-1.22465E-17,0
5.057787118,1.500017326,-3.141592654,0.1,-1.22465E-17,0
5.047787118,1.500017326,-3.141592654,0.1,-1.22465E-17,0
5.037787118,1.500017326,-3.141592654,0.1,-1.22465E-17,0
5.027787118,1.500017326,-3.141592654,0.1,-1.22465E-17,0
5.017787118,1.500017326,-3.141592654,0.1,-1.22465E-17,0
5.007787118,1.500017326,-3.141592654,0.1,-1.22465E-17,0
4.997787118,1.500017326,-3.141592654,0.1,-1.22465E-17,0
4.987787118,1.500017326,-3.141592654,0.1,-1.22465E-17,0
4.977787118,1.500017326,-3.141592654,0.1,-1.22465E-17,0
4.967787118,1.500017326,-3.141592654,0.1,-1.22465E-17,0
4.957787118,1.500017326,-3.141592654,0.1,-1.22465E-17,0
4.947787118,1.500017326,-3.141592654,0.1,-1.22465E-17,0
4.937787118,1.500017326,-3.141592654,0.1,-1.22465E-17,0
4.927787118,1.500017326,-3.141592654,0.1,-1.22465E-17,0
4.917787118,1.500017326,-3.141592654,0.1,-1.22465E-17,0
4.907787118,1.500017326,-3.141592654,0.1,-1.22465E-17,0
4.897787118,1.500017326,-3.141592654,0.1,-1.22465E-17,0
4.887787118,1.500017326,-3.141592654,0.1,-1.22465E-17,0
4.877787118,1.500017326,-3.141592654,0.1,-1.22465E-17,0
4.867787118,1.500017326,-3.141592654,0.1,-1.22465E-17,0
4.857787118,1.500017326,-3.141592654,0.1,-1.22465E-17,0
4.847787118,1.500017326,-3.141592654,0.1,-1.22465E-17,0
4.837787118,1.500017326,-3.141592654,0.1,-1.22465E-17,0
4.827787118,1.500017326,-3.141592654,0.1,-1.22465E-17,0
4.817787118,1.500017326,-3.141592654,0.1,-1.22465E-17,0
4.807787118,1.500017326,-3.141592654,0.1,-1.22465E-17,0
4.797787118,1.500017326,-3.141592654,0.1,-1.22465E-17,0
4.787787118,1.500017326,-3.141592654,0.1,-1.22465E-17,0
4.777787118,1.500017326,-3.141592654,0.1,-1.22465E-17,0
4.767787118,1.500017326,-3.141592654,0.1,-1.22465E-17,0
4.757787118,1.500017326,-3.141592654,0.1,-1.22465E-17,0
4.747787118,1.500017326,-3.141592654,0.1,-1.22465E-17,0
4.737787118,1.500017326,-3.141592654,0.1,-1.22465E-17,0
4.727787118,1.500017326,-3.141592654,0.1,-1.22465E-17,0
4.717787118,1.500017326,-3.141592654,0.1,-1.22465E-17,0
4.707787118,1.500017326,-3.141592654,0.1,-1.22465E-17,0
4.697787118,1.500017326,-3.141592654,0.1,-1.22465E-17,0
4.687787118,1.500017326,-3.141592654,0.1,-1.22465E-17,0
4.677787118,1.500017326,-3.141592654,0.1,-1.22465E-17,0
4.667787118,1.500017326,-3.141592654,0.1,-1.22465E-17,0
4.657787118,1.500017326,-3.141592654,0.1,-1.22465E-17,0
4.647787118,1.500017326,-3.141592654,0.1,-1.22465E-17,0
4.637787118,1.500017326,-3.141592654,0.1,-1.22465E-17,0
4.627787118,1.500017326,-3.141592654,0.1,-1.22465E-17,0
4.617787118,1.500017326,-3.141592654,0.1,-1.22465E-17,0
4.607787118,1.500017326,-3.141592654,0.1,-1.22465E-17,0
4.597787118,1.500017326,-3.141592654,0.1,-1.22465E-17,0
4.587787118,1.500017326,-3.141592654,0.1,-1.22465E-17,0
4.577787118,1.500017326,-3.141592654,0.1,-1.22465E-17,0
4.567787118,1.500017326,-3.141592654,0.1,-1.22465E-17,0
4.557787118,1.500017326,-3.141592654,0.1,-1.22465E-17,0
4.547787118,1.500017326,-3.141592654,0.1,-1.22465E-17,0
4.537787118,1.500017326,-3.141592654,0.1,-1.22465E-17,0
4.527787118,1.500017326,-3.141592654,0.1,-1.22465E-17,0
4.517787118,1.500017326,-3.141592654,0.1,-1.22465E-17,0
4.507787118,1.500017326,-3.141592654,0.1,-1.22465E-17,0
4.497787118,1.500017326,-3.141592654,0.1,-1.22465E-17,0
4.487787118,1.500017326,-3.141592654,0.1,-1.22465E-17,0
4.477787118,1.500017326,-3.141592654,0.1,-1.22465E-17,0
4.467787118,1.500017326,-3.141592654,0.1,-1.22465E-17,0
4.457787118,1.500017326,-3.141592654,0.1,-1.22465E-17,0
4.447787118,1.500017326,-3.141592654,0.1,-1.22465E-17,0
4.437787118,1.500017326,-3.141592654,0.1,-1.22465E-17,0
4.427787118,1.500017326,-3.141592654,0.1,-1.22465E-17,0
4.417787118,1.500017326,-3.141592654,0.1,-1.22465E-17,0
4.407787118,1.500017326,-3.141592654,0.1,-1.22465E-17,0
4.397787118,1.500017326,-3.141592654,0.1,-1.22465E-17,0
4.387787118,1.500017326,-3.141592654,0.1,-1.22465E-17,0
4.377787118,1.500017326,-3.141592654,0.1,-1.22465E-17,0
4.367787118,1.500017326,-3.141592654,0.1,-1.22465E-17,0
4.357787118,1.500017326,-3.141592654,0.1,-1.22465E-17,0
4.347787118,1.500017326,-3.141592654,0.1,-1.22465E-17,0
4.337787118,1.500017326,-3.141592654,0.1,-1.22465E-17,0
4.327787118,1.500017326,-3.141592654,0.1,-1.22465E-17,0
4.317787118,1.500017326,-3.141592654,0.1,-1.22465E-17,0
4.307787118,1.500017326,-3.141592654,0.1,-1.22465E-17,0
4.297787118,1.500017326,-3.141592654,0.1,-1.22465E-17,0
4.287787118,1.500017326,-3.141592654,0.1,-1.22465E-17,0
4.277787118,1.500017326,-3.141592654,0.1,-1.22465E-17,0
4.267787118,1.500017326,-3.141592654,0.1,-1.22465E-17,0
4.257787118,1.500017326,-3.141592654,0.1,-1.22465E-17,0
4.247787118,1.500017326,-3.141592654,0.1,-1.22465E-17,0
4.237787118,1.500017326,-3.141592654,0.1,-1.22465E-17,0
4.227787118,1.500017326,-3.141592654,0.1,-1.22465E-17,0
4.217787118,1.500017326,-3.141592654,0.1,-1.22465E-17,0
4.207787118,1.500017326,-3.141592654,0.1,-1.22465E-17,0
4.197787118,1.500017326,-3.141592654,0.1,-1.22465E-17,0
4.187787118,1.500017326,-3.141592654,0.1,-1.22465E-17,0
4.177787118,1.500017326,-3.141592654,0.1,-1.22465E-17,0
4.167787118,1.500017326,-3.141592654,0.1,-1.22465E-17,0
4.157787118,1.500017326,-3.141592654,0.1,-1.22465E-17,0
4.147787118,1.500017326,-3.141592654,0.1,-1.22465E-17,0
4.137787118,1.500017326,-3.141592654,0.1,-1.22465E-17,0
4.127787118,1.500017326,-3.141592654,0.1,-1.22465E-17,0
4.117787118,1.500017326,-3.141592654,0.1,-1.22465E-17,0
4.107787118,1.500017326,-3.141592654,0.1,-1.22465E-17,0
4.097787118,1.500017326,-3.141592654,0.1,-1.22465E-17,0
4.087787118,1.500017326,-3.141592654,0.1,-1.22465E-17,0
4.077787118,1.500017326,-3.141592654,0.1,-1.22465E-17,0
4.067787118,1.500017326,-3.141592654,0.1,-1.22465E-17,0
4.057787118,1.500017326,-3.141592654,0.1,-1.22465E-17,0
4.047787118,1.500017326,-3.141592654,0.1,-1.22465E-17,0
4.037787118,1.500017326,-3.141592654,0.1,-1.22465E-17,0
4.027787118,1.500017326,-3.141592654,0.1,-1.22465E-17,0
4.017787118,1.500017326,-3.141592654,0.1,-1.22465E-17,0
4.007787118,1.500017326,-3.141592654,0.1,-1.22465E-17,0
3.997787118,1.500017326,-3.141592654,0.1,-1.22465E-17,0
3.987787118,1.500017326,-3.141592654,0.1,-1.22465E-17,0
3.977787118,1.500017326,-3.141592654,0.1,-1.22465E-17,0
3.967787118,1.500017326,-3.141592654,0.1,-1.22465E-17,0
3.957787118,1.500017326,-3.141592654,0.1,-1.22465E-17,0
3.947787118,1.500017326,-3.141592654,0.1,-1.22465E-17,0
3.937787118,1.500017326,-3.141592654,0.1,-1.22465E-17,0
3.927787118,1.500017326,-3.141592654,0.1,-1.22465E-17,0
3.917787118,1.500017326,-3.141592654,0.1,-1.22465E-17,0
3.907787118,1.500017326,-3.141592654,0.1,-1.22465E-17,0
3.897787118,1.500017326,-3.141592654,0.1,-1.22465E-17,0
3.887787118,1.500017326,-3.141592654,0.1,-1.22465E-17,0
3.877787118,1.500017326,-3.141592654,0.1,-1.22465E-17,0
3.867787118,1.500017326,-3.141592654,0.1,-1.22465E-17,0
3.857787118,1.500017326,-3.141592654,0.1,-1.22465E-17,0
3.847787118,1.500017326,-3.141592654,0.1,-1.22465E-17,0
3.837787118,1.500017326,-3.141592654,0.1,-1.22465E-17,0
3.827787118,1.500017326,-3.141592654,0.1,-1.22465E-17,0
3.817787118,1.500017326,-3.141592654,0.1,-1.22465E-17,0
3.807787118,1.500017326,-3.141592654,0.1,-1.22465E-17,0
3.797787118,1.500017326,-3.141592654,0.1,-1.22465E-17,0
3.787787118,1.500017326,-3.141592654,0.1,-1.22465E-17,0
3.777787118,1.500017326,-3.141592654,0.1,-1.22465E-17,0
3.767787118,1.500017326,-3.141592654,0.1,-1.22465E-17,0
3.757787118,1.500017326,-3.141592654,0.1,-1.22465E-17,0
3.747787118,1.500017326,-3.141592654,0.1,-1.22465E-17,0
3.737787118,1.500017326,-3.141592654,0.1,-1.22465E-17,0
3.727787118,1.500017326,-3.141592654,0.1,-1.22465E-17,0
3.717787118,1.500017326,-3.141592654,0.1,-1.22465E-17,0
3.707787118,1.500017326,-3.141592654,0.1,-1.22465E-17,0
3.697787118,1.500017326,-3.141592654,0.1,-1.22465E-17,0
3.687787118,1.500017326,-3.141592654,0.1,-1.22465E-17,0
3.677787118,1.500017326,-3.141592654,0.1,-1.22465E-17,0
3.667787118,1.500017326,-3.141592654,0.1,-1.22465E-17,0
3.657787118,1.500017326,-3.141592654,0.1,-1.22465E-17,0
3.647787118,1.500017326,-3.141592654,0.1,-1.22465E-17,0
3.637787118,1.500017326,-3.141592654,0.1,-1.22465E-17,0
3.627787118,1.500017326,-3.141592654,0.1,-1.22465E-17,0
3.617787118,1.500017326,-3.141592654,0.1,-1.22465E-17,0
3.607787118,1.500017326,-3.141592654,0.1,-1.22465E-17,0
3.597787118,1.500017326,-3.141592654,0.1,-1.22465E-17,0
3.587787118,1.500017326,-3.141592654,0.1,-1.22465E-17,0
3.577787118,1.500017326,-3.141592654,0.1,-1.22465E-17,0
3.567787118,1.500017326,-3.141592654,0.1,-1.22465E-17,0
3.557787118,1.500017326,-3.141592654,0.1,-1.22465E-17,0
3.547787118,1.500017326,-3.141592654,0.1,-1.22465E-17,0
3.537787118,1.500017326,-3.141592654,0.1,-1.22465E-17,0
3.527787118,1.500017326,-3.141592654,0.1,-1.22465E-17,0
3.517787118,1.500017326,-3.141592654,0.1,-1.22465E-17,0
3.507787118,1.500017326,-3.141592654,0.1,-1.22465E-17,0
3.497787118,1.500017326,-3.141592654,0.1,-1.22465E-17,0
3.487787118,1.500017326,-3.141592654,0.1,-1.22465E-17,0
3.477787118,1.500017326,-3.141592654,0.1,-1.22465E-17,0
3.467787118,1.500017326,-3.141592654,0.1,-1.22465E-17,0
3.457787118,1.500017326,-3.141592654,0.1,-1.22465E-17,0
3.447787118,1.500017326,-3.141592654,0.1,-1.22465E-17,0
3.437787118,1.500017326,-3.141592654,0.1,-1.22465E-17,0
3.427787118,1.500017326,-3.141592654,0.1,-1.22465E-17,0
3.417787118,1.500017326,-3.141592654,0.1,-1.22465E-17,0
3.407787118,1.500017326,-3.141592654,0.1,-1.22465E-17,0
3.397787118,1.500017326,-3.141592654,0.1,-1.22465E-17,0
3.387787118,1.500017326,-3.141592654,0.1,-1.22465E-17,0
3.377787118,1.500017326,-3.141592654,0.1,-1.22465E-17,0
3.367787118,1.500017326,-3.141592654,0.1,-1.22465E-17,0
3.357787118,1.500017326,-3.141592654,0.1,-1.22465E-17,0
3.347787118,1.500017326,-3.141592654,0.1,-1.22465E-17,0
3.337787118,1.500017326,-3.141592654,0.1,-1.22465E-17,0
3.327787118,1.500017326,-3.141592654,0.1,-1.22465E-17,0
3.317787118,1.500017326,-3.141592654,0.1,-1.22465E-17,0
3.307787118,1.500017326,-3.141592654,0.1,-1.22465E-17,0
3.297787118,1.500017326,-3.141592654,0.1,-1.22465E-17,0
3.287787118,1.500017326,-3.141592654,0.1,-1.22465E-17,0
3.277787118,1.500017326,-3.141592654,0.1,-1.22465E-17,0
3.267787118,1.500017326,-3.141592654,0.1,-1.22465E-17,0
3.257787118,1.500017326,-3.141592654,0.1,-1.22465E-17,0
3.247787118,1.500017326,-3.141592654,0.1,-1.22465E-17,0
3.237787118,1.500017326,-3.141592654,0.1,-1.22465E-17,0
3.227787118,1.500017326,-3.141592654,0.1,-1.22465E-17,0
3.217787118,1.500017326,-3.141592654,0.1,-1.22465E-17,0
3.207787118,1.500017326,-3.141592654,0.1,-1.22465E-17,0
3.197787118,1.500017326,-3.141592654,0.1,-1.22465E-17,0
3.187787118,1.500017326,-3.141592654,0.1,-1.22465E-17,0
3.177787118,1.500017326,-3.141592654,0.1,-1.22465E-17,0
3.167787118,1.500017326,-3.141592654,0.1,-1.22465E-17,0
3.157787118,1.500017326,-3.141592654,0.1,-1.22465E-17,0
3.147787118,1.500017326,-3.141592654,0.1,-1.22465E-17,0
3.137787118,1.500017326,-3.141592654,0.1,-1.22465E-17,0
3.127787118,1.500017326,-3.141592654,0.1,-1.22465E-17,0
3.117787118,1.500017326,-3.141592654,0.1,-1.22465E-17,0
3.107787118,1.500017326,-3.141592654,0.1,-1.22465E-17,0
3.097787118,1.500017326,-3.141592654,0.1,-1.22465E-17,0
3.087787118,1.500017326,-3.141592654,0.1,-1.22465E-17,0
3.077787118,1.500017326,-3.141592654,0.1,-1.22465E-17,0
3.067787118,1.500017326,-3.141592654,0.1,-1.22465E-17,0
3.057787118,1.500017326,-3.141592654,0.1,-1.22465E-17,0
3.047787118,1.500017326,-3.141592654,0.1,-1.22465E-17,0
3.037787118,1.500017326,-3.141592654,0.1,-1.22465E-17,0
3.027787118,1.500017326,-3.141592654,0.1,-1.22465E-17,0
3.017787118,1.500017326,-3.141592654,0.1,-1.22465E-17,0
3.007787118,1.500017326,-3.141592654,0.1,-1.22465E-17,0
2.997787118,1.500017326,-3.141592654,0.1,-1.22465E-17,0
2.987787118,1.500017326,-3.141592654,0.1,-1.22465E-17,0
2.977787118,1.500017326,-3.141592654,0.1,-1.22465E-17,0
2.967787118,1.500017326,-3.141592654,0.1,-1.22465E-17,0
2.957787118,1.500017326,-3.141592654,0.1,-1.22465E-17,0
2.947787118,1.500017326,-3.141592654,0.1,-1.22465E-17,0
2.937787118,1.500017326,-3.141592654,0.1,-1.22465E-17,0
2.927787118,1.500017326,-3.141592654,0.1,-1.22465E-17,0
2.917787118,1.500017326,-3.141592654,0.1,-1.22465E-17,0
2.907787118,1.500017326,-3.141592654,0.1,-1.22465E-17,0
2.897787118,1.500017326,-3.141592654,0.1,-1.22465E-17,0
2.887787118,1.500017326,-3.141592654,0.1,-1.22465E-17,0
2.877787118,1.500017326,-3.141592654,0.1,-1.22465E-17,0
2.867787118,1.500017326,-3.141592654,0.1,-1.22465E-17,0
2.857787118,1.500017326,-3.141592654,0.1,-1.22465E-17,0
2.847787118,1.500017326,-3.141592654,0.1,-1.22465E-17,0
2.837787118,1.500017326,-3.141592654,0.1,-1.22465E-17,0
2.827787118,1.500017326,-3.141592654,0.1,-1.22465E-17,0
2.817787118,1.500017326,-3.141592654,0.1,-1.22465E-17,0
2.807787118,1.500017326,-3.141592654,0.1,-1.22465E-17,0
2.797787118,1.500017326,-3.141592654,0.1,-1.22465E-17,0
2.787787118,1.500017326,-3.141592654,0.1,-1.22465E-17,0
2.777787118,1.500017326,-3.141592654,0.1,-1.22465E-17,0
2.767787118,1.500017326,-3.141592654,0.1,-1.22465E-17,0
2.757787118,1.500017326,-3.141592654,0.1,-1.22465E-17,0
2.747787118,1.500017326,-3.141592654,0.1,-1.22465E-17,0
2.737787118,1.500017326,-3.141592654,0.1,-1.22465E-17,0
2.727787118,1.500017326,-3.141592654,0.1,-1.22465E-17,0
2.717787118,1.500017326,-3.141592654,0.1,-1.22465E-17,0
2.707787118,1.500017326,-3.141592654,0.1,-1.22465E-17,0
2.697787118,1.500017326,-3.141592654,0.1,-1.22465E-17,0
2.687787118,1.500017326,-3.141592654,0.1,-1.22465E-17,0
2.677787118,1.500017326,-3.141592654,0.1,-1.22465E-17,0
2.667787118,1.500017326,-3.141592654,0.1,-1.22465E-17,0
2.657787118,1.500017326,-3.141592654,0.1,-1.22465E-17,0
2.647787118,1.500017326,-3.141592654,0.1,-1.22465E-17,0
2.637787118,1.500017326,-3.141592654,0.1,-1.22465E-17,0
2.627787118,1.500017326,-3.141592654,0.1,-1.22465E-17,0
2.617787118,1.500017326,-3.141592654,0.1,-1.22465E-17,0
2.607787118,1.500017326,-3.141592654,0.1,-1.22465E-17,0
2.597787118,1.500017326,-3.141592654,0.1,-1.22465E-17,0
2.587787118,1.500017326,-3.141592654,0.1,-1.22465E-17,0
2.577787118,1.500017326,-3.141592654,0.1,-1.22465E-17,0
2.567787118,1.500017326,-3.141592654,0.1,-1.22465E-17,0
2.557787118,1.500017326,-3.141592654,0.1,-1.22465E-17,0
2.547787118,1.500017326,-3.141592654,0.1,-1.22465E-17,0
2.537787118,1.500017326,-3.141592654,0.1,-1.22465E-17,0
2.527787118,1.500017326,-3.141592654,0.1,-1.22465E-17,0
2.517787118,1.500017326,-3.141592654,0.1,-1.22465E-17,0
2.507787118,1.500017326,-3.141592654,0.1,-1.22465E-17,0
2.497787118,1.500017326,-3.141592654,0.1,-1.22465E-17,0
2.487787118,1.500017326,-3.141592654,0.1,-1.22465E-17,0
2.477787118,1.500017326,-3.141592654,0.1,-1.22465E-17,0
2.467787118,1.500017326,-3.141592654,0.1,-1.22465E-17,0
2.457787118,1.500017326,-3.141592654,0.1,-1.22465E-17,0
2.447787118,1.500017326,-3.141592654,0.1,-1.22465E-17,0
2.437787118,1.500017326,-3.141592654,0.1,-1.22465E-17,0
2.427787118,1.500017326,-3.141592654,0.1,-1.22465E-17,0
2.417787118,1.500017326,-3.141592654,0.1,-1.22465E-17,0
2.407787118,1.500017326,-3.141592654,0.1,-1.22465E-17,0
2.397787118,1.500017326,-3.141592654,0.1,-1.22465E-17,0
2.387787118,1.500017326,-3.141592654,0.1,-1.22465E-17,0
2.377787118,1.500017326,-3.141592654,0.1,-1.22465E-17,0
2.367787118,1.500017326,-3.141592654,0.1,-1.22465E-17,0
2.357787118,1.500017326,-3.141592654,0.1,-1.22465E-17,0
2.347787118,1.500017326,-3.141592654,0.1,-1.22465E-17,0
2.337787118,1.500017326,-3.141592654,0.1,-1.22465E-17,0
2.327787118,1.500017326,-3.141592654,0.1,-1.22465E-17,0
2.317787118,1.500017326,-3.141592654,0.1,-1.22465E-17,0
2.307787118,1.500017326,-3.141592654,0.1,-1.22465E-17,0
2.297787118,1.500017326,-3.141592654,0.1,-1.22465E-17,0
2.287787118,1.500017326,-3.141592654,0.1,-1.22465E-17,0
2.277787118,1.500017326,-3.141592654,0.1,-1.22465E-17,0
2.267787118,1.500017326,-3.141592654,0.1,-1.22465E-17,0
2.257787118,1.500017326,-3.141592654,0.1,-1.22465E-17,0
2.247787118,1.500017326,-3.141592654,0.1,-1.22465E-17,0
2.237787118,1.500017326,-3.141592654,0.1,-1.22465E-17,0
2.227787118,1.500017326,-3.141592654,0.1,-1.22465E-17,0
2.217787118,1.500017326,-3.141592654,0.1,-1.22465E-17,0
2.207787118,1.500017326,-3.141592654,0.1,-1.22465E-17,0
2.197787118,1.500017326,-3.141592654,0.1,-1.22465E-17,0
2.187787118,1.500017326,-3.141592654,0.1,-1.22465E-17,0
2.177787118,1.500017326,-3.141592654,0.1,-1.22465E-17,0
2.167787118,1.500017326,-3.141592654,0.1,-1.22465E-17,0
2.157787118,1.500017326,-3.141592654,0.1,-1.22465E-17,0
2.147787118,1.500017326,-3.141592654,0.1,-1.22465E-17,0
2.137787118,1.500017326,-3.141592654,0.1,-1.22465E-17,0
2.127787118,1.500017326,-3.141592654,0.1,-1.22465E-17,0
2.117787118,1.500017326,-3.141592654,0.1,-1.22465E-17,0
2.107787118,1.500017326,-3.141592654,0.1,-1.22465E-17,0
2.097787118,1.500017326,-3.141592654,0.1,-1.22465E-17,0
2.087787118,1.500017326,-3.141592654,0.1,-1.22465E-17,0
2.077787118,1.500017326,-3.141592654,0.1,-1.22465E-17,0
2.067787118,1.500017326,-3.141592654,0.1,-1.22465E-17,0
2.057787118,1.500017326,-3.141592654,0.1,-1.22465E-17,0
2.047787118,1.500017326,-3.141592654,0.1,-1.22465E-17,0
2.037787118,1.500017326,-3.141592654,0.1,-1.22465E-17,0
2.027787118,1.500017326,-3.141592654,0.1,-1.22465E-17,0
2.017787118,1.500017326,-3.141592654,0.1,-1.22465E-17,0
2.007787118,1.500017326,-3.141592654,0.1,-1.22465E-17,0
1.997787118,1.500017326,-3.141592654,0.1,-1.22465E-17,0
1.987787118,1.500017326,-3.141592654,0.1,-1.22465E-17,0
1.977787118,1.500017326,-3.141592654,0.1,-1.22465E-17,0
1.967787118,1.500017326,-3.141592654,0.1,-1.22465E-17,0
1.957787118,1.500017326,-3.141592654,0.1,-1.22465E-17,0
1.947787118,1.500017326,-3.141592654,0.1,-1.22465E-17,0
1.937787118,1.500017326,-3.141592654,0.1,-1.22465E-17,0
1.927787118,1.500017326,-3.141592654,0.1,-1.22465E-17,0
1.917787118,1.500017326,-3.141592654,0.1,-1.22465E-17,0
1.907787118,1.500017326,-3.141592654,0.1,-1.22465E-17,0
1.897787118,1.500017326,-3.141592654,0.1,-1.22465E-17,0
1.887787118,1.500017326,-3.141592654,0.1,-1.22465E-17,0
1.877787118,1.500017326,-3.141592654,0.1,-1.22465E-17,0
1.867787118,1.500017326,-3.141592654,0.1,-1.22465E-17,0
1.857787118,1.500017326,-3.141592654,0.1,-1.22465E-17,0
1.847787118,1.500017326,-3.141592654,0.1,-1.22465E-17,0
1.837787118,1.500017326,-3.141592654,0.1,-1.22465E-17,0
1.827787118,1.500017326,-3.141592654,0.1,-1.22465E-17,0
1.817787118,1.500017326,-3.141592654,0.1,-1.22465E-17,0
1.807787118,1.500017326,-3.141592654,0.1,-1.22465E-17,0
1.797787118,1.500017326,-3.141592654,0.1,-1.22465E-17,0
1.787787118,1.500017326,-3.141592654,0.1,-1.22465E-17,0
1.777787118,1.500017326,-3.141592654,0.1,-1.22465E-17,0
1.767787118,1.500017326,-3.141592654,0.1,-1.22465E-17,0
1.757787118,1.500017326,-3.141592654,0.1,-1.22465E-17,0
1.747787118,1.500017326,-3.141592654,0.1,-1.22465E-17,0
1.737787118,1.500017326,-3.141592654,0.1,-1.22465E-17,0
1.727787118,1.500017326,-3.141592654,0.1,-1.22465E-17,0
1.717787118,1.500017326,-3.141592654,0.1,-1.22465E-17,0
1.707787118,1.500017326,-3.141592654,0.1,-1.22465E-17,0
1.697787118,1.500017326,-3.141592654,0.1,-1.22465E-17,0
1.687787118,1.500017326,-3.141592654,0.1,-1.22465E-17,0
1.677787118,1.500017326,-3.141592654,0.1,-1.22465E-17,0
1.667787118,1.500017326,-3.141592654,0.1,-1.22465E-17,0
1.657787118,1.500017326,-3.141592654,0.1,-1.22465E-17,0
1.647787118,1.500017326,-3.141592654,0.1,-1.22465E-17,0
1.637787118,1.500017326,-3.141592654,0.1,-1.22465E-17,0
1.627787118,1.500017326,-3.141592654,0.1,-1.22465E-17,0
1.617787118,1.500017326,-3.141592654,0.1,-1.22465E-17,0
1.607787118,1.500017326,-3.141592654,0.1,-1.22465E-17,0
1.597787118,1.500017326,-3.141592654,0.1,-1.22465E-17,0
1.587787118,1.500017326,-3.141592654,0.1,-1.22465E-17,0
1.577787118,1.500017326,-3.141592654,0.1,-1.22465E-17,0
1.567787118,1.500017326,-3.141592654,0.1,-1.22465E-17,0
1.557787118,1.500017326,-3.141592654,0.1,-1.22465E-17,0
1.547787118,1.500017326,-3.141592654,0.1,-1.22465E-17,0
1.537787118,1.500017326,-3.141592654,0.1,-1.22465E-17,0
1.527787118,1.500017326,-3.141592654,0.1,-1.22465E-17,0
1.517787118,1.500017326,-3.141592654,0.1,-1.22465E-17,0
1.507787118,1.500017326,-3.141592654,0.1,-1.22465E-17,0
1.507787118,1.500017326,-3.141592654,0,0,0
1.507787118,1.500017326,-3.141592654,0,0,0
1.507787118,1.500017326,-3.141592654,0,0,0
1.507787118,1.500017326,-3.141592654,0,0,0
1.507787118,1.500017326,-3.141592654,0,0,0
1.507787118,1.500017326,-3.141592654,0,0,0
1.507787118,1.500017326,-3.141592654,0,0,0
1.507787118,1.500017326,-3.141592654,0,0,0
1.507787118,1.500017326,-3.141592654,0,0,0
1.507787118,1.500017326,-3.141592654,0,0,0
1.507787118,1.500017326,-3.141592654,0,0,0
1.507787118,1.500017326,-3.141592654,0,0,0
1.507787118,1.500017326,-3.141592654,0,0,0
1.507787118,1.500017326,-3.141592654,0,0,0
1.507787118,1.500017326,-3.141592654,0,0,0
1.507787118,1.500017326,-3.141592654,0,0,0
1.507787118,1.500017326,-3.141592654,0,0,0
1.507787118,1.500017326,-3.141592654,0,0,0
1.507787118,1.500017326,-3.141592654,0,0,0
1.507787118,1.500017326,-3.141592654,0,0,0
1.507787118,1.500017326,-3.141592654,0,0,0
1.507787118,1.500017326,-3.141592654,0,0,0
1.507787118,1.500017326,-3.141592654,0,0,0
1.507787118,1.500017326,-3.141592654,0,0,0
1.507787118,1.500017326,-3.141592654,0,0,0
1.507787118,1.500017326,-3.141592654,0,0,0
1.507787118,1.500017326,-3.141592654,0,0,0
1.507787118,1.500017326,-3.141592654,0,0,0
1.507787118,1.500017326,-3.141592654,0,0,0
1.507787118,1.500017326,-3.141592654,0,0,0
1.507787118,1.500017326,-3.141592654,0,0,0
1.507787118,1.500017326,-3.141592654,0,0,0
1.507787118,1.500017326,-3.141592654,0,0,0
1.507787118,1.500017326,-3.141592654,0,0,0
1.507787118,1.500017326,-3.141592654,0,0,0
1.507787118,1.500017326,-3.141592654,0,0,0
1.507787118,1.500017326,-3.141592654,0,0,0
1.507787118,1.500017326,-3.141592654,0,0,0
1.507787118,1.500017326,-3.141592654,0,0,0
1.507787118,1.500017326,-3.141592654,0,0,0
1.507787118,1.500017326,-3.141592654,0,0,0
1.507787118,1.500017326,-3.141592654,0,0,0
1.507787118,1.500017326,-3.141592654,0,0,0
1.507787118,1.500017326,-3.141592654,0,0,0
1.507787118,1.500017326,-3.141592654,0,0,0
1.507787118,1.500017326,-3.141592654,0,0,0
1.507787118,1.500017326,-3.141592654,0,0,0
1.507787118,1.500017326,-3.141592654,0,0,0
1.507787118,1.500017326,-3.141592654,0,0,0
1.507787118,1.500017326,-3.141592654,0,0,0
1.507787118,1.500017326,-3.141592654,0,0,0
1.507787118,1.500017326,-3.141592654,0,0,0
1.507787118,1.500017326,-3.141592654,0,0,0
1.507787118,1.500017326,-3.141592654,0,0,0
1.507787118,1.500017326,-3.141592654,0,0,0
1.507787118,1.500017326,-3.141592654,0,0,0
1.507787118,1.500017326,-3.141592654,0,0,0
1.507787118,1.500017326,-3.141592654,0,0,0
1.507787118,1.500017326,-3.141592654,0,0,0
1.507787118,1.500017326,-3.141592654,0,0,0
1.507787118,1.500017326,-3.141592654,0,0,0
1.507787118,1.500017326,-3.141592654,0,0,0
1.507787118,1.500017326,-3.141592654,0,0,0
1.507787118,1.500017326,-3.141592654,0,0,0
1.507787118,1.500017326,-3.141592654,0,0,0
1.507787118,1.500017326,-3.141592654,0,0,0
1.507787118,1.500017326,-3.141592654,0,0,0
1.507787118,1.500017326,-3.141592654,0,0,0
1.507787118,1.500017326,-3.141592654,0,0,0
1.507787118,1.500017326,-3.141592654,0,0,0
1.507787118,1.500017326,-3.141592654,0,0,0
1.507787118,1.500017326,-3.141592654,0,0,0
1.507787118,1.500017326,-3.141592654,0,0,0
1.507787118,1.500017326,-3.141592654,0,0,0
1.507787118,1.500017326,-3.141592654,0,0,0
1.507787118,1.500017326,-3.141592654,0,0,0
1.507787118,1.500017326,-3.141592654,0,0,0
1.507787118,1.500017326,-3.141592654,0,0,0
1.507787118,1.500017326,-3.141592654,0,0,0
1.507787118,1.500017326,-3.141592654,0,0,0
1.507787118,1.500017326,-3.141592654,0,0,0
1.507787118,1.500017326,-3.141592654,0,0,0
1.507787118,1.500017326,-3.141592654,0,0,0
1.507787118,1.500017326,-3.141592654,0,0,0
1.507787118,1.500017326,-3.141592654,0,0,0
1.507787118,1.500017326,-3.141592654,0,0,0
1.507787118,1.500017326,-3.141592654,0,0,0
1.507787118,1.500017326,-3.141592654,0,0,0
1.507787118,1.500017326,-3.141592654,0,0,0
1.507787118,1.500017326,-3.141592654,0,0,0
1.507787118,1.500017326,-3.141592654,0,0,0
1.507787118,1.500017326,-3.141592654,0,0,0
1.507787118,1.500017326,-3.141592654,0,0,0
1.507787118,1.500017326,-3.141592654,0,0,0
1.507787118,1.500017326,-3.141592654,0,0,0
1.507787118,1.500017326,-3.141592654,0,0,0
1.507787118,1.500017326,-3.141592654,0,0,0
1.507787118,1.500017326,-3.141592654,0,0,0
1.507787118,1.500017326,-3.141592654,0,0,0
1.507787118,1.500017326,-3.141592654,0,0,0
1.507787118,1.500017326,-3.141592654,0,0,0
1.507787118,1.500017326,-3.141592654,0,0,0
1.507787118,1.500017326,-3.141592654,0,0,0
1.507787118,1.500017326,-3.141592654,0,0,0
1.507787118,1.500017326,-3.141592654,0,0,0
1.507787118,1.500017326,-3.141592654,0,0,0
1.507787118,1.500017326,-3.141592654,0,0,0
1.507787118,1.500017326,-3.141592654,0,0,0
1.507787118,1.500017326,-3.141592654,0,0,0
1.507787118,1.500017326,-3.141592654,0,0,0
1.507787118,1.500017326,-3.141592654,0,0,0
1.507787118,1.500017326,-3.141592654,0,0,0
1.507787118,1.500017326,-3.141592654,0,0,0
1.507787118,1.500017326,-3.141592654,0,0,0
1.507787118,1.500017326,-3.141592654,0,0,0
1.507787118,1.500017326,-3.141592654,0,0,0
1.507787118,1.500017326,-3.141592654,0,0,0
1.507787118,1.500017326,-3.141592654,0,0,0
1.507787118,1.500017326,-3.141592654,0,0,0
1.507787118,1.500017326,-3.141592654,0,0,0
1.507787118,1.500017326,-3.141592654,0,0,0
1.507787118,1.500017326,-3.141592654,0,0,0
1.507787118,1.500017326,-3.141592654,0,0,0
1.507787118,1.500017326,-3.141592654,0,0,0
1.507787118,1.500017326,-3.141592654,0,0,0
1.507787118,1.500017326,-3.141592654,0,0,0
1.507787118,1.500017326,-3.141592654,0,0,0
1.507787118,1.500017326,-3.141592654,0,0,0
1.507787118,1.500017326,-3.141592654,0,0,0
1.507787118,1.500017326,-3.141592654,0,0,0
1.507787118,1.500017326,-3.141592654,0,0,0
